JobTitle,Company Size,company_Industry,Country,Remote Type,Exp. Level,Years_Experience,Education  Level,Skills - Python,Skills - SQL,Skills - ML,Skills-DeepLearning,skills_Cloud,Posting Month,posting_Year,Hiring Urgency,Total_Skills,advanced_skill_score,ai_specialist,exp_per_skill,experience_intensity,ml_cloud_combination,job_title_popularity,industry_frequency,premium_candidate,Salary (USD)
2,2,2,7,0,1,4.0,0,1,1,0,0,0,10,2024,1,2,3,0,2.0,12.0,0,1626,1595,0,61640.0
4,0,0,5,0,3,8.0,0,1,0,1,1,1,1,2023,1,4,12,1,2.0,96.0,1,1661,1567,0,138483.0
2,2,5,4,0,2,8.0,1,1,1,1,1,1,11,2022,1,5,13,1,1.6,104.0,1,1626,1494,0,119038.0
4,0,1,1,3,1,7.0,0,1,1,0,1,0,6,2022,1,3,7,0,2.333333333333333,49.0,0,1661,1531,0,66667.0
5,1,4,2,0,2,10.0,2,0,1,1,0,1,6,2025,1,3,7,0,3.333333333333333,70.0,1,1682,1611,0,153801.0
2,3,5,4,3,2,9.2,0,0,1,1,1,0,4,2026,1,3,8,1,3.0666666666666664,73.6,0,1626,1494,0,121207.0
0,0,0,2,1,1,13.0,1,0,1,1,1,1,3,2020,1,4,11,1,3.25,143.0,1,1679,1567,0,129839.0
1,0,1,5,1,2,8.0,0,1,0,0,1,0,7,2020,1,2,6,0,4.0,48.0,0,1714,1531,0,108655.0
1,0,5,6,0,1,4.0,0,1,1,1,0,1,3,2023,1,4,9,0,1.0,36.0,1,1714,1494,0,90732.0
0,3,3,1,0,0,0.0,2,0,1,1,0,1,4,2020,1,3,7,0,0.0,0.0,1,1679,1551,0,116440.0
3,3,5,2,2,1,10.0,2,0,0,1,0,0,5,2020,1,1,3,0,10.0,30.0,0,1623,1494,0,88138.0
2,0,1,1,1,3,3.0,2,0,1,1,1,0,1,2023,1,3,8,1,1.0,24.0,0,1626,1531,0,111764.0
0,0,3,0,3,3,13.0,0,0,0,0,0,1,9,2026,1,1,3,0,13.0,39.0,0,1679,1551,0,148152.0
4,2,0,6,2,3,7.0,2,0,0,1,1,1,10,2022,1,3,10,1,2.333333333333333,70.0,1,1661,1567,0,142844.0
0,2,2,2,0,2,4.0,0,1,0,0,0,1,8,2025,1,2,5,0,2.0,20.0,0,1679,1595,0,129245.0
2,0,0,3,0,3,6.0,0,0,1,0,1,0,3,2022,1,2,5,0,3.0,30.0,0,1626,1567,0,128754.0
1,2,2,3,0,3,11.0,1,0,0,0,1,1,1,2024,1,2,7,0,5.5,77.0,0,1714,1595,0,124500.0
1,1,0,2,2,4,0.0,1,1,0,1,1,1,5,2021,0,4,12,1,0.0,0.0,1,1714,1567,0,141647.0
4,1,4,6,1,2,2.0,0,0,1,1,0,1,2,2025,0,3,7,0,0.6666666666666666,14.0,1,1661,1611,0,97655.0
5,0,1,3,1,3,10.0,1,1,0,1,0,0,8,2025,0,2,5,0,5.0,50.0,0,1682,1531,0,141282.0
4,2,1,2,2,1,7.0,2,0,1,0,1,0,2,2024,0,2,5,0,3.5,35.0,0,1661,1531,1,202887.5
0,0,2,7,2,3,13.0,1,0,1,0,1,0,4,2023,0,2,5,0,6.5,65.0,0,1679,1595,0,159460.0
1,0,6,0,3,1,6.0,1,0,0,0,0,1,3,2022,0,1,3,0,6.0,18.0,0,1714,676,0,61640.0
0,1,5,0,2,1,12.0,0,0,0,0,0,1,3,2024,0,1,3,0,12.0,36.0,0,1679,1494,0,95822.0
0,1,0,6,2,3,0.0,2,0,1,1,1,1,11,2024,0,4,11,1,0.0,0.0,1,1679,1567,1,176770.0
1,0,1,6,0,2,4.0,2,0,1,1,0,1,11,2024,0,3,7,0,1.3333333333333333,28.0,1,1714,1531,0,118721.0
5,1,1,3,0,2,1.0,1,0,1,0,1,1,6,2024,0,3,8,0,0.3333333333333333,8.0,0,1682,1531,0,138200.0
2,1,6,0,0,2,1.0,0,1,0,1,1,0,9,2025,0,3,9,1,0.3333333333333333,9.0,0,1626,676,0,109404.0
0,0,1,0,2,2,2.0,2,0,0,1,0,0,9,2025,0,1,3,0,2.0,6.0,0,1679,1531,0,138624.0
5,0,5,0,0,2,7.0,2,0,0,1,1,1,1,2026,0,3,10,1,2.333333333333333,70.0,1,1682,1494,0,154152.0
3,0,2,7,0,1,0.0,1,1,0,0,1,1,7,2024,1,3,9,0,0.0,0.0,0,1623,1595,0,113873.0
2,0,4,3,1,3,2.0,0,1,0,1,0,0,6,2023,1,2,5,0,1.0,10.0,0,1626,1611,0,116040.0
1,0,4,0,0,3,1.0,1,0,1,0,0,1,1,2026,1,2,4,0,0.5,4.0,0,1714,1611,0,109141.0
4,0,4,0,3,2,13.0,0,1,1,1,1,0,1,2024,1,4,10,1,3.25,130.0,0,1661,1611,0,123754.0
0,1,0,2,1,3,7.0,0,0,0,0,1,0,10,2026,1,1,4,0,7.0,28.0,0,1679,1567,0,159436.0
3,2,5,3,1,3,7.0,1,0,1,0,0,1,11,2022,1,2,4,0,3.5,28.0,0,1623,1494,0,113873.0
2,0,5,1,1,3,14.6,1,1,1,1,1,1,1,2026,1,5,13,1,2.92,189.8,1,1626,1494,0,144990.0
4,1,1,7,0,3,6.0,0,0,0,0,0,1,6,2020,1,1,3,0,6.0,18.0,0,1661,1531,0,106500.0
2,0,5,2,0,3,2.0,2,1,0,1,0,1,6,2024,1,3,8,0,0.6666666666666666,16.0,1,1626,1494,0,124847.0
4,0,1,4,1,3,3.8,3,0,0,0,1,1,7,2021,1,2,7,0,1.9,26.6,0,1661,1531,0,126375.0
3,0,4,5,1,1,5.0,1,1,1,1,1,1,12,2024,1,5,13,1,1.0,65.0,1,1623,1611,0,93679.0
3,1,4,2,2,3,7.0,1,0,0,0,1,1,1,2022,1,2,7,0,3.5,49.0,0,1623,1611,0,128648.0
3,1,2,2,0,2,14.0,1,1,0,1,1,1,10,2024,1,4,12,1,3.5,168.0,1,1623,1595,0,113873.0
2,0,5,6,0,2,7.0,1,0,0,0,0,1,10,2022,1,1,3,0,7.0,21.0,0,1626,1494,0,61640.0
4,2,0,0,2,2,6.0,1,1,1,1,0,1,7,2022,1,4,9,0,1.5,54.0,1,1661,1567,0,104352.0
2,0,5,3,1,2,2.0,1,0,1,1,1,1,11,2026,1,4,11,1,0.5,22.0,1,1626,1494,0,130874.0
3,0,3,2,1,1,12.0,2,1,0,0,1,1,11,2026,1,3,9,0,4.0,108.0,0,1623,1551,0,95432.0
1,1,2,4,3,1,8.0,1,0,0,0,1,0,10,2020,1,1,4,0,8.0,32.0,0,1714,1595,0,66241.0
4,0,6,5,1,3,12.0,0,0,0,1,1,1,2,2021,1,3,10,1,4.0,120.0,1,1661,676,1,163092.0
1,0,0,2,1,3,7.0,0,0,1,1,0,0,3,2024,1,2,4,0,3.5,28.0,0,1714,1567,0,129372.0
2,0,1,0,0,2,5.0,2,1,1,1,0,0,6,2024,1,3,6,0,1.6666666666666667,30.0,0,1626,1531,0,108403.0
5,2,3,5,1,1,3.0,0,0,0,1,1,0,6,2026,1,2,7,1,1.5,21.0,0,1682,1551,0,122732.0
5,1,4,2,1,2,6.0,0,1,1,0,0,1,7,2024,1,3,6,0,2.0,36.0,0,1682,1611,0,124300.0
0,0,4,5,1,3,11.0,2,1,1,1,1,0,12,2021,1,4,10,1,2.75,110.0,0,1679,1611,1,171518.0
5,2,3,7,0,3,8.0,2,0,1,1,0,1,4,2022,1,3,7,0,2.6666666666666665,56.0,1,1682,1551,0,162147.0
2,1,0,2,2,2,6.5,0,1,1,1,1,1,8,2020,1,5,13,1,1.3,84.5,1,1626,1567,1,202887.5
3,1,4,3,0,3,10.0,0,0,1,0,0,1,11,2025,1,2,4,0,5.0,40.0,0,1623,1611,0,112458.0
1,2,2,7,2,1,7.0,2,0,0,1,0,0,1,2026,0,1,3,0,7.0,21.0,0,1714,1595,0,76600.0
0,0,4,2,3,2,0.0,3,0,0,0,1,1,12,2022,0,2,7,0,0.0,0.0,0,1679,1611,1,164036.0
4,0,4,4,2,1,11.0,1,1,1,1,0,0,5,2026,0,3,6,0,3.6666666666666665,66.0,0,1661,1611,0,72011.0
3,2,0,6,1,1,7.0,1,0,1,1,0,1,1,2024,0,3,7,0,2.333333333333333,49.0,1,1623,1567,0,75598.0
5,2,5,1,2,3,7.0,2,0,1,1,1,1,1,2020,0,4,11,1,1.75,77.0,1,1682,1494,0,159309.0
3,0,0,0,0,1,6.0,0,1,1,1,0,1,6,2026,1,4,9,0,1.5,54.0,1,1623,1567,0,92244.0
4,1,5,5,0,1,1.0,0,1,1,1,1,0,10,2026,1,4,10,1,0.25,10.0,0,1661,1494,1,202887.5
0,0,2,6,0,3,4.0,0,0,1,1,0,1,10,2021,1,3,7,0,1.3333333333333333,28.0,1,1679,1595,1,181500.0
5,1,3,3,0,2,0.0,0,0,1,0,0,0,2,2026,1,1,1,0,0.0,0.0,0,1682,1551,0,132444.0
4,0,5,2,2,1,1.0,0,0,0,1,0,1,2,2026,0,2,6,0,0.5,6.0,1,1661,1494,0,80161.0
4,0,3,2,2,2,7.0,1,0,1,1,0,1,11,2022,0,3,7,0,2.333333333333333,49.0,1,1661,1551,0,124584.0
3,0,0,0,1,1,9.0,2,0,1,1,1,1,1,2021,0,4,11,1,2.25,99.0,1,1623,1567,0,89456.0
3,0,0,3,0,2,10.0,0,0,1,0,1,0,12,2024,2,2,5,0,5.0,50.0,0,1623,1567,0,113336.0
4,1,6,6,1,3,7.0,0,0,1,0,0,1,10,2026,2,2,4,0,3.5,28.0,0,1661,676,0,110975.0
4,0,6,4,1,1,0.0,1,1,0,0,1,0,10,2021,2,2,6,0,0.0,0.0,0,1661,676,0,87357.0
4,0,0,4,1,2,7.0,1,1,0,0,1,1,2,2024,2,3,9,0,2.333333333333333,63.0,0,1661,1567,0,119057.0
4,2,3,0,2,3,12.0,2,0,1,0,0,0,11,2025,2,1,1,0,12.0,12.0,0,1661,1551,0,113873.0
4,0,5,5,0,1,13.0,1,0,0,1,0,0,6,2025,0,1,3,0,13.0,39.0,0,1661,1494,0,87294.0
4,2,4,5,1,1,2.0,2,0,1,1,0,1,5,2024,0,3,7,0,0.6666666666666666,14.0,1,1661,1611,0,70512.0
5,0,4,3,0,1,9.0,3,0,1,0,0,1,9,2023,0,2,4,0,4.5,36.0,0,1682,1611,0,118439.0
5,0,3,0,0,3,7.0,1,0,1,1,0,0,10,2024,0,2,4,0,3.5,28.0,0,1682,1551,0,158079.0
3,2,6,3,1,2,7.0,1,0,1,1,1,1,10,2020,0,4,11,1,1.75,77.0,1,1623,676,0,117539.0
1,0,4,3,1,1,14.0,1,0,0,1,1,1,5,2021,0,3,10,1,4.666666666666667,140.0,1,1714,1611,0,90935.0
1,2,4,1,0,2,10.0,2,0,1,1,0,1,1,2025,2,3,7,0,3.333333333333333,70.0,1,1714,1611,0,97987.0
2,0,1,5,2,1,5.0,1,1,0,0,0,1,1,2025,2,2,5,0,2.5,25.0,0,1626,1531,0,84465.0
4,0,1,7,1,2,10.0,1,1,1,1,0,1,11,2025,2,4,9,0,2.5,90.0,1,1661,1531,0,99220.0
0,0,4,2,1,1,2.0,1,1,0,0,0,0,5,2023,2,1,2,0,2.0,4.0,0,1679,1611,0,90659.0
4,0,1,0,1,1,6.0,0,0,1,1,0,0,8,2022,1,2,4,0,3.0,24.0,0,1661,1531,0,88058.0
2,0,5,7,0,3,5.0,0,0,0,0,1,0,8,2022,1,1,4,0,5.0,20.0,0,1626,1494,0,114695.0
3,2,2,4,0,2,14.0,0,0,1,0,1,1,8,2022,1,3,8,0,4.666666666666667,112.0,0,1623,1595,0,97024.0
2,1,2,2,2,4,9.0,2,1,1,1,0,1,1,2020,1,4,9,0,2.25,81.0,1,1626,1595,0,97028.0
4,3,5,0,0,1,14.0,0,0,1,1,1,1,3,2025,1,4,11,1,3.5,154.0,1,1661,1494,0,91837.0
2,0,3,3,0,3,6.0,2,0,1,0,0,0,6,2020,1,1,1,0,6.0,6.0,0,1626,1551,0,100290.0
3,2,0,3,1,2,7.0,0,1,1,1,0,1,1,2020,1,4,9,0,1.75,63.0,1,1623,1567,0,104916.0
1,2,4,0,1,3,7.0,0,0,0,0,0,1,1,2025,1,1,3,0,7.0,21.0,0,1714,1611,0,97336.0
4,1,4,0,2,3,7.0,2,0,0,1,1,1,7,2026,1,3,10,1,2.333333333333333,70.0,1,1661,1611,0,134891.0
3,3,3,3,2,1,10.0,1,0,1,0,1,1,9,2022,1,3,8,0,3.333333333333333,80.0,0,1623,1551,0,78475.0
1,0,2,6,2,3,5.0,0,0,1,1,1,1,4,2020,0,4,11,1,1.25,55.0,1,1714,1595,0,113873.0
5,0,2,0,1,3,2.9,3,1,1,1,1,1,4,2025,0,5,13,1,0.58,37.7,1,1682,1595,1,177554.0
3,1,2,1,0,1,3.0,2,0,0,1,0,1,12,2025,0,2,6,0,1.5,18.0,1,1623,1595,0,74209.0
2,0,5,0,0,2,12.0,2,0,1,0,0,1,5,2020,0,2,4,0,6.0,48.0,0,1626,1494,0,91949.0
2,0,3,3,1,1,7.0,1,0,1,0,0,0,6,2022,0,1,1,0,7.0,7.0,0,1626,1551,0,113873.0
4,0,5,3,1,1,6.3,2,1,1,1,0,1,9,2026,1,4,9,0,1.575,56.7,1,1661,1494,0,72485.0
1,0,5,5,2,2,12.0,1,1,0,1,0,1,8,2020,1,3,8,0,4.0,96.0,1,1714,1494,0,103008.0
2,0,5,5,0,3,0.0,0,1,0,0,0,1,2,2021,1,2,5,0,0.0,0.0,0,1626,1494,1,202887.5
1,0,3,6,1,1,7.0,1,1,0,1,0,1,10,2021,0,3,8,0,2.333333333333333,56.0,1,1714,1551,0,83418.0
2,2,5,2,0,3,4.0,1,1,0,1,0,0,10,2021,0,2,5,0,2.0,20.0,0,1626,1494,0,111931.0
2,0,3,2,2,2,0.0,0,0,1,1,0,1,1,2021,0,3,7,0,0.0,0.0,1,1626,1551,0,98595.0
2,0,0,2,2,2,9.0,1,1,1,0,0,1,9,2020,0,3,6,0,3.0,54.0,0,1626,1567,0,101846.0
3,0,0,2,0,1,10.0,2,0,1,0,1,1,8,2022,0,3,8,0,3.333333333333333,80.0,0,1623,1567,0,90421.0
2,0,2,5,2,1,13.0,2,0,0,0,0,1,11,2022,0,1,3,0,13.0,39.0,0,1626,1595,0,61640.0
5,1,0,2,0,1,7.0,2,0,0,0,1,0,6,2026,0,1,4,0,7.0,28.0,0,1682,1567,0,61640.0
1,2,4,0,1,2,10.0,1,1,1,0,0,1,8,2020,0,3,6,0,3.333333333333333,60.0,0,1714,1611,0,83659.0
0,1,3,4,1,1,6.0,1,0,1,0,0,0,10,2022,0,1,1,0,6.0,6.0,0,1679,1551,0,86234.0
5,0,0,5,1,2,9.0,0,0,0,1,0,0,4,2022,0,1,3,0,9.0,27.0,0,1682,1567,0,133105.0
5,0,1,5,2,2,6.0,2,1,1,0,0,1,2,2026,0,3,6,0,2.0,36.0,0,1682,1531,0,61640.0
4,0,5,0,2,0,7.0,3,1,1,1,0,1,11,2022,0,4,9,0,1.75,63.0,1,1661,1494,0,91688.0
0,2,5,2,2,3,0.3,0,1,1,1,0,0,8,2026,0,3,6,0,0.0999999999999999,1.7999999999999998,0,1679,1494,0,139350.0
0,2,0,5,1,2,10.0,2,0,0,0,0,1,9,2026,0,1,3,0,10.0,30.0,0,1679,1567,0,128333.0
2,0,3,1,3,2,13.0,3,1,1,0,1,0,4,2020,0,3,7,0,4.333333333333333,91.0,0,1626,1551,1,202887.5
4,1,1,7,2,2,10.0,2,0,1,0,0,1,8,2020,2,2,4,0,5.0,40.0,0,1661,1531,0,80865.0
4,2,3,1,1,1,14.0,0,0,0,1,0,0,7,2020,2,1,3,0,14.0,42.0,0,1661,1551,0,64797.0
2,1,0,3,2,2,9.0,0,0,1,0,0,0,6,2022,2,1,1,0,9.0,9.0,0,1626,1567,0,77133.0
4,1,2,4,2,3,11.0,0,0,0,1,1,0,9,2023,0,2,7,1,5.5,77.0,0,1661,1595,0,131279.0
5,0,5,0,1,1,3.0,2,1,1,1,0,0,4,2023,0,3,6,0,1.0,18.0,0,1682,1494,0,141422.0
5,2,3,2,1,3,0.0,0,0,1,0,1,1,1,2021,1,3,8,0,0.0,0.0,0,1682,1551,1,166069.0
4,0,4,3,1,2,9.0,0,0,0,1,0,1,5,2020,1,2,6,0,4.5,54.0,1,1661,1611,0,119063.0
0,3,5,1,1,1,9.0,1,1,1,1,1,0,3,2026,1,4,10,1,2.25,90.0,0,1679,1494,0,116841.0
1,1,0,4,1,1,7.0,1,1,0,1,0,1,1,2020,1,3,8,0,2.333333333333333,56.0,1,1714,1567,0,79945.0
1,2,5,0,2,3,7.0,0,0,1,1,1,0,1,2022,1,3,8,1,2.333333333333333,56.0,0,1714,1494,0,128572.0
5,2,4,6,1,2,4.0,0,1,1,1,0,0,12,2020,1,3,6,0,1.3333333333333333,24.0,0,1682,1611,0,129918.0
3,0,2,5,0,1,11.0,1,1,1,1,1,1,11,2020,1,5,13,1,2.2,143.0,1,1623,1595,0,94345.0
4,3,0,1,0,2,4.4,1,1,0,1,1,1,1,2026,1,4,12,1,1.1,52.8,1,1661,1567,0,118944.0
5,1,3,1,0,3,12.0,3,0,1,1,0,0,11,2020,1,2,4,0,6.0,48.0,0,1682,1551,0,113873.0
4,2,2,4,2,3,8.0,2,0,1,0,0,1,9,2023,1,2,4,0,4.0,32.0,0,1661,1595,0,126446.0
0,0,1,5,1,1,12.0,1,1,0,1,0,0,7,2023,2,2,5,0,6.0,60.0,0,1679,1531,0,105828.0
3,1,1,6,1,3,11.0,1,1,1,1,0,1,1,2026,2,4,9,0,2.75,99.0,1,1623,1531,0,120001.0
4,1,3,4,1,1,7.0,1,0,1,1,0,0,1,2026,2,2,4,0,3.5,28.0,0,1661,1551,0,61653.0
5,0,2,5,1,1,4.0,0,0,1,0,1,1,1,2026,0,3,8,0,1.3333333333333333,32.0,0,1682,1595,0,118723.0
2,0,1,5,1,1,13.0,1,1,1,0,1,1,10,2020,0,4,10,0,3.25,130.0,0,1626,1531,0,99955.0
0,0,0,7,2,2,3.0,1,1,0,0,1,0,10,2026,0,2,6,0,1.5,18.0,0,1679,1567,0,134133.0
3,0,5,0,0,1,7.0,1,1,0,1,0,1,7,2025,1,3,8,0,2.333333333333333,56.0,1,1623,1494,0,95041.0
3,3,0,4,0,3,8.0,2,1,0,1,0,1,4,2025,1,3,8,0,2.6666666666666665,64.0,1,1623,1567,0,136554.0
2,2,0,3,1,1,9.0,2,0,1,1,0,0,7,2023,1,2,4,0,4.5,36.0,0,1626,1567,0,113873.0
1,0,3,4,2,2,8.0,2,0,0,1,0,0,12,2021,1,1,3,0,8.0,24.0,0,1714,1551,0,85515.0
3,0,1,6,2,3,7.0,0,0,1,1,0,1,9,2024,1,3,7,0,2.333333333333333,49.0,1,1623,1531,0,131584.0
1,1,4,6,1,1,7.0,0,1,1,1,0,1,11,2025,1,4,9,0,1.75,63.0,1,1714,1611,0,72719.0
1,2,4,2,1,3,0.0,2,0,1,1,1,0,1,2023,1,3,8,1,0.0,0.0,0,1714,1611,0,131300.0
4,0,5,2,3,2,7.7,0,0,1,1,0,1,6,2022,1,3,7,0,2.566666666666667,53.9,1,1661,1494,0,101320.0
3,1,3,1,0,2,12.0,0,1,0,1,0,0,4,2020,1,2,5,0,6.0,60.0,0,1623,1551,0,86447.0
4,0,1,1,0,2,10.0,2,0,0,0,0,1,11,2020,1,1,3,0,10.0,30.0,0,1661,1531,0,105955.0
3,0,4,2,0,3,1.0,3,1,0,1,0,1,3,2020,1,3,8,0,0.3333333333333333,8.0,1,1623,1611,0,140671.0
3,1,1,5,1,3,1.0,2,0,0,1,1,0,3,2025,1,2,7,1,0.5,7.0,0,1623,1531,0,119602.0
1,0,1,0,2,2,11.0,3,0,1,0,0,0,4,2025,1,1,1,0,11.0,11.0,0,1714,1531,0,72039.0
5,1,6,1,1,3,10.0,0,1,1,0,0,0,3,2021,1,2,3,0,5.0,30.0,0,1682,676,0,142861.0
3,1,4,1,3,1,14.0,1,1,1,1,1,0,2,2021,0,4,10,1,3.5,140.0,0,1623,1611,1,202887.5
5,0,5,3,2,2,12.0,2,1,1,1,0,1,8,2021,0,4,9,0,3.0,108.0,1,1682,1494,0,157826.0
4,0,3,2,0,1,1.0,2,0,1,1,0,0,1,2022,1,2,4,0,0.5,4.0,0,1661,1551,0,91577.0
0,1,4,0,1,1,7.0,0,0,0,0,1,0,3,2022,1,1,4,0,7.0,28.0,0,1679,1611,1,202887.5
3,1,2,2,2,4,14.0,1,1,0,1,0,1,3,2021,1,3,8,0,4.666666666666667,112.0,1,1623,1595,0,64408.0
3,1,3,4,2,2,13.1,2,0,1,0,0,0,8,2023,1,1,1,0,13.1,13.1,0,1623,1551,0,70512.0
1,3,4,0,2,2,9.0,1,0,1,1,0,1,4,2021,1,3,7,0,3.0,63.0,1,1714,1611,0,111528.0
2,1,4,3,3,3,7.0,1,1,1,1,0,0,11,2022,1,3,6,0,2.333333333333333,42.0,0,1626,1611,0,112315.0
4,1,5,3,2,1,10.0,2,0,1,0,0,1,4,2025,1,2,4,0,5.0,40.0,0,1661,1494,0,63688.0
0,3,3,5,1,2,7.0,0,1,1,1,1,0,8,2025,1,4,10,1,1.75,70.0,0,1679,1551,0,162247.0
5,0,3,1,0,1,0.4,0,0,1,1,0,0,11,2021,1,2,4,0,0.2,1.6,0,1682,1551,0,101487.0
1,1,6,4,2,3,4.0,2,0,1,0,0,1,7,2021,1,2,4,0,2.0,16.0,0,1714,676,0,105096.0
4,0,0,4,1,1,10.0,1,0,1,1,1,1,3,2024,0,4,11,1,2.5,110.0,1,1661,1567,0,89156.0
0,1,4,5,0,1,5.0,3,0,1,0,1,1,11,2024,1,3,8,0,1.6666666666666667,40.0,0,1679,1611,0,114994.0
5,1,0,0,2,3,0.0,1,0,1,0,0,1,1,2026,1,2,4,0,0.0,0.0,0,1682,1567,0,157952.0
2,0,5,6,2,2,6.0,0,1,0,1,0,1,1,2026,1,3,8,0,2.0,48.0,1,1626,1494,0,100811.0
0,2,6,6,2,1,13.9,0,0,0,1,1,1,10,2025,1,3,10,1,4.633333333333334,139.0,1,1679,676,0,132014.0
1,2,1,5,2,2,0.0,0,0,0,0,0,1,6,2021,1,1,3,0,0.0,0.0,0,1714,1531,0,88014.0
1,2,4,0,0,2,13.0,1,0,0,1,1,1,7,2026,1,3,10,1,4.333333333333333,130.0,1,1714,1611,0,116433.0
1,0,2,0,1,2,14.0,0,0,0,1,0,0,11,2022,1,1,3,0,14.0,42.0,0,1714,1595,0,85637.0
0,0,2,2,1,1,0.0,1,0,1,1,1,0,1,2023,1,3,8,1,0.0,0.0,0,1679,1595,0,103610.0
5,0,2,3,1,2,7.0,1,1,1,0,1,1,9,2026,1,4,10,0,1.75,70.0,0,1682,1595,0,158351.0
4,0,3,1,2,1,1.0,1,0,1,1,0,1,3,2020,1,3,7,0,0.3333333333333333,7.0,1,1661,1551,0,97897.0
5,0,6,4,2,3,11.0,1,0,1,1,0,1,3,2022,2,3,7,0,3.6666666666666665,77.0,1,1682,676,1,171867.0
0,0,0,2,1,1,7.0,0,1,1,0,0,0,1,2022,2,2,3,0,3.5,21.0,0,1679,1567,0,113873.0
1,0,6,2,1,2,6.0,0,1,1,1,0,0,3,2024,2,3,6,0,2.0,36.0,0,1714,676,0,92715.0
0,0,5,4,1,3,9.0,1,0,1,1,1,0,3,2026,2,3,8,1,3.0,72.0,0,1679,1494,1,185386.0
2,0,1,5,0,3,9.0,1,0,0,0,0,1,11,2024,2,1,3,0,9.0,27.0,0,1626,1531,0,129760.0
3,3,1,1,1,2,2.0,1,1,0,1,1,0,3,2026,2,3,9,1,0.6666666666666666,18.0,0,1623,1531,0,102295.0
4,1,6,2,1,3,11.0,3,1,0,0,0,0,11,2026,2,1,2,0,11.0,22.0,0,1661,676,0,99400.0
4,1,4,5,0,2,2.0,3,1,1,0,0,1,1,2023,1,3,6,0,0.6666666666666666,12.0,0,1661,1611,0,84738.0
4,1,4,5,1,3,9.0,0,1,1,0,1,1,9,2021,1,4,10,0,2.25,90.0,0,1661,1611,0,123436.0
1,2,1,6,0,1,10.0,2,0,0,1,0,0,4,2022,1,1,3,0,10.0,30.0,0,1714,1531,0,113873.0
3,2,5,6,2,1,6.4,2,0,1,1,0,0,4,2020,1,2,4,0,3.2,25.6,0,1623,1494,0,67091.0
4,1,3,2,0,1,7.0,2,1,1,0,0,0,9,2025,1,2,3,0,3.5,21.0,0,1661,1551,0,61640.0
3,1,4,0,1,3,7.7,2,1,1,1,1,0,11,2023,1,4,10,1,1.925,77.0,0,1623,1611,0,113873.0
4,0,0,7,0,3,12.0,1,1,1,0,0,0,1,2024,1,2,3,0,6.0,36.0,0,1661,1567,0,146705.0
5,0,3,6,2,1,7.0,2,1,0,1,0,1,1,2020,1,3,8,0,2.333333333333333,56.0,1,1682,1551,0,135733.0
5,0,6,2,0,1,8.0,0,0,0,1,0,0,8,2020,1,1,3,0,8.0,24.0,0,1682,676,0,101978.0
1,0,4,0,0,1,10.0,0,0,0,0,1,1,1,2020,2,2,7,0,5.0,70.0,0,1714,1611,0,92570.0
1,0,2,4,1,2,7.0,0,1,0,1,0,0,1,2023,2,2,5,0,3.5,35.0,0,1714,1595,0,113888.0
6,0,5,0,0,3,0.0,1,1,1,1,0,1,7,2025,2,4,9,0,0.0,0.0,1,40,1494,1,165300.0
2,1,6,6,0,4,13.0,1,0,0,1,1,0,1,2023,2,2,7,1,6.5,91.0,0,1626,676,1,202887.5
1,1,4,3,1,3,7.0,0,1,1,1,1,1,1,2023,2,5,13,1,1.4,91.0,1,1714,1611,0,140506.0
1,0,3,6,0,1,14.0,2,0,1,1,0,0,6,2023,2,2,4,0,7.0,56.0,0,1714,1551,0,71439.0
5,2,3,2,3,1,10.0,0,1,1,1,1,1,6,2022,2,5,13,1,2.0,130.0,1,1682,1551,1,202887.5
5,0,3,3,0,3,7.0,2,0,1,1,0,1,9,2022,2,3,7,0,2.333333333333333,49.0,1,1682,1551,1,196314.0
0,0,0,6,0,3,7.0,2,0,1,1,0,1,1,2026,2,3,7,0,2.333333333333333,49.0,1,1679,1567,0,113873.0
3,0,6,0,2,4,14.0,0,1,0,0,0,1,5,2024,2,2,5,0,7.0,70.0,0,1623,676,0,105620.0
2,0,4,6,2,2,1.0,3,1,0,1,1,0,5,2026,2,3,9,1,0.3333333333333333,9.0,0,1626,1611,0,90823.0
1,0,4,4,2,1,0.0,2,0,1,1,0,1,4,2024,2,3,7,0,0.0,0.0,1,1714,1611,0,78051.0
3,0,5,2,1,2,5.0,1,1,1,1,1,0,10,2024,2,4,10,1,1.25,50.0,0,1623,1494,0,111802.0
3,0,5,0,0,3,7.0,0,1,0,1,1,0,10,2025,2,3,9,1,2.333333333333333,63.0,0,1623,1494,0,136869.0
4,1,4,7,0,2,4.0,1,1,1,1,0,1,12,2025,1,4,9,0,1.0,36.0,1,1661,1611,0,104165.0
1,2,3,7,2,3,7.0,0,1,0,1,0,1,2,2020,1,3,8,0,2.333333333333333,56.0,1,1714,1551,0,123965.0
2,1,5,4,0,1,8.0,1,0,0,1,0,1,2,2023,1,2,6,0,4.0,48.0,1,1626,1494,0,63624.0
5,1,2,4,0,1,7.0,1,0,1,1,0,1,1,2021,2,3,7,0,2.333333333333333,49.0,1,1682,1595,0,113103.0
1,0,4,4,2,3,3.0,2,0,1,0,1,1,9,2024,2,3,8,0,1.0,24.0,0,1714,1611,0,149406.0
0,1,0,2,0,2,13.0,0,0,0,1,0,1,9,2023,2,2,6,0,6.5,78.0,1,1679,1567,0,142282.0
0,0,4,1,2,2,11.0,0,1,1,1,1,1,9,2025,0,5,13,1,2.2,143.0,1,1679,1611,0,159253.0
5,3,1,7,0,1,14.0,2,0,1,0,1,1,10,2021,0,3,8,0,4.666666666666667,112.0,0,1682,1531,0,111085.0
5,2,6,4,2,2,7.0,3,1,1,0,1,0,9,2022,0,3,7,0,2.333333333333333,49.0,0,1682,676,0,132476.0
2,0,0,0,2,3,6.0,1,0,0,0,1,1,2,2023,1,2,7,0,3.0,42.0,0,1626,1567,0,110028.0
3,0,0,7,0,2,10.0,2,1,0,1,0,0,1,2023,2,2,5,0,5.0,50.0,0,1623,1567,0,85811.0
1,0,1,7,0,1,7.0,3,1,1,1,0,0,1,2021,2,3,6,0,2.333333333333333,42.0,0,1714,1531,1,202887.5
0,0,0,1,0,3,4.0,1,0,1,1,0,0,1,2024,2,2,4,0,2.0,16.0,0,1679,1567,1,193596.0
0,0,1,4,1,2,13.0,0,0,1,0,0,1,9,2020,2,2,4,0,6.5,52.0,0,1679,1531,0,114964.0
1,1,3,1,1,2,7.0,1,0,0,1,0,1,1,2025,2,2,6,0,3.5,42.0,1,1714,1551,0,95998.0
3,1,2,7,0,3,14.0,2,0,1,1,1,1,1,2023,2,4,11,1,3.5,154.0,1,1623,1595,0,137296.0
3,2,1,3,0,2,3.0,0,0,1,0,1,1,12,2023,2,3,8,0,1.0,24.0,0,1623,1531,0,88124.0
1,3,0,5,2,1,7.0,2,1,1,1,0,1,10,2021,2,4,9,0,1.75,63.0,1,1714,1567,0,113873.0
0,1,1,2,2,2,7.0,2,1,1,0,1,0,1,2021,2,3,7,0,2.333333333333333,49.0,0,1679,1531,0,130200.0
4,0,3,2,0,2,5.0,1,1,1,1,0,0,12,2021,2,3,6,0,1.6666666666666667,30.0,0,1661,1551,0,111873.0
4,1,0,0,2,3,0.0,0,1,1,0,1,0,1,2020,1,3,7,0,0.0,0.0,0,1661,1567,0,116442.0
1,3,3,6,1,3,7.0,0,1,1,0,0,1,2,2022,1,3,6,0,2.333333333333333,42.0,0,1714,1551,0,106929.0
2,0,3,1,1,3,3.0,1,1,0,0,0,1,7,2026,1,2,5,0,1.5,15.0,0,1626,1551,0,126683.0
2,2,4,4,2,2,2.6,2,0,0,1,1,1,1,2021,1,3,10,1,0.8666666666666667,26.0,1,1626,1611,0,116700.0
5,1,4,4,2,3,7.3,1,1,0,0,0,1,1,2021,1,2,5,0,3.65,36.5,0,1682,1611,0,150008.0
2,1,3,2,0,2,7.0,0,0,1,0,0,1,1,2021,2,2,4,0,3.5,28.0,0,1626,1551,0,102965.0
4,2,0,6,1,4,12.5,2,0,0,1,0,0,3,2025,0,1,3,0,12.5,37.5,0,1661,1567,0,106037.0
4,2,5,2,1,3,12.0,2,0,0,1,0,0,7,2021,0,1,3,0,12.0,36.0,0,1661,1494,0,110374.0
1,0,2,0,3,3,11.0,0,0,1,1,1,0,12,2021,0,3,8,1,3.6666666666666665,88.0,0,1714,1595,0,126273.0
4,2,5,4,0,4,12.0,3,1,1,1,1,0,1,2021,0,4,10,1,3.0,120.0,0,1661,1494,0,109107.0
0,2,2,0,3,1,6.0,1,1,0,0,1,0,3,2026,0,2,6,0,3.0,36.0,0,1679,1595,0,107288.0
4,0,5,3,2,2,5.0,2,0,1,0,1,0,1,2026,0,2,5,0,2.5,25.0,0,1661,1494,0,105948.0
1,0,5,2,0,3,5.0,0,0,0,1,0,0,4,2024,0,1,3,0,5.0,15.0,0,1714,1494,0,127141.0
5,0,3,6,2,3,2.0,1,1,1,1,1,1,2,2023,0,5,13,1,0.4,26.0,1,1682,1551,1,180092.0
3,0,4,2,2,3,12.0,0,1,0,1,1,0,9,2023,0,3,9,1,4.0,108.0,0,1623,1611,1,202887.5
3,0,3,4,0,3,0.0,1,1,1,1,0,1,6,2021,0,4,9,0,0.0,0.0,1,1623,1551,0,158316.0
1,1,6,6,1,3,6.0,2,1,1,0,0,0,1,2023,1,2,3,0,3.0,18.0,0,1714,676,0,102018.0
2,2,5,5,3,3,3.0,1,0,0,1,1,0,8,2020,1,2,7,1,1.5,21.0,0,1626,1494,0,119856.0
5,2,5,4,0,1,9.0,1,0,1,0,0,0,1,2026,1,1,1,0,9.0,9.0,0,1682,1494,0,90992.0
4,1,3,6,0,2,7.0,2,1,1,1,0,1,1,2024,1,4,9,0,1.75,63.0,1,1661,1551,0,81244.0
3,0,1,4,0,2,0.0,2,0,0,0,1,1,12,2022,1,2,7,0,0.0,0.0,0,1623,1531,0,99104.0
0,3,4,6,1,1,0.0,1,0,0,0,1,1,11,2023,1,2,7,0,0.0,0.0,0,1679,1611,0,107820.0
4,0,5,2,1,3,13.0,1,0,0,0,1,1,4,2021,1,2,7,0,6.5,91.0,0,1661,1494,0,61640.0
5,2,4,5,2,3,0.0,0,0,1,0,1,1,3,2020,1,3,8,0,0.0,0.0,0,1682,1611,1,168525.0
1,2,2,6,1,1,14.0,3,0,0,0,1,0,2,2020,1,1,4,0,14.0,56.0,0,1714,1595,0,65947.0
2,2,1,1,1,1,9.0,2,0,0,1,0,1,2,2020,1,2,6,0,4.5,54.0,1,1626,1531,0,78887.0
2,0,1,6,1,3,3.0,1,0,1,0,1,1,6,2020,1,3,8,0,1.0,24.0,0,1626,1531,0,128406.0
1,0,4,4,0,1,7.0,2,0,1,1,0,0,12,2021,1,2,4,0,3.5,28.0,0,1714,1611,0,64376.0
4,1,1,2,0,2,2.0,0,0,0,1,1,1,2,2024,1,3,10,1,0.6666666666666666,20.0,1,1661,1531,0,115688.0
2,0,4,1,1,2,3.0,2,0,0,1,0,0,6,2020,1,1,3,0,3.0,9.0,0,1626,1611,0,108289.0
4,3,0,2,0,2,9.0,3,0,0,1,1,1,3,2022,1,3,10,1,3.0,90.0,1,1661,1567,0,116929.0
3,0,4,7,0,3,14.0,1,1,1,1,1,0,11,2025,1,4,10,1,3.5,140.0,0,1623,1611,0,118626.0
3,0,0,6,1,3,9.0,0,0,1,1,0,0,5,2023,1,2,4,0,4.5,36.0,0,1623,1567,0,118140.0
5,1,3,3,1,4,9.0,2,1,1,1,1,0,2,2020,1,4,10,1,2.25,90.0,0,1682,1551,0,140854.0
0,0,5,2,0,3,5.0,2,1,0,0,0,0,11,2021,1,1,2,0,5.0,10.0,0,1679,1494,0,138942.0
0,0,4,5,0,2,9.0,1,0,1,1,0,0,1,2026,1,2,4,0,4.5,36.0,0,1679,1611,1,163034.0
5,0,6,6,3,2,0.0,1,0,1,1,0,0,11,2026,1,2,4,0,0.0,0.0,0,1682,676,0,125077.0
3,0,0,4,0,3,2.0,0,1,0,0,0,0,1,2024,1,1,2,0,2.0,4.0,0,1623,1567,0,99478.0
0,2,3,3,2,2,4.0,2,0,0,1,0,1,3,2021,1,2,6,0,2.0,24.0,1,1679,1551,0,137769.0
2,3,5,3,1,1,7.0,1,0,1,0,1,0,12,2023,1,2,5,0,3.5,35.0,0,1626,1494,0,61640.0
1,2,5,4,2,3,13.0,2,0,0,1,1,1,10,2024,1,3,10,1,4.333333333333333,130.0,1,1714,1494,0,143075.0
3,2,3,6,2,1,7.0,2,1,1,1,1,1,1,2024,1,5,13,1,1.4,91.0,1,1623,1551,0,89971.0
2,3,5,5,0,1,7.0,2,0,1,1,0,0,6,2025,1,2,4,0,3.5,28.0,0,1626,1494,0,63615.0
2,2,4,6,0,1,13.0,1,0,1,1,0,1,2,2022,1,3,7,0,4.333333333333333,91.0,1,1626,1611,0,75376.0
3,2,1,2,0,1,5.0,2,0,0,1,0,0,1,2025,1,1,3,0,5.0,15.0,0,1623,1531,0,65988.0
5,1,1,6,3,2,1.0,1,0,1,0,0,0,8,2026,1,1,1,0,1.0,1.0,0,1682,1531,0,117269.0
5,2,4,2,0,2,0.0,1,1,1,0,0,1,3,2022,1,3,6,0,0.0,0.0,0,1682,1611,0,113873.0
3,0,5,4,1,1,1.0,2,0,1,1,0,0,5,2026,1,2,4,0,0.5,4.0,0,1623,1494,0,63300.0
5,0,4,2,0,2,6.0,0,0,0,1,1,0,8,2025,1,2,7,1,3.0,42.0,0,1682,1611,0,142264.0
2,2,4,3,2,2,4.0,0,0,1,1,0,1,4,2021,1,3,7,0,1.3333333333333333,28.0,1,1626,1611,0,108380.0
2,0,0,6,1,1,13.0,2,0,1,1,1,0,4,2026,1,3,8,1,4.333333333333333,104.0,0,1626,1567,0,83387.0
1,0,3,5,0,1,7.0,0,0,1,1,0,0,1,2026,1,2,4,0,3.5,28.0,0,1714,1551,0,67852.0
0,3,2,1,0,2,0.0,3,1,1,1,0,0,4,2022,1,3,6,0,0.0,0.0,0,1679,1595,0,132714.0
1,0,1,4,0,1,14.0,3,0,0,1,1,0,10,2021,0,2,7,1,7.0,98.0,0,1714,1531,0,113873.0
0,0,3,6,1,2,5.0,2,0,1,1,0,0,8,2022,0,2,4,0,2.5,20.0,0,1679,1551,1,162811.0
0,1,2,7,0,4,14.0,2,0,0,0,1,1,6,2021,0,2,7,0,7.0,98.0,0,1679,1595,0,136735.0
2,0,0,4,2,3,8.0,2,1,1,1,0,1,8,2021,0,4,9,0,2.0,72.0,1,1626,1567,0,137063.0
3,0,1,6,1,3,0.0,1,0,1,1,0,1,4,2022,0,3,7,0,0.0,0.0,1,1623,1531,0,61640.0
1,0,4,6,2,1,0.0,2,0,1,0,1,0,7,2022,0,2,5,0,0.0,0.0,0,1714,1611,0,84141.0
0,2,2,2,0,2,9.0,1,1,0,1,1,1,12,2024,0,4,12,1,2.25,108.0,1,1679,1595,0,139100.0
5,0,2,0,1,1,3.0,1,0,1,0,0,0,4,2026,1,1,1,0,3.0,3.0,0,1682,1595,0,92796.0
2,2,3,6,1,1,11.0,1,1,1,0,1,1,12,2021,1,4,10,0,2.75,110.0,0,1626,1551,0,87011.0
2,1,3,1,3,1,7.0,0,0,1,1,0,0,6,2023,1,2,4,0,3.5,28.0,0,1626,1551,0,68983.0
3,1,1,2,0,2,7.0,0,1,1,0,1,1,8,2023,1,4,10,0,1.75,70.0,0,1623,1531,0,113873.0
3,1,3,3,2,3,13.0,3,1,1,0,1,1,12,2021,1,4,10,0,3.25,130.0,0,1623,1551,0,121359.0
3,2,5,2,0,2,12.7,0,0,1,1,0,1,11,2022,0,3,7,0,4.233333333333333,88.89999999999999,1,1623,1494,0,101458.0
4,0,4,4,0,2,0.0,1,0,0,0,1,1,4,2023,0,2,7,0,0.0,0.0,0,1661,1611,0,95889.0
2,3,1,4,1,1,14.0,0,0,1,1,1,1,1,2025,0,4,11,1,3.5,154.0,1,1626,1531,0,99247.0
0,2,3,6,0,3,7.0,0,1,1,1,0,1,5,2026,0,4,9,0,1.75,63.0,1,1679,1551,1,202887.5
1,0,6,6,2,0,1.0,1,1,0,1,1,1,5,2025,0,4,12,1,0.25,12.0,1,1714,676,1,202887.5
0,0,1,4,1,2,10.0,0,0,1,1,0,0,3,2020,0,2,4,0,5.0,40.0,0,1679,1531,0,116608.0
2,0,2,4,1,3,8.0,1,0,1,1,1,0,3,2020,0,3,8,1,2.6666666666666665,64.0,0,1626,1595,0,149397.0
1,0,0,4,1,3,3.0,0,0,1,0,0,1,10,2023,0,2,4,0,1.5,12.0,0,1714,1567,0,108600.0
0,2,1,0,2,2,7.0,1,1,0,1,1,0,6,2022,0,3,9,1,2.333333333333333,63.0,0,1679,1531,0,142316.0
2,2,3,5,0,2,3.0,1,1,1,0,0,0,11,2023,0,2,3,0,1.5,9.0,0,1626,1551,0,91916.0
2,2,2,2,2,3,0.0,2,0,1,0,1,1,4,2021,0,3,8,0,0.0,0.0,0,1626,1595,0,124318.0
1,0,0,1,3,3,11.0,1,1,1,1,1,1,1,2021,0,5,13,1,2.2,143.0,1,1714,1567,0,129201.0
5,0,1,4,0,2,4.0,2,1,0,1,1,0,1,2025,0,3,9,1,1.3333333333333333,36.0,0,1682,1531,1,168479.0
0,0,3,4,1,2,1.0,0,0,0,1,0,1,9,2024,0,2,6,0,0.5,6.0,1,1679,1551,0,144199.0
2,0,4,1,2,1,1.0,1,1,1,0,0,0,9,2024,0,2,3,0,0.5,3.0,0,1626,1611,0,71382.0
4,0,4,1,0,1,6.0,0,0,1,1,1,0,1,2026,0,3,8,1,2.0,48.0,0,1661,1611,0,84233.0
4,0,6,5,1,2,14.0,1,1,1,0,1,1,9,2026,0,4,10,0,3.5,140.0,0,1661,676,0,103301.0
5,0,3,5,1,2,12.0,1,0,1,1,1,1,10,2020,0,4,11,1,3.0,132.0,1,1682,1551,1,179700.0
1,0,0,0,2,3,0.0,1,0,1,1,0,1,1,2020,0,3,7,0,0.0,0.0,1,1714,1567,0,113873.0
4,0,5,5,3,2,7.0,1,0,0,1,1,0,10,2021,0,2,7,1,3.5,49.0,0,1661,1494,0,128257.0
2,2,2,4,2,1,5.0,1,0,1,0,0,0,1,2022,0,1,1,0,5.0,5.0,0,1626,1595,0,61640.0
5,1,0,6,2,2,7.0,1,1,1,0,0,1,12,2021,2,3,6,0,2.333333333333333,42.0,0,1682,1567,0,124596.0
3,2,5,0,3,2,5.0,2,0,1,0,0,1,12,2026,2,2,4,0,2.5,20.0,0,1623,1494,0,86990.0
2,0,5,1,0,2,8.0,2,1,1,0,0,1,12,2023,2,3,6,0,2.6666666666666665,48.0,0,1626,1494,0,96504.0
1,2,5,4,2,1,7.0,1,1,0,1,1,0,4,2023,2,3,9,1,2.333333333333333,63.0,0,1714,1494,0,80077.0
5,0,2,5,0,3,11.0,1,0,1,0,1,1,8,2021,0,3,8,0,3.6666666666666665,88.0,0,1682,1595,1,180950.0
3,2,5,0,1,4,14.0,1,0,0,0,1,1,4,2026,0,2,7,0,7.0,98.0,0,1623,1494,0,82584.0
0,1,1,2,1,2,2.0,3,1,0,0,1,1,1,2026,0,3,9,0,0.6666666666666666,18.0,0,1679,1531,0,137258.0
2,0,5,5,2,3,2.0,2,0,1,1,1,0,1,2023,0,3,8,1,0.6666666666666666,16.0,0,1626,1494,0,132000.0
2,1,3,0,0,1,9.0,2,0,0,1,1,0,3,2022,2,2,7,1,4.5,63.0,0,1626,1551,0,66455.0
4,1,4,3,0,3,5.0,0,1,1,1,0,1,3,2025,2,4,9,0,1.25,45.0,1,1661,1611,0,122961.0
1,0,6,0,1,2,3.0,1,0,0,0,1,0,3,2021,2,1,4,0,3.0,12.0,0,1714,676,0,108172.0
2,1,1,4,1,4,0.0,1,0,1,1,1,0,2,2022,1,3,8,1,0.0,0.0,0,1626,1531,0,66707.0
2,0,5,2,1,1,7.0,1,0,0,0,0,1,5,2021,1,1,3,0,7.0,21.0,0,1626,1494,0,61640.0
5,0,5,3,1,2,10.0,0,1,0,0,0,0,3,2022,2,1,2,0,10.0,20.0,0,1682,1494,0,117710.0
2,1,4,4,0,2,1.0,0,1,0,1,0,0,1,2023,2,2,5,0,0.5,5.0,0,1626,1611,0,93885.0
0,0,1,1,0,3,8.0,1,0,1,1,0,0,1,2020,0,2,4,0,4.0,32.0,0,1679,1531,0,138905.0
0,0,1,4,0,2,14.0,1,1,0,0,0,1,9,2023,0,2,5,0,7.0,70.0,0,1679,1531,0,122422.0
4,0,2,5,3,2,7.0,2,0,1,0,0,0,12,2023,0,1,1,0,7.0,7.0,0,1661,1595,0,94112.0
1,2,4,5,0,3,2.0,2,0,1,1,0,1,1,2022,0,3,7,0,0.6666666666666666,14.0,1,1714,1611,0,121724.0
4,2,1,0,2,2,9.0,0,0,1,1,1,1,4,2023,0,4,11,1,2.25,99.0,1,1661,1531,0,112963.0
4,0,6,1,2,1,8.0,3,0,1,1,0,0,12,2022,0,2,4,0,4.0,32.0,0,1661,676,0,103954.0
0,3,5,0,3,1,3.5,1,1,0,0,0,1,1,2023,0,2,5,0,1.75,17.5,0,1679,1494,0,104600.0
0,0,5,5,2,1,2.0,0,0,1,1,0,1,5,2022,0,3,7,0,0.6666666666666666,14.0,1,1679,1494,0,136371.0
3,0,3,6,0,0,6.0,1,1,0,1,1,1,11,2026,0,4,12,1,1.5,72.0,1,1623,1551,0,95208.0
4,0,0,2,0,3,11.0,2,1,0,0,0,1,9,2024,0,2,5,0,5.5,55.0,0,1661,1567,0,105025.0
1,0,5,2,1,0,1.0,1,0,0,1,0,1,2,2024,0,2,6,0,0.5,6.0,1,1714,1494,0,99649.0
0,0,6,4,2,2,7.0,0,1,1,1,1,1,6,2024,0,5,13,1,1.4,91.0,1,1679,676,1,170793.0
0,2,5,1,0,1,5.0,0,1,0,1,0,0,3,2024,1,2,5,0,2.5,25.0,0,1679,1494,0,90500.0
4,1,6,5,2,1,11.0,2,1,0,1,0,0,8,2024,1,2,5,0,5.5,55.0,0,1661,676,0,61640.0
1,1,1,4,2,3,13.0,1,1,0,0,1,1,1,2020,1,3,9,0,4.333333333333333,117.0,0,1714,1531,0,122553.0
0,0,5,1,2,1,0.0,1,1,1,0,0,0,10,2024,1,2,3,0,0.0,0.0,0,1679,1494,0,105296.0
4,2,4,3,2,3,6.0,1,0,1,1,0,1,9,2021,1,3,7,0,2.0,42.0,1,1661,1611,0,121255.0
4,0,4,0,0,2,13.3,0,0,1,1,1,0,1,2024,1,3,8,1,4.433333333333334,106.4,0,1661,1611,0,123754.0
4,0,6,2,1,2,10.0,2,1,1,1,1,0,1,2025,0,4,10,1,2.5,100.0,0,1661,676,0,106100.0
0,2,0,4,1,1,7.0,2,1,0,0,0,0,10,2025,0,1,2,0,7.0,14.0,0,1679,1567,0,89964.0
2,0,5,2,2,1,7.7,2,0,1,1,0,0,6,2025,0,2,4,0,3.85,30.8,0,1626,1494,0,61640.0
1,0,1,5,2,3,0.3,1,1,0,1,1,0,8,2020,0,3,9,1,0.0999999999999999,2.7,0,1714,1531,0,147997.0
1,0,3,7,1,1,4.0,0,0,1,0,1,1,1,2026,0,3,8,0,1.3333333333333333,32.0,0,1714,1551,0,90204.0
5,1,3,0,1,3,0.0,0,0,0,1,1,1,7,2026,0,3,10,1,0.0,0.0,1,1682,1551,1,177608.0
4,0,0,5,1,1,11.0,1,1,1,0,0,0,5,2024,0,2,3,0,5.5,33.0,0,1661,1567,0,71802.0
4,0,3,0,1,1,9.0,1,1,0,1,0,0,10,2024,0,2,5,0,4.5,45.0,0,1661,1551,0,65361.0
5,0,0,2,0,3,13.0,2,1,1,1,0,1,4,2026,0,4,9,0,3.25,117.0,1,1682,1567,1,185870.0
5,0,4,2,1,3,1.0,1,1,1,0,0,0,5,2020,0,2,3,0,0.5,3.0,0,1682,1611,1,176420.0
5,0,2,1,0,2,8.0,0,0,1,1,1,0,3,2021,0,3,8,1,2.6666666666666665,64.0,0,1682,1595,1,163486.0
4,3,6,1,1,2,2.0,2,0,1,1,0,1,12,2020,1,3,7,0,0.6666666666666666,14.0,1,1661,676,0,88810.0
3,0,5,6,2,3,0.0,0,0,0,1,1,1,7,2025,1,3,10,1,0.0,0.0,1,1623,1494,0,136415.0
3,1,5,6,1,1,7.0,0,1,1,0,1,1,11,2023,1,4,10,0,1.75,70.0,0,1623,1494,0,74535.0
2,0,4,1,0,3,7.0,1,1,0,0,0,1,3,2020,1,2,5,0,3.5,35.0,0,1626,1611,0,106761.0
2,1,2,3,2,2,12.0,2,1,0,0,0,1,12,2021,1,2,5,0,6.0,60.0,0,1626,1595,0,113873.0
0,2,0,0,3,2,0.0,1,1,1,0,1,1,11,2024,1,4,10,0,0.0,0.0,0,1679,1567,0,136779.0
5,0,0,1,1,3,8.0,2,0,0,0,0,1,5,2020,0,1,3,0,8.0,24.0,0,1682,1567,0,155819.0
5,0,4,2,2,1,0.0,0,1,0,1,1,0,7,2023,0,3,9,1,0.0,0.0,0,1682,1611,0,105997.0
5,0,5,3,2,1,5.0,1,1,0,1,0,1,1,2023,0,3,8,0,1.6666666666666667,40.0,1,1682,1494,0,137322.0
5,2,5,6,0,1,13.0,3,0,1,1,1,0,6,2025,0,3,8,1,4.333333333333333,104.0,0,1682,1494,0,119289.0
3,0,0,0,3,1,1.5,2,0,1,1,1,0,9,2022,0,3,8,1,0.5,12.0,0,1623,1567,0,81967.0
4,1,4,4,2,1,9.0,3,0,1,1,0,1,7,2026,0,3,7,0,3.0,63.0,1,1661,1611,1,202887.5
0,1,4,4,2,3,7.0,2,0,0,1,0,0,5,2024,0,1,3,0,7.0,21.0,0,1679,1611,0,157618.0
1,2,1,3,0,3,11.0,1,0,1,1,1,1,1,2025,0,4,11,1,2.75,121.0,1,1714,1531,0,137051.0
4,3,0,4,0,2,7.0,3,0,1,0,0,1,9,2023,2,2,4,0,3.5,28.0,0,1661,1567,0,93451.0
4,0,6,4,2,2,5.0,0,0,0,1,0,0,2,2024,2,1,3,0,5.0,15.0,0,1661,676,0,106522.0
0,1,1,0,2,2,13.0,3,1,0,0,0,1,2,2022,2,2,5,0,6.5,65.0,0,1679,1531,0,121312.0
0,1,4,2,1,1,0.0,2,1,1,0,0,0,12,2025,2,2,3,0,0.0,0.0,0,1679,1611,1,202887.5
0,2,0,5,0,2,6.0,1,0,0,0,1,0,9,2020,1,1,4,0,6.0,24.0,0,1679,1567,0,127546.0
1,1,1,2,3,2,8.0,1,1,1,0,0,0,7,2023,1,2,3,0,4.0,24.0,0,1714,1531,0,93022.0
1,2,2,2,1,1,7.0,0,0,1,0,0,0,5,2025,1,1,1,0,7.0,7.0,0,1714,1595,0,61640.0
1,1,2,3,1,3,13.0,1,0,1,0,1,0,5,2024,1,2,5,0,6.5,65.0,0,1714,1595,1,202887.5
2,2,4,7,2,1,10.0,3,1,1,0,0,1,10,2023,1,3,6,0,3.333333333333333,60.0,0,1626,1611,0,61640.0
4,1,3,2,2,4,13.0,0,0,1,1,0,0,7,2022,1,2,4,0,6.5,52.0,0,1661,1551,0,76801.0
3,0,2,3,2,4,9.0,0,1,0,1,1,1,1,2024,1,4,12,1,2.25,108.0,1,1623,1595,0,160733.0
1,1,1,4,2,0,7.0,2,1,0,1,1,0,1,2022,0,3,9,1,2.333333333333333,63.0,0,1714,1531,0,66342.0
3,1,2,7,0,2,4.0,1,1,0,0,0,0,4,2025,0,1,2,0,4.0,8.0,0,1623,1595,0,70994.0
5,0,5,2,1,1,7.0,2,1,1,1,1,1,1,2025,0,5,13,1,1.4,91.0,1,1682,1494,0,113873.0
0,0,0,5,0,3,3.6,0,0,1,1,0,1,11,2021,1,3,7,0,1.2,25.2,1,1679,1567,1,186381.0
1,1,5,1,1,2,14.0,0,0,1,1,0,1,4,2024,2,3,7,0,4.666666666666667,98.0,1,1714,1494,0,103435.0
1,0,4,1,1,1,0.0,0,0,1,0,0,0,8,2026,2,1,1,0,0.0,0.0,0,1714,1611,0,74492.0
3,1,6,5,1,3,3.0,0,1,0,0,0,1,12,2021,0,2,5,0,1.5,15.0,0,1623,676,0,123879.0
5,2,0,4,1,1,2.8,2,0,1,1,1,1,8,2022,0,4,11,1,0.7,30.8,1,1682,1567,1,202887.5
0,1,1,4,0,1,14.0,3,0,1,0,1,1,3,2022,2,3,8,0,4.666666666666667,112.0,0,1679,1531,0,113739.0
3,1,3,2,1,3,4.0,1,1,0,1,0,0,2,2022,2,2,5,0,2.0,20.0,0,1623,1551,0,97847.0
0,3,1,5,1,2,4.7,0,1,0,1,1,0,9,2021,2,3,9,1,1.5666666666666669,42.3,0,1679,1531,0,147131.0
2,0,5,1,0,2,2.0,2,0,0,0,0,1,4,2022,1,1,3,0,2.0,6.0,0,1626,1494,0,102000.0
3,0,2,4,0,3,12.0,1,1,1,0,0,0,3,2022,1,2,3,0,6.0,36.0,0,1623,1595,0,138183.0
0,0,6,1,1,4,13.0,1,1,1,0,0,0,12,2026,2,2,3,0,6.5,39.0,0,1679,676,0,134550.0
4,1,0,4,2,3,12.0,0,0,1,0,0,0,10,2023,2,1,1,0,12.0,12.0,0,1661,1567,0,104861.0
0,0,4,4,2,1,9.0,2,1,1,1,0,0,12,2024,2,3,6,0,3.0,54.0,0,1679,1611,0,127366.0
3,3,3,2,0,3,7.0,2,0,1,1,0,1,1,2022,2,3,7,0,2.333333333333333,49.0,1,1623,1551,0,129413.0
3,2,0,2,1,1,3.0,1,1,0,1,1,1,11,2025,0,4,12,1,0.75,36.0,1,1623,1567,0,81840.0
1,0,4,0,3,1,7.0,3,1,1,0,0,1,1,2022,0,3,6,0,2.333333333333333,42.0,0,1714,1611,0,93928.0
4,0,3,5,2,3,12.0,0,1,0,0,0,0,10,2023,0,1,2,0,12.0,24.0,0,1661,1551,0,99317.0
4,2,5,6,1,4,9.0,1,0,1,0,1,1,2,2022,0,3,8,0,3.0,72.0,0,1661,1494,0,78023.0
3,2,5,0,0,3,7.0,3,1,0,1,1,1,9,2021,0,4,12,1,1.75,84.0,1,1623,1494,0,127235.0
5,2,6,2,1,2,4.6,2,1,1,1,1,1,4,2024,0,5,13,1,0.92,59.8,1,1682,676,0,113873.0
3,1,2,3,1,4,0.0,2,0,0,0,1,1,4,2020,1,2,7,0,0.0,0.0,0,1623,1595,0,70691.0
2,0,3,6,0,1,2.0,0,0,1,1,0,0,11,2025,1,2,4,0,1.0,8.0,0,1626,1551,0,83464.0
3,2,2,4,2,3,10.0,1,1,0,0,1,1,10,2024,1,3,9,0,3.333333333333333,90.0,0,1623,1595,0,126076.0
3,1,3,6,3,2,0.0,1,0,0,1,0,1,9,2024,1,2,6,0,0.0,0.0,1,1623,1551,0,97818.0
3,1,2,5,0,4,9.0,2,1,1,0,0,1,9,2020,1,3,6,0,3.0,54.0,0,1623,1595,0,81993.0
3,0,1,1,2,3,2.0,1,0,1,0,0,0,1,2025,1,1,1,0,2.0,2.0,0,1623,1531,0,113873.0
4,0,4,3,1,4,9.0,0,0,0,1,0,1,5,2020,1,2,6,0,4.5,54.0,1,1661,1611,0,119100.0
2,0,4,4,1,3,11.0,0,0,1,1,0,0,5,2022,1,2,4,0,5.5,44.0,0,1626,1611,0,115422.0
1,2,6,6,0,2,6.0,3,0,1,1,1,0,8,2025,1,3,8,1,2.0,48.0,0,1714,676,0,61640.0
5,0,5,3,2,2,2.0,0,0,1,1,0,1,10,2020,1,3,7,0,0.6666666666666666,14.0,1,1682,1494,0,162181.0
4,3,2,3,1,4,5.0,0,0,0,1,0,0,12,2025,1,1,3,0,5.0,15.0,0,1661,1595,0,96517.0
4,0,1,2,0,1,7.0,1,1,1,0,0,0,12,2025,1,2,3,0,3.5,21.0,0,1661,1531,0,61640.0
5,0,2,1,1,3,5.0,2,1,0,0,0,0,1,2021,1,1,2,0,5.0,10.0,0,1682,1595,0,144983.0
1,1,5,5,2,1,7.0,0,1,1,1,0,1,1,2025,1,4,9,0,1.75,63.0,1,1714,1494,0,71161.0
2,1,3,5,1,2,6.0,2,1,1,1,1,1,7,2023,1,5,13,1,1.2,78.0,1,1626,1551,0,95500.0
3,0,0,4,2,2,10.0,1,1,1,1,1,1,11,2020,1,5,13,1,2.0,130.0,1,1623,1567,0,113873.0
1,1,5,0,0,3,9.0,1,0,1,1,0,1,10,2026,2,3,7,0,3.0,63.0,1,1714,1494,0,126056.0
1,2,0,5,2,3,3.0,0,0,0,1,1,0,7,2023,2,2,7,1,1.5,21.0,0,1714,1567,0,112828.0
3,0,3,7,3,3,9.0,2,0,0,1,1,1,12,2023,2,3,10,1,3.0,90.0,1,1623,1551,0,144770.0
3,0,2,7,0,1,7.0,2,0,0,1,1,0,2,2020,2,2,7,1,3.5,49.0,0,1623,1595,0,76680.0
5,0,5,1,3,3,14.0,0,0,1,1,0,0,6,2025,2,2,4,0,7.0,56.0,0,1682,1494,1,172756.0
3,0,3,1,2,2,11.0,2,1,1,1,1,0,1,2024,2,4,10,1,2.75,110.0,0,1623,1551,0,106703.0
0,2,4,0,0,2,5.0,1,0,0,0,0,1,11,2022,2,1,3,0,5.0,15.0,0,1679,1611,0,137620.0
1,2,0,4,2,1,7.0,1,0,1,1,0,1,7,2022,2,3,7,0,2.333333333333333,49.0,1,1714,1567,0,85338.0
5,1,1,0,3,1,8.0,1,1,1,0,1,1,7,2023,2,4,10,0,2.0,80.0,0,1682,1531,0,116778.0
0,0,0,0,1,3,13.0,0,1,1,1,0,1,10,2023,2,4,9,0,3.25,117.0,1,1679,1567,1,168405.0
5,0,3,1,0,3,7.0,3,1,0,1,1,0,7,2024,2,3,9,1,2.333333333333333,63.0,0,1682,1551,1,186642.0
5,1,2,5,3,1,14.0,3,1,1,0,0,1,10,2026,2,3,6,0,4.666666666666667,84.0,0,1682,1595,0,104288.0
0,3,5,1,1,1,5.0,1,1,0,1,0,0,6,2021,2,2,5,0,2.5,25.0,0,1679,1494,0,103724.0
1,1,0,6,0,3,5.0,2,1,1,0,0,1,1,2025,2,3,6,0,1.6666666666666667,30.0,0,1714,1567,0,110944.0
4,0,5,1,2,0,11.0,2,1,1,0,0,1,8,2022,2,3,6,0,3.6666666666666665,66.0,0,1661,1494,0,61640.0
3,1,5,7,2,3,7.0,2,0,0,0,0,1,10,2021,2,1,3,0,7.0,21.0,0,1623,1494,0,107259.0
5,0,4,5,0,4,4.0,1,1,1,1,1,0,6,2022,0,4,10,1,1.0,40.0,0,1682,1611,0,149734.0
2,0,3,4,1,3,11.0,2,0,0,0,1,0,6,2022,0,1,4,0,11.0,44.0,0,1626,1551,0,135917.0
2,1,0,0,1,1,11.0,1,0,0,1,1,1,4,2026,0,3,10,1,3.6666666666666665,110.0,1,1626,1567,0,92496.0
2,0,0,0,2,3,13.0,0,1,0,0,1,0,12,2023,0,2,6,0,6.5,78.0,0,1626,1567,0,142187.0
2,0,3,2,2,3,12.0,0,0,1,1,0,0,9,2023,0,2,4,0,6.0,48.0,0,1626,1551,0,117572.0
0,3,4,0,0,1,13.0,2,0,0,1,0,0,8,2023,0,1,3,0,13.0,39.0,0,1679,1611,0,105408.0
1,3,6,3,1,2,2.0,0,1,0,1,1,0,11,2024,0,3,9,1,0.6666666666666666,18.0,0,1714,676,0,119778.0
1,0,2,0,2,3,3.0,2,0,0,0,0,1,11,2023,0,1,3,0,3.0,9.0,0,1714,1595,0,118411.0
2,0,4,3,3,4,11.0,3,0,1,1,0,1,2,2023,0,3,7,0,3.6666666666666665,77.0,1,1626,1611,0,120277.0
2,1,1,5,2,1,3.0,2,1,1,0,1,1,1,2021,0,4,10,0,0.75,30.0,0,1626,1531,0,78706.0
1,2,5,3,2,4,4.0,0,1,0,1,1,1,4,2021,0,4,12,1,1.0,48.0,1,1714,1494,0,85875.0
2,0,3,5,2,0,8.0,0,0,0,1,0,0,12,2021,0,1,3,0,8.0,24.0,0,1626,1551,0,80120.0
3,0,3,5,0,1,14.0,2,0,0,0,0,1,4,2026,0,1,3,0,14.0,42.0,0,1623,1551,0,61640.0
4,1,3,6,0,3,14.2,1,0,0,1,1,0,11,2026,0,2,7,1,7.1,99.4,0,1661,1551,0,128666.0
2,1,4,3,1,2,14.0,0,0,0,1,1,0,8,2024,0,2,7,1,7.0,98.0,0,1626,1611,0,105564.0
3,1,6,4,1,2,14.0,2,0,0,1,0,0,6,2020,0,1,3,0,14.0,42.0,0,1623,676,0,90966.0
1,0,3,1,0,1,11.0,2,1,0,0,0,0,11,2026,2,1,2,0,11.0,22.0,0,1714,1551,0,61640.0
4,0,1,4,1,3,1.0,1,1,1,0,0,1,3,2023,2,3,6,0,0.3333333333333333,6.0,0,1661,1531,1,202887.5
5,3,2,2,2,2,0.0,1,1,0,1,1,0,4,2023,2,3,9,1,0.0,0.0,0,1682,1595,0,150771.0
4,3,6,4,2,2,7.0,1,1,0,0,0,0,12,2021,2,1,2,0,7.0,14.0,0,1661,676,0,83860.0
0,0,2,6,0,3,6.0,1,0,0,1,1,1,12,2024,2,3,10,1,2.0,60.0,1,1679,1595,1,185731.0
4,0,4,5,1,3,8.0,3,0,1,1,1,0,11,2020,2,3,8,1,2.6666666666666665,64.0,0,1661,1611,0,154685.0
1,2,4,6,2,2,7.0,1,1,0,0,0,0,3,2024,2,1,2,0,7.0,14.0,0,1714,1611,0,77761.0
1,0,1,1,0,3,8.0,1,1,0,0,0,1,5,2026,2,2,5,0,4.0,40.0,0,1714,1531,0,111280.0
0,0,5,3,3,2,8.0,1,1,1,0,0,1,1,2021,2,3,6,0,2.6666666666666665,48.0,0,1679,1494,0,142903.0
1,0,2,0,1,1,13.0,2,1,1,0,1,1,9,2023,2,4,10,0,3.25,130.0,0,1714,1595,0,98894.0
4,2,3,3,1,1,11.0,1,1,1,0,1,1,4,2021,2,4,10,0,2.75,110.0,0,1661,1551,0,62843.0
1,0,0,4,1,1,10.0,0,0,1,1,0,1,6,2021,2,3,7,0,3.333333333333333,70.0,1,1714,1567,0,96567.0
3,0,4,0,1,1,14.0,0,0,0,1,0,1,2,2025,2,2,6,0,7.0,84.0,1,1623,1611,0,90969.0
1,0,3,7,1,3,14.0,0,1,0,0,0,1,6,2026,0,2,5,0,7.0,70.0,0,1714,1551,0,126247.0
5,0,2,6,3,1,6.0,1,1,1,1,0,1,11,2025,0,4,9,0,1.5,54.0,1,1682,1595,1,202887.5
0,2,3,2,0,2,5.1,1,0,1,1,1,0,1,2024,0,3,8,1,1.7,40.8,0,1679,1551,0,144800.0
4,3,1,0,1,3,12.0,1,0,1,1,0,0,7,2022,0,2,4,0,6.0,48.0,0,1661,1531,0,129417.0
3,0,0,1,0,4,7.0,2,0,1,1,1,1,12,2025,0,4,11,1,1.75,77.0,1,1623,1567,0,104653.0
3,0,1,0,0,2,6.0,2,0,1,0,1,1,9,2024,1,3,8,0,2.0,48.0,0,1623,1531,0,123430.0
5,2,4,6,1,3,4.0,0,1,0,0,0,0,6,2024,0,1,2,0,4.0,8.0,0,1682,1611,1,202887.5
0,0,3,2,0,2,13.0,2,0,0,1,1,1,1,2020,0,3,10,1,4.333333333333333,130.0,1,1679,1551,1,202887.5
0,2,1,6,0,2,10.0,1,0,1,0,0,1,2,2026,0,2,4,0,5.0,40.0,0,1679,1531,0,120165.0
4,2,5,4,0,2,3.9,2,0,1,0,1,1,2,2023,1,3,8,0,1.3,31.2,0,1661,1494,0,96607.0
4,0,3,4,1,1,7.0,2,1,0,1,1,0,1,2023,1,3,9,1,2.333333333333333,63.0,0,1661,1551,0,80571.0
3,1,4,2,1,3,12.0,0,0,0,1,1,0,8,2021,1,2,7,1,6.0,84.0,0,1623,1611,0,133143.0
5,0,1,3,0,2,7.0,2,1,0,0,1,1,4,2024,1,3,9,0,2.333333333333333,63.0,0,1682,1531,0,154884.0
4,0,4,7,1,2,13.0,0,1,1,0,0,1,7,2023,2,3,6,0,4.333333333333333,78.0,0,1661,1611,0,83543.0
4,0,1,0,2,2,7.0,2,1,0,1,0,0,5,2021,2,2,5,0,3.5,35.0,0,1661,1531,0,89362.0
4,0,2,3,0,3,7.0,0,1,0,1,0,0,8,2021,2,2,5,0,3.5,35.0,0,1661,1595,0,139769.0
2,1,3,5,1,1,4.0,1,1,0,0,0,1,10,2020,2,2,5,0,2.0,20.0,0,1626,1551,0,61640.0
0,3,4,7,2,2,2.0,0,0,1,0,0,0,1,2026,1,1,1,0,2.0,2.0,0,1679,1611,0,112651.0
1,1,4,5,0,2,5.0,0,0,0,1,0,0,9,2026,1,1,3,0,5.0,15.0,0,1714,1611,0,87087.0
1,0,3,1,1,3,3.0,2,0,0,1,1,0,1,2021,1,2,7,1,1.5,21.0,0,1714,1551,0,125608.0
0,0,1,1,3,2,10.0,0,1,0,0,1,1,1,2023,1,3,9,0,3.333333333333333,90.0,0,1679,1531,0,140921.0
2,2,5,6,0,1,1.0,1,1,1,1,1,0,11,2020,1,4,10,1,0.25,10.0,0,1626,1494,0,77340.0
0,0,6,0,2,2,13.0,1,0,0,1,0,1,10,2025,1,2,6,0,6.5,78.0,1,1679,676,0,157192.0
5,0,4,5,0,3,9.0,2,0,0,0,1,1,5,2020,1,2,7,0,4.5,63.0,0,1682,1611,0,160387.0
2,3,3,1,3,3,1.0,0,1,1,1,0,1,11,2023,1,4,9,0,0.25,9.0,1,1626,1551,0,127000.0
2,0,3,6,1,1,6.0,1,0,0,0,0,1,9,2023,1,1,3,0,6.0,18.0,0,1626,1551,0,78044.0
5,0,3,7,1,2,5.0,0,0,1,0,0,0,1,2024,1,1,1,0,5.0,5.0,0,1682,1551,0,150612.0
2,2,3,0,1,2,5.0,0,1,1,1,0,0,12,2025,1,3,6,0,1.6666666666666667,30.0,0,1626,1551,0,77629.0
1,0,5,4,2,2,7.0,1,0,1,1,0,0,7,2023,1,2,4,0,3.5,28.0,0,1714,1494,0,108910.0
1,2,3,3,2,1,7.0,1,0,1,1,0,1,2,2021,1,3,7,0,2.333333333333333,49.0,1,1714,1551,0,77859.0
2,0,0,2,0,4,3.0,1,0,1,0,0,0,4,2026,1,1,1,0,3.0,3.0,0,1626,1567,0,72415.0
4,1,3,0,2,3,8.0,1,0,0,0,0,1,4,2025,1,1,3,0,8.0,24.0,0,1661,1551,0,105059.0
1,2,3,3,3,2,8.0,1,1,0,1,0,1,12,2021,0,3,8,0,2.6666666666666665,64.0,1,1714,1551,0,114291.0
2,2,1,4,0,2,8.0,1,1,1,1,0,1,9,2023,0,4,9,0,2.0,72.0,1,1626,1531,0,98889.0
2,2,3,3,1,2,2.0,3,1,0,1,1,1,5,2023,0,4,12,1,0.5,24.0,1,1626,1551,0,100095.0
0,1,4,2,1,2,7.0,0,0,0,1,0,1,3,2024,0,2,6,0,3.5,42.0,1,1679,1611,0,122533.0
2,1,3,4,0,2,5.0,0,1,1,1,1,1,3,2026,1,5,13,1,1.0,65.0,1,1626,1551,0,100708.0
4,1,1,3,1,2,1.0,2,0,1,0,0,1,7,2021,1,2,4,0,0.5,4.0,0,1661,1531,0,81165.0
3,1,2,4,0,3,7.0,1,1,0,0,0,0,1,2020,1,1,2,0,7.0,14.0,0,1623,1595,0,101313.0
5,2,5,3,3,1,4.0,2,1,0,1,1,1,1,2024,1,4,12,1,1.0,48.0,1,1682,1494,0,114704.0
4,0,5,6,2,1,9.0,2,1,1,1,0,0,4,2026,1,3,6,0,3.0,54.0,0,1661,1494,0,62712.0
3,0,4,4,2,3,1.0,2,0,1,0,0,1,11,2020,1,2,4,0,0.5,4.0,0,1623,1611,0,102182.0
3,1,2,6,2,4,7.0,1,1,0,1,0,0,2,2022,1,2,5,0,3.5,35.0,0,1623,1595,0,126250.0
3,0,2,5,1,2,1.0,2,0,1,0,0,1,5,2026,1,2,4,0,0.5,4.0,0,1623,1595,0,103005.0
3,0,4,1,0,2,7.0,0,1,1,1,0,1,5,2022,1,4,9,0,1.75,63.0,1,1623,1611,0,101333.0
4,3,1,4,0,2,0.0,0,0,1,0,0,0,10,2021,1,1,1,0,0.0,0.0,0,1661,1531,0,79839.0
1,2,6,2,1,1,5.0,2,0,0,0,0,1,12,2022,1,1,3,0,5.0,15.0,0,1714,676,0,61640.0
0,0,4,2,1,2,6.0,2,0,0,0,1,1,9,2021,1,2,7,0,3.0,42.0,0,1679,1611,0,141109.0
0,0,0,4,1,2,7.0,0,1,0,0,0,0,4,2025,1,1,2,0,7.0,14.0,0,1679,1567,0,119100.0
0,2,5,4,1,3,3.0,0,0,1,0,1,1,1,2023,1,3,8,0,1.0,24.0,0,1679,1494,1,169667.0
3,0,5,0,0,1,0.8,1,1,1,0,1,1,10,2021,1,4,10,0,0.2,8.0,0,1623,1494,0,66300.0
0,0,4,6,2,1,13.0,0,0,1,0,1,0,9,2021,1,2,5,0,6.5,65.0,0,1679,1611,0,120786.0
3,3,1,3,2,1,8.0,3,1,1,1,0,1,2,2026,1,4,9,0,2.0,72.0,1,1623,1531,0,71014.0
5,2,2,0,0,3,4.0,1,1,0,0,1,0,5,2026,1,2,6,0,2.0,24.0,0,1682,1595,0,154439.0
5,0,1,3,3,4,2.0,0,1,1,1,1,1,9,2026,1,5,13,1,0.4,26.0,1,1682,1531,1,170658.0
4,0,5,0,1,3,6.0,1,0,0,1,1,1,9,2026,1,3,10,1,2.0,60.0,1,1661,1494,0,162155.0
4,2,6,4,2,1,4.0,0,0,0,0,1,1,1,2022,1,2,7,0,2.0,28.0,0,1661,676,0,70430.0
5,0,0,4,2,3,3.0,1,1,1,1,1,1,2,2025,1,5,13,1,0.6,39.0,1,1682,1567,1,180093.0
1,2,6,7,3,1,2.0,0,0,1,1,1,1,7,2024,0,4,11,1,0.5,22.0,1,1714,676,0,92000.0
4,0,3,6,0,2,1.0,2,1,0,1,0,1,8,2026,0,3,8,0,0.3333333333333333,8.0,1,1661,1551,0,105764.0
4,0,3,6,0,1,4.0,3,0,0,0,0,1,11,2026,0,1,3,0,4.0,12.0,0,1661,1551,0,61640.0
0,3,2,7,1,3,11.0,1,1,1,0,1,1,11,2022,0,4,10,0,2.75,110.0,0,1679,1595,1,169420.0
3,1,0,0,1,2,12.0,0,0,1,1,1,0,7,2023,2,3,8,1,4.0,96.0,0,1623,1567,0,88900.0
4,1,1,2,0,3,0.0,2,1,0,1,0,0,1,2026,2,2,5,0,0.0,0.0,0,1661,1531,0,117917.0
2,2,5,6,0,4,14.0,2,1,1,1,1,1,1,2021,2,5,13,1,2.8,182.0,1,1626,1494,0,98551.0
1,0,4,2,1,1,3.0,2,0,1,1,1,1,7,2023,2,4,11,1,0.75,33.0,1,1714,1611,0,112886.0
5,0,4,0,2,3,0.0,0,0,0,1,1,1,1,2023,2,3,10,1,0.0,0.0,1,1682,1611,1,196465.0
4,2,6,0,2,3,9.0,2,1,0,0,0,1,11,2026,2,2,5,0,4.5,45.0,0,1661,676,0,115491.0
0,0,0,0,1,3,6.0,3,0,0,1,1,1,7,2025,0,3,10,1,2.0,60.0,1,1679,1567,1,195237.0
3,0,0,6,1,3,10.0,0,0,0,1,0,1,5,2020,0,2,6,0,5.0,60.0,1,1623,1567,0,146027.0
4,0,0,0,3,2,3.0,0,0,1,0,0,1,11,2020,0,2,4,0,1.5,12.0,0,1661,1567,0,100015.0
5,2,4,0,2,2,7.0,1,1,1,0,1,1,1,2026,0,4,10,0,1.75,70.0,0,1682,1611,0,141999.0
0,2,4,0,1,1,12.0,2,0,0,0,0,1,8,2024,0,1,3,0,12.0,36.0,0,1679,1611,0,112544.0
6,0,6,6,0,1,4.4,3,0,0,1,1,1,9,2021,0,3,10,1,1.4666666666666668,44.0,1,40,676,0,79491.0
1,1,1,3,2,2,13.0,2,1,1,0,1,1,4,2024,0,4,10,0,3.25,130.0,0,1714,1531,1,202887.5
0,0,1,2,0,3,8.8,0,1,1,1,1,0,12,2023,0,4,10,1,2.2,88.0,0,1679,1531,1,186013.0
0,1,4,7,3,2,5.0,0,1,1,1,0,1,9,2025,0,4,9,0,1.25,45.0,1,1679,1611,0,121507.0
5,3,2,6,1,2,2.0,2,0,1,0,1,1,6,2020,0,3,8,0,0.6666666666666666,16.0,0,1682,1595,0,113873.0
4,0,2,6,2,2,4.0,0,1,1,1,1,0,12,2022,0,4,10,1,1.0,40.0,0,1661,1595,0,113873.0
4,2,3,2,0,1,10.2,0,1,1,0,1,1,12,2024,2,4,10,0,2.55,102.0,0,1661,1551,0,75023.0
2,1,1,4,0,1,4.0,0,1,0,0,0,1,5,2020,1,2,5,0,2.0,20.0,0,1626,1531,0,62963.0
5,1,2,4,0,1,2.0,0,1,1,0,0,1,6,2022,1,3,6,0,0.6666666666666666,12.0,0,1682,1595,0,104494.0
0,3,1,3,0,3,2.4,2,0,1,1,0,0,1,2022,1,2,4,0,1.2,9.6,0,1679,1531,1,202887.5
3,2,6,6,2,1,0.0,3,1,0,1,0,0,1,2021,1,2,5,0,0.0,0.0,0,1623,676,0,61640.0
3,0,5,6,2,1,2.0,2,0,1,1,1,0,3,2024,1,3,8,1,0.6666666666666666,16.0,0,1623,1494,0,80095.0
2,2,2,5,1,2,12.5,0,0,0,1,0,0,4,2026,2,1,3,0,12.5,37.5,0,1626,1595,0,93137.0
4,1,3,2,0,4,4.0,1,0,0,1,1,0,4,2023,2,2,7,1,2.0,28.0,0,1661,1551,0,101445.0
0,2,2,6,2,3,1.0,0,1,0,0,0,0,12,2020,0,1,2,0,1.0,2.0,0,1679,1595,0,113873.0
5,2,3,3,3,2,11.0,2,0,0,0,0,1,7,2021,0,1,3,0,11.0,33.0,0,1682,1551,0,124249.0
4,0,5,2,0,1,7.0,3,1,0,1,0,0,5,2022,0,2,5,0,3.5,35.0,0,1661,1494,0,65594.0
5,0,1,2,1,4,7.0,2,0,1,1,0,0,8,2025,0,2,4,0,3.5,28.0,0,1682,1531,0,113873.0
5,0,2,5,1,3,10.0,3,0,1,0,1,1,9,2025,2,3,8,0,3.333333333333333,80.0,0,1682,1595,0,161167.0
1,0,4,4,2,3,5.0,0,1,0,0,0,0,12,2025,1,1,2,0,5.0,10.0,0,1714,1611,0,118188.0
2,1,0,1,0,3,2.0,0,1,1,1,0,0,12,2024,1,3,6,0,0.6666666666666666,12.0,0,1626,1567,0,111100.0
4,0,3,1,0,3,8.0,0,0,1,1,0,0,2,2022,1,2,4,0,4.0,32.0,0,1661,1551,0,110900.0
0,2,4,2,1,1,10.0,0,0,0,1,1,1,8,2024,1,3,10,1,3.333333333333333,100.0,1,1679,1611,0,115495.0
0,2,3,6,0,1,3.0,1,1,1,0,1,1,8,2021,1,4,10,0,0.75,30.0,0,1679,1551,0,110615.0
2,0,3,7,1,3,3.0,2,1,0,1,1,1,10,2020,1,4,12,1,0.75,36.0,1,1626,1551,0,113873.0
0,2,0,1,2,1,4.0,0,0,1,1,1,1,7,2026,1,4,11,1,1.0,44.0,1,1679,1567,1,202887.5
1,0,4,2,2,2,1.0,2,0,1,1,0,1,7,2024,1,3,7,0,0.3333333333333333,7.0,1,1714,1611,0,96549.0
4,3,0,3,0,1,10.0,0,0,0,1,1,0,4,2024,1,2,7,1,5.0,70.0,0,1661,1567,0,83420.0
0,2,3,7,2,2,12.0,0,0,1,1,0,1,6,2023,1,3,7,0,4.0,84.0,1,1679,1551,1,202887.5
4,0,1,1,1,2,8.0,2,0,1,1,0,0,2,2020,1,2,4,0,4.0,32.0,0,1661,1531,0,101261.0
5,1,4,2,1,3,2.0,0,0,0,1,1,0,11,2025,0,2,7,1,1.0,14.0,0,1682,1611,1,166833.0
0,0,3,0,2,1,7.0,2,0,0,1,0,1,4,2024,0,2,6,0,3.5,42.0,1,1679,1551,0,115399.0
3,3,2,7,3,1,13.0,2,0,1,1,0,0,7,2020,0,2,4,0,6.5,52.0,0,1623,1595,0,62894.0
2,3,0,7,0,2,6.0,2,0,0,0,0,1,7,2022,0,1,3,0,6.0,18.0,0,1626,1567,0,104741.0
3,0,1,1,2,3,9.0,1,1,1,0,1,1,12,2024,0,4,10,0,2.25,90.0,0,1623,1531,1,163312.0
5,1,2,4,0,3,8.0,2,1,1,0,1,0,1,2026,2,3,7,0,2.6666666666666665,56.0,0,1682,1595,0,159818.0
2,0,1,5,0,3,12.0,1,0,0,1,0,1,8,2026,2,2,6,0,6.0,72.0,1,1626,1531,0,125476.0
5,0,1,7,0,2,9.0,1,0,1,1,1,0,1,2025,2,3,8,1,3.0,72.0,0,1682,1531,0,161625.0
1,3,4,2,2,2,1.0,0,1,0,1,0,1,3,2022,2,3,8,0,0.3333333333333333,8.0,1,1714,1611,0,103662.0
4,0,3,6,2,2,2.0,0,0,0,1,1,1,1,2026,2,3,10,1,0.6666666666666666,20.0,1,1661,1551,0,119254.0
3,2,0,5,0,2,12.0,1,0,1,1,1,1,9,2020,2,4,11,1,3.0,132.0,1,1623,1567,0,118675.0
1,2,0,3,0,4,1.0,3,1,1,1,0,0,1,2022,0,3,6,0,0.3333333333333333,6.0,0,1714,1567,0,66790.0
0,2,1,6,0,3,6.1,3,1,0,1,0,1,9,2022,0,3,8,0,2.033333333333333,48.8,1,1679,1531,0,154630.0
2,0,0,4,0,2,11.0,1,1,0,0,0,1,1,2024,2,2,5,0,5.5,55.0,0,1626,1567,0,75014.0
4,0,1,4,1,1,14.0,0,0,1,1,1,1,5,2023,2,4,11,1,3.5,154.0,1,1661,1531,0,82360.0
4,1,2,4,3,3,2.0,1,0,0,1,0,0,2,2023,2,1,3,0,2.0,6.0,0,1661,1595,0,111700.0
5,1,0,4,3,0,12.0,1,1,0,1,0,0,11,2021,2,2,5,0,6.0,60.0,0,1682,1567,0,104906.0
3,0,5,4,2,2,11.0,0,0,0,1,0,0,10,2026,2,1,3,0,11.0,33.0,0,1623,1494,0,87291.0
5,0,0,6,3,2,4.0,0,0,1,1,1,1,4,2026,2,4,11,1,1.0,44.0,1,1682,1567,1,175143.0
5,0,3,5,2,4,6.9,0,1,0,1,1,1,4,2026,2,4,12,1,1.725,82.80000000000001,1,1682,1551,1,174869.0
0,0,4,6,1,3,1.7,3,1,1,1,0,0,4,2026,2,3,6,0,0.5666666666666667,10.2,0,1679,1611,0,113873.0
4,0,0,6,0,3,3.0,1,1,0,1,1,1,11,2024,2,4,12,1,0.75,36.0,1,1661,1567,0,145781.0
1,0,1,5,2,2,7.0,1,0,0,1,1,0,12,2023,2,2,7,1,3.5,49.0,0,1714,1531,0,106443.0
3,3,0,6,0,1,13.0,1,0,1,1,1,0,4,2020,0,3,8,1,4.333333333333333,104.0,0,1623,1567,0,67115.0
4,0,3,3,1,2,7.0,0,0,1,0,0,0,10,2023,0,1,1,0,7.0,7.0,0,1661,1551,0,95987.0
2,0,3,2,3,3,4.4,1,0,0,1,0,0,1,2024,0,1,3,0,4.4,13.2,0,1626,1551,0,129712.0
1,0,4,5,3,2,14.0,2,0,0,0,0,1,4,2026,0,1,3,0,14.0,42.0,0,1714,1611,0,105104.0
3,0,3,0,2,3,2.0,0,1,0,0,1,0,4,2022,0,2,6,0,1.0,12.0,0,1623,1551,0,113817.0
4,0,2,3,1,2,3.0,2,1,1,0,1,0,4,2026,0,3,7,0,1.0,21.0,0,1661,1595,0,113873.0
0,2,5,0,2,2,8.0,1,1,1,0,1,0,12,2025,0,3,7,0,2.6666666666666665,56.0,0,1679,1494,0,128075.0
3,3,3,2,1,3,11.0,0,1,1,1,0,1,7,2023,0,4,9,0,2.75,99.0,1,1623,1551,0,110372.0
3,0,5,0,0,3,7.0,2,0,1,0,1,1,1,2026,0,3,8,0,2.333333333333333,56.0,0,1623,1494,0,113873.0
1,0,1,4,1,1,7.0,2,0,0,1,0,1,1,2023,0,2,6,0,3.5,42.0,1,1714,1531,0,99257.0
4,0,0,3,1,1,0.0,0,1,0,1,0,0,12,2023,0,2,5,0,0.0,0.0,0,1661,1567,0,63717.0
4,0,3,3,1,2,5.0,0,1,0,0,1,1,9,2026,0,3,9,0,1.6666666666666667,45.0,0,1661,1551,0,120700.0
4,2,0,3,0,2,6.0,1,0,1,1,1,1,1,2021,0,4,11,1,1.5,66.0,1,1661,1567,0,110243.0
1,0,0,6,0,3,5.0,2,1,1,0,1,1,7,2026,0,4,10,0,1.25,50.0,0,1714,1567,0,113554.0
0,0,0,6,0,3,1.0,0,1,0,0,0,0,8,2022,1,1,2,0,1.0,2.0,0,1679,1567,0,155476.0
3,2,1,0,0,0,6.0,0,0,1,0,0,1,8,2025,1,2,4,0,3.0,24.0,0,1623,1531,0,62201.0
4,0,2,3,1,2,0.0,1,1,0,0,1,1,3,2023,1,3,9,0,0.0,0.0,0,1661,1595,0,71078.0
2,1,5,3,1,3,13.0,1,1,1,1,1,0,6,2022,1,4,10,1,3.25,130.0,0,1626,1494,0,133400.0
2,0,5,0,0,3,4.0,1,0,1,1,0,0,6,2022,1,2,4,0,2.0,16.0,0,1626,1494,0,116798.0
1,0,4,5,2,1,9.0,2,1,0,1,0,0,1,2025,1,2,5,0,4.5,45.0,0,1714,1611,0,88476.0
0,0,5,1,1,3,0.0,2,0,1,1,0,0,2,2025,0,2,4,0,0.0,0.0,0,1679,1494,0,142064.0
3,1,0,2,2,3,9.0,1,0,1,0,0,0,9,2021,0,1,1,0,9.0,9.0,0,1623,1567,0,97116.0
4,2,2,4,0,3,14.0,2,1,1,1,0,1,1,2020,0,4,9,0,3.5,126.0,1,1661,1595,0,61640.0
1,1,4,2,2,1,1.0,0,1,1,0,0,1,2,2026,0,3,6,0,0.3333333333333333,6.0,0,1714,1611,0,62860.0
2,0,3,7,3,1,7.0,0,0,1,0,1,0,9,2026,0,2,5,0,3.5,35.0,0,1626,1551,0,61640.0
2,2,2,6,0,1,7.0,2,0,0,1,0,0,1,2026,0,1,3,0,7.0,21.0,0,1626,1595,0,65808.0
1,1,4,3,2,2,9.0,0,0,0,1,0,1,5,2024,0,2,6,0,4.5,54.0,1,1714,1611,0,115458.0
4,0,2,5,0,4,3.0,1,0,1,1,0,0,3,2021,0,2,4,0,1.5,12.0,0,1661,1595,0,134442.0
2,0,5,2,2,4,5.0,1,1,1,1,1,0,2,2025,0,4,10,1,1.25,50.0,0,1626,1494,1,202887.5
4,1,5,0,0,1,7.0,2,0,0,1,0,1,9,2022,0,2,6,0,3.5,42.0,1,1661,1494,0,74700.0
0,2,5,6,2,2,11.0,0,0,1,1,0,1,1,2023,0,3,7,0,3.6666666666666665,77.0,1,1679,1494,0,123468.0
0,0,0,6,1,3,11.0,1,0,1,1,0,0,4,2024,0,2,4,0,5.5,44.0,0,1679,1567,0,158618.0
1,0,0,6,2,4,0.0,2,0,1,1,0,1,4,2023,0,3,7,0,0.0,0.0,1,1714,1567,0,93627.0
1,1,3,1,3,2,7.0,1,0,1,0,0,0,12,2025,0,1,1,0,7.0,7.0,0,1714,1551,0,73694.0
3,3,3,4,2,1,8.0,0,1,0,0,1,0,9,2024,0,2,6,0,4.0,48.0,0,1623,1551,0,61640.0
0,0,0,6,0,1,5.0,2,0,1,1,1,1,3,2025,0,4,11,1,1.25,55.0,1,1679,1567,0,110562.0
1,1,4,0,0,1,3.0,1,0,1,0,1,0,1,2023,0,2,5,0,1.5,15.0,0,1714,1611,0,67137.0
0,0,6,2,2,2,12.0,0,0,1,0,1,0,1,2024,0,2,5,0,6.0,60.0,0,1679,676,0,154840.0
2,1,6,5,1,3,7.0,2,0,0,0,1,1,6,2021,0,2,7,0,3.5,49.0,0,1626,676,0,122030.0
4,2,6,3,2,2,7.0,2,1,0,1,1,1,4,2024,0,4,12,1,1.75,84.0,1,1661,676,0,118438.0
1,0,2,4,3,2,5.0,2,1,1,0,1,0,8,2020,0,3,7,0,1.6666666666666667,35.0,0,1714,1595,0,91353.0
1,0,2,2,1,2,2.0,0,0,1,0,0,1,4,2024,0,2,4,0,1.0,8.0,0,1714,1595,0,87545.0
0,0,0,7,0,1,12.0,1,0,1,0,1,1,10,2022,0,3,8,0,4.0,96.0,0,1679,1567,0,114956.0
5,0,4,5,1,1,4.0,0,1,0,0,0,0,11,2026,0,1,2,0,4.0,8.0,0,1682,1611,0,92018.0
1,1,0,2,0,1,7.0,0,1,1,0,0,0,10,2023,1,2,3,0,3.5,21.0,0,1714,1567,0,113873.0
1,2,2,4,0,1,7.0,1,0,1,1,0,0,11,2023,1,2,4,0,3.5,28.0,0,1714,1595,0,67689.0
1,2,3,3,1,1,4.0,2,1,1,1,0,0,9,2024,1,3,6,0,1.3333333333333333,24.0,0,1714,1551,0,61640.0
3,3,0,6,3,1,3.0,2,1,0,1,0,1,5,2023,1,3,8,0,1.0,24.0,1,1623,1567,0,76045.0
0,1,1,4,1,3,0.0,0,1,1,1,1,0,10,2026,1,4,10,1,0.0,0.0,0,1679,1531,1,167603.0
4,1,3,3,0,1,3.0,3,0,1,0,1,0,8,2021,1,2,5,0,1.5,15.0,0,1661,1551,0,113873.0
1,1,3,6,1,2,13.0,0,1,0,0,0,0,12,2020,1,1,2,0,13.0,26.0,0,1714,1551,1,202887.5
3,1,3,3,2,1,0.0,0,0,0,1,1,1,1,2025,1,3,10,1,0.0,0.0,1,1623,1551,0,86408.0
2,0,0,6,2,2,10.0,2,1,1,0,0,0,8,2022,1,2,3,0,5.0,30.0,0,1626,1567,0,73818.0
3,2,0,3,0,0,11.0,2,0,0,1,1,0,6,2021,1,2,7,1,5.5,77.0,0,1623,1567,0,75088.0
1,1,4,2,0,2,10.0,2,0,1,0,0,0,6,2021,2,1,1,0,10.0,10.0,0,1714,1611,0,73864.0
3,0,1,5,1,3,9.0,0,1,1,1,1,1,12,2026,2,5,13,1,1.8,117.0,1,1623,1531,0,148015.0
3,0,1,1,1,1,13.0,2,0,0,1,0,0,6,2025,2,1,3,0,13.0,39.0,0,1623,1531,0,61640.0
4,2,3,0,0,2,13.0,2,1,0,1,0,0,4,2021,2,2,5,0,6.5,65.0,0,1661,1551,0,88329.0
1,0,3,0,1,0,14.0,2,0,0,0,0,1,1,2022,0,1,3,0,14.0,42.0,0,1714,1551,0,61640.0
2,2,0,4,2,4,7.0,1,1,0,0,1,0,11,2020,0,2,6,0,3.5,42.0,0,1626,1567,0,113873.0
5,0,1,3,1,1,7.0,1,1,0,0,0,1,9,2026,0,2,5,0,3.5,35.0,0,1682,1531,0,95947.0
3,3,0,4,1,2,7.0,1,1,0,0,1,1,1,2025,0,3,9,0,2.333333333333333,63.0,0,1623,1567,0,104070.0
5,3,5,4,0,4,7.0,1,1,0,1,1,1,1,2021,0,4,12,1,1.75,84.0,1,1682,1494,1,178631.0
4,0,3,6,1,2,4.0,0,0,0,0,1,1,8,2020,0,2,7,0,2.0,28.0,0,1661,1551,0,107353.0
5,0,4,4,0,2,7.0,1,0,0,1,1,1,6,2020,0,3,10,1,2.333333333333333,70.0,1,1682,1611,1,170054.0
1,0,2,1,1,3,4.0,0,1,1,1,0,1,8,2021,1,4,9,0,1.0,36.0,1,1714,1595,0,114705.0
2,0,3,2,2,1,7.0,0,0,0,1,1,0,1,2020,1,2,7,1,3.5,49.0,0,1626,1551,0,103935.0
3,0,4,6,1,3,11.0,1,1,0,1,0,1,7,2021,2,3,8,0,3.6666666666666665,88.0,1,1623,1611,0,148054.0
1,1,0,2,1,2,7.0,0,1,0,1,0,1,10,2022,2,3,8,0,2.333333333333333,56.0,1,1714,1567,0,98108.0
1,1,2,3,1,2,4.0,1,1,0,0,1,0,9,2020,2,2,6,0,2.0,24.0,0,1714,1595,0,91929.0
0,0,4,5,1,2,11.0,2,1,0,1,0,0,11,2026,2,2,5,0,5.5,55.0,0,1679,1611,0,148705.0
0,1,4,3,1,2,0.2,0,0,1,0,0,1,4,2023,2,2,4,0,0.1,0.8,0,1679,1611,0,129174.0
0,3,6,1,2,2,0.0,1,0,0,0,1,1,1,2021,2,2,7,0,0.0,0.0,0,1679,676,0,133390.0
3,1,0,1,3,2,6.0,2,0,1,1,0,1,12,2026,2,3,7,0,2.0,42.0,1,1623,1567,0,98941.0
3,1,3,3,0,4,10.0,2,1,1,0,0,0,10,2026,2,2,3,0,5.0,30.0,0,1623,1551,0,71327.0
3,2,2,4,0,2,8.0,1,0,0,0,1,1,10,2023,2,2,7,0,4.0,56.0,0,1623,1595,0,113873.0
1,0,1,6,1,1,13.0,1,0,1,1,0,1,8,2022,2,3,7,0,4.333333333333333,91.0,1,1714,1531,0,85400.0
3,0,2,7,0,2,14.0,3,0,1,1,1,1,1,2024,0,4,11,1,3.5,154.0,1,1623,1595,0,96400.0
4,0,0,4,0,2,8.0,2,0,0,0,0,1,6,2025,0,1,3,0,8.0,24.0,0,1661,1567,0,107000.0
2,0,0,0,2,1,9.0,2,0,1,1,1,0,3,2023,0,3,8,1,3.0,72.0,0,1626,1567,0,77738.0
1,3,1,4,0,2,5.0,2,1,1,1,1,1,1,2022,0,5,13,1,1.0,65.0,1,1714,1531,0,113180.0
4,1,2,7,1,3,9.0,1,0,1,0,0,1,12,2022,0,2,4,0,4.5,36.0,0,1661,1595,1,202887.5
5,0,6,0,0,0,3.0,2,0,0,1,0,0,9,2020,0,1,3,0,3.0,9.0,0,1682,676,0,125020.0
0,3,3,7,1,3,3.0,0,0,1,0,1,0,11,2023,0,2,5,0,1.5,15.0,0,1679,1551,0,150666.0
4,2,1,0,2,3,9.0,2,1,0,0,0,1,11,2026,0,2,5,0,4.5,45.0,0,1661,1531,0,115491.0
3,0,0,6,1,2,9.0,0,1,1,1,1,1,7,2022,0,5,13,1,1.8,117.0,1,1623,1567,0,135601.0
4,0,5,1,2,1,11.0,1,0,1,0,0,0,6,2021,0,1,1,0,11.0,11.0,0,1661,1494,0,73588.0
5,0,3,5,1,2,3.0,1,1,0,1,0,1,6,2021,0,3,8,0,1.0,24.0,1,1682,1551,0,151032.0
5,0,1,5,0,1,13.0,0,1,1,0,1,0,9,2022,0,3,7,0,4.333333333333333,91.0,0,1682,1531,0,120788.0
4,0,1,6,1,3,6.0,2,0,0,1,1,1,9,2023,0,3,10,1,2.0,60.0,1,1661,1531,0,158250.0
3,1,3,5,2,3,3.0,2,1,1,1,1,0,5,2024,0,4,10,1,0.75,30.0,0,1623,1551,0,126900.0
5,0,3,5,3,3,11.7,1,0,1,1,0,0,5,2024,0,2,4,0,5.85,46.8,0,1682,1551,1,172808.0
2,0,4,3,3,1,3.0,0,0,1,1,1,0,10,2024,0,3,8,1,1.0,24.0,0,1626,1611,0,76400.0
1,0,2,3,3,2,3.0,1,1,0,1,0,1,10,2024,0,3,8,0,1.0,24.0,1,1714,1595,0,101153.0
0,0,4,2,0,1,8.0,2,1,0,1,0,1,12,2025,0,3,8,0,2.6666666666666665,64.0,1,1679,1611,0,154494.0
0,1,1,5,1,3,0.0,3,0,1,1,0,1,6,2024,0,3,7,0,0.0,0.0,1,1679,1531,1,166276.0
3,0,3,1,1,2,10.0,3,1,0,0,1,1,10,2022,0,3,9,0,3.333333333333333,90.0,0,1623,1551,1,202887.5
2,2,1,7,1,1,10.0,2,1,0,0,0,0,5,2026,0,1,2,0,10.0,20.0,0,1626,1531,0,67976.0
1,0,1,1,0,1,11.0,2,1,0,1,1,1,9,2021,0,4,12,1,2.75,132.0,1,1714,1531,0,61640.0
2,1,0,0,2,4,7.0,2,0,1,0,1,0,5,2023,0,2,5,0,3.5,35.0,0,1626,1567,0,113873.0
2,0,6,6,1,2,11.0,0,0,1,1,0,0,2,2021,0,2,4,0,5.5,44.0,0,1626,676,0,112837.0
5,0,5,4,1,1,7.0,1,0,1,1,0,1,4,2023,0,3,7,0,2.333333333333333,49.0,1,1682,1494,0,132538.0
1,2,0,5,1,1,3.0,0,0,1,0,0,1,9,2023,1,2,4,0,1.5,12.0,0,1714,1567,0,61640.0
5,3,2,5,0,4,7.0,0,1,1,1,0,0,11,2024,1,3,6,0,2.333333333333333,42.0,0,1682,1595,0,160563.0
0,2,3,4,0,2,7.0,1,1,0,1,1,1,5,2026,1,4,12,1,1.75,84.0,1,1679,1551,0,61640.0
1,0,2,2,2,3,2.0,2,1,0,1,0,1,8,2021,0,3,8,0,0.6666666666666666,16.0,1,1714,1595,0,126557.0
2,2,4,7,0,1,12.0,2,1,0,1,0,1,1,2021,0,3,8,0,4.0,96.0,1,1626,1611,0,76545.0
1,0,5,2,1,1,13.0,2,0,1,1,1,0,12,2022,0,3,8,1,4.333333333333333,104.0,0,1714,1494,0,95869.0
3,2,3,5,2,1,10.0,1,0,0,0,0,1,11,2026,0,1,3,0,10.0,30.0,0,1623,1551,0,61640.0
3,1,2,4,0,3,3.0,0,0,1,1,0,1,4,2024,0,3,7,0,1.0,21.0,1,1623,1595,0,125373.0
3,1,2,2,1,2,5.0,0,0,0,0,1,1,5,2024,0,2,7,0,2.5,35.0,0,1623,1595,0,103579.0
3,2,6,2,0,1,14.0,2,1,1,1,1,0,8,2024,0,4,10,1,3.5,140.0,0,1623,676,0,80700.0
1,1,1,5,1,1,2.0,1,1,0,0,0,0,5,2022,0,1,2,0,2.0,4.0,0,1714,1531,0,61640.0
4,3,2,5,0,3,2.0,2,1,1,0,1,0,4,2023,0,3,7,0,0.6666666666666666,14.0,0,1661,1595,0,113873.0
2,0,5,2,0,1,7.0,2,1,0,0,1,1,6,2023,0,3,9,0,2.333333333333333,63.0,0,1626,1494,0,61640.0
4,0,4,1,0,3,4.0,1,0,0,0,1,1,1,2024,1,2,7,0,2.0,28.0,0,1661,1611,0,142611.0
4,1,0,4,1,1,12.0,2,0,1,0,0,1,2,2020,1,2,4,0,6.0,48.0,0,1661,1567,0,113873.0
1,1,2,0,1,2,4.0,2,1,1,0,0,0,12,2021,1,2,3,0,2.0,12.0,0,1714,1595,0,70149.0
5,2,3,4,0,3,7.0,1,0,1,1,0,1,1,2021,1,3,7,0,2.333333333333333,49.0,1,1682,1551,1,165238.0
0,2,5,1,2,3,11.0,2,0,1,1,1,0,5,2024,1,3,8,1,3.6666666666666665,88.0,0,1679,1494,1,168410.0
5,0,6,5,2,4,3.0,3,1,0,1,0,1,6,2020,1,3,8,0,1.0,24.0,1,1682,676,1,172457.0
3,2,1,7,0,2,14.2,2,0,0,0,0,1,3,2021,1,1,3,0,14.2,42.6,0,1623,1531,0,78533.0
5,1,1,6,0,1,8.0,0,1,1,0,1,0,6,2025,1,3,7,0,2.6666666666666665,56.0,0,1682,1531,0,104550.0
4,2,6,5,1,2,7.0,3,1,1,0,0,1,6,2021,1,3,6,0,2.333333333333333,42.0,0,1661,676,0,84231.0
2,2,4,5,1,1,11.4,0,1,0,1,0,1,9,2020,1,3,8,0,3.8,91.2,1,1626,1611,0,70600.0
2,2,0,4,1,3,6.0,2,1,0,1,1,0,8,2021,1,3,9,1,2.0,54.0,0,1626,1567,0,126317.0
5,0,5,7,2,2,11.0,0,0,1,0,0,1,5,2026,1,2,4,0,5.5,44.0,0,1682,1494,0,144092.0
2,0,5,2,2,2,9.3,0,0,0,1,0,0,3,2022,1,1,3,0,9.3,27.9,0,1626,1494,0,113873.0
0,1,5,6,2,2,13.0,3,0,1,1,0,1,2,2025,1,3,7,0,4.333333333333333,91.0,1,1679,1494,0,124241.0
3,1,1,2,0,3,7.0,1,0,0,1,0,0,2,2023,1,1,3,0,7.0,21.0,0,1623,1531,0,114795.0
5,0,0,4,2,3,3.0,1,1,1,1,1,1,2,2025,1,5,13,1,0.6,39.0,1,1682,1567,1,180093.0
5,2,6,1,1,1,13.0,1,1,1,0,0,1,10,2024,2,3,6,0,4.333333333333333,78.0,0,1682,676,0,101876.0
5,2,0,2,2,2,10.0,3,1,1,1,0,1,1,2023,2,4,9,0,2.5,90.0,1,1682,1567,0,136378.0
4,1,1,4,1,0,11.0,0,0,1,0,0,0,6,2020,2,1,1,0,11.0,11.0,0,1661,1531,0,61640.0
0,0,4,3,0,1,5.0,0,0,1,1,0,1,12,2022,2,3,7,0,1.6666666666666667,35.0,1,1679,1611,0,129200.0
2,1,0,4,2,1,9.0,0,0,1,0,0,1,3,2024,2,2,4,0,4.5,36.0,0,1626,1567,0,77330.0
3,0,4,0,0,2,12.0,0,0,1,0,0,0,4,2024,2,1,1,0,12.0,12.0,0,1623,1611,0,113873.0
2,1,2,2,1,1,11.0,0,0,1,1,0,1,12,2022,2,3,7,0,3.6666666666666665,77.0,1,1626,1595,0,78046.0
5,1,2,2,2,2,8.0,2,1,1,0,1,1,1,2022,2,4,10,0,2.0,80.0,0,1682,1595,0,157151.0
0,3,4,6,2,2,2.0,1,1,0,1,1,1,11,2021,2,4,12,1,0.5,24.0,1,1679,1611,1,175860.0
5,0,0,5,2,3,14.0,0,1,0,0,0,1,2,2023,2,2,5,0,7.0,70.0,0,1682,1567,1,168921.0
1,1,6,0,3,2,7.0,1,0,1,0,1,1,6,2022,2,3,8,0,2.333333333333333,56.0,0,1714,676,0,98779.0
0,2,4,7,2,1,0.0,2,1,0,1,1,1,1,2025,2,4,12,1,0.0,0.0,1,1679,1611,0,120766.0
4,2,0,2,1,1,0.0,0,1,0,1,1,1,1,2025,2,4,12,1,0.0,0.0,1,1661,1567,0,74722.0
4,2,1,0,0,0,4.0,0,0,0,1,0,0,1,2024,1,1,3,0,4.0,12.0,0,1661,1531,0,61640.0
1,0,1,5,0,4,11.0,2,1,1,0,0,0,12,2020,1,2,3,0,5.5,33.0,0,1714,1531,0,113873.0
5,0,2,4,2,3,7.0,2,0,0,0,1,1,6,2021,1,2,7,0,3.5,49.0,0,1682,1595,0,113873.0
3,0,0,2,2,3,6.0,1,1,0,1,0,1,5,2026,1,3,8,0,2.0,48.0,1,1623,1567,0,158154.0
3,0,5,0,1,1,1.0,1,0,1,1,1,0,6,2025,0,3,8,1,0.3333333333333333,8.0,0,1623,1494,0,82355.0
4,1,2,4,0,4,14.0,1,0,0,1,0,1,6,2022,0,2,6,0,7.0,84.0,1,1661,1595,0,110952.0
3,0,5,4,0,3,6.0,1,1,0,1,1,0,10,2023,0,3,9,1,2.0,54.0,0,1623,1494,0,152444.0
3,1,0,5,0,3,4.0,2,1,1,1,0,1,4,2021,0,4,9,0,1.0,36.0,1,1623,1567,0,124345.0
4,2,4,3,1,3,5.0,2,0,1,0,0,1,9,2025,0,2,4,0,2.5,20.0,0,1661,1611,0,114055.0
4,0,3,2,1,1,6.4,1,1,0,1,0,1,5,2025,0,3,8,0,2.1333333333333333,51.2,1,1661,1551,0,94170.0
4,0,5,6,1,2,3.0,2,0,0,0,1,0,1,2021,0,1,4,0,3.0,12.0,0,1661,1494,0,108924.0
5,2,1,3,0,2,11.0,2,0,0,0,1,0,12,2025,0,1,4,0,11.0,44.0,0,1682,1531,0,126993.0
5,1,4,1,1,2,12.0,2,0,1,1,1,1,12,2020,0,4,11,1,3.0,132.0,1,1682,1611,0,159795.0
1,2,0,1,2,1,8.0,1,0,0,0,1,1,7,2022,0,2,7,0,4.0,56.0,0,1714,1567,0,70898.0
1,0,5,4,0,3,6.4,0,0,0,1,0,0,4,2025,0,1,3,0,6.4,19.200000000000003,0,1714,1494,0,139815.0
1,0,1,1,2,1,0.0,1,1,1,1,1,1,5,2021,0,5,13,1,0.0,0.0,1,1714,1531,0,113469.0
5,2,3,2,3,1,1.0,1,0,1,1,0,1,3,2022,0,3,7,0,0.3333333333333333,7.0,1,1682,1551,0,98211.0
0,1,5,3,2,1,9.0,1,1,0,0,0,0,3,2022,0,1,2,0,9.0,18.0,0,1679,1494,0,92511.0
4,2,0,2,1,1,7.0,0,0,1,1,0,0,4,2025,0,2,4,0,3.5,28.0,0,1661,1567,0,78000.0
2,1,5,5,2,3,5.0,3,1,1,1,0,1,7,2022,0,4,9,0,1.25,45.0,1,1626,1494,0,108934.0
0,0,5,3,1,1,7.0,2,1,1,0,1,1,5,2022,0,4,10,0,1.75,70.0,0,1679,1494,0,120019.0
0,1,3,0,1,4,10.0,0,1,1,1,1,0,1,2024,0,4,10,1,2.5,100.0,0,1679,1551,0,147462.0
0,2,4,6,1,4,12.0,3,0,1,1,0,0,6,2025,0,2,4,0,6.0,48.0,0,1679,1611,0,131564.0
2,0,1,6,0,1,14.0,0,0,1,1,1,1,8,2026,0,4,11,1,3.5,154.0,1,1626,1531,0,107805.0
0,2,1,1,1,3,3.0,2,0,1,0,0,1,1,2024,0,2,4,0,1.5,12.0,0,1679,1531,0,151900.0
3,0,3,3,0,1,2.0,2,0,0,1,1,1,2,2022,0,3,10,1,0.6666666666666666,20.0,1,1623,1551,0,110315.0
2,0,5,3,2,3,14.0,1,1,0,0,1,1,7,2024,0,3,9,0,4.666666666666667,126.0,0,1626,1494,0,129866.0
1,2,3,1,0,2,6.0,0,1,0,1,1,1,5,2020,0,4,12,1,1.5,72.0,1,1714,1551,0,115960.0
5,0,3,0,2,1,13.0,1,0,0,0,0,1,10,2025,0,1,3,0,13.0,39.0,0,1682,1551,0,115199.0
1,2,4,5,1,3,11.0,2,0,0,1,0,0,9,2022,0,1,3,0,11.0,33.0,0,1714,1611,0,112901.0
3,0,6,2,2,3,7.0,1,0,0,0,1,0,3,2020,0,1,4,0,7.0,28.0,0,1623,676,0,139951.0
3,0,3,2,0,3,2.0,1,1,0,0,1,1,10,2023,0,3,9,0,0.6666666666666666,18.0,0,1623,1551,0,128435.0
5,0,1,0,2,2,2.0,0,0,1,1,0,1,12,2021,0,3,7,0,0.6666666666666666,14.0,1,1682,1531,0,137693.0
3,0,5,3,0,2,14.0,1,0,0,1,1,0,7,2026,0,2,7,1,7.0,98.0,0,1623,1494,0,105343.0
1,0,3,3,1,1,10.0,0,0,1,0,0,1,1,2020,0,2,4,0,5.0,40.0,0,1714,1551,0,83689.0
0,1,3,5,1,1,14.0,1,1,1,1,1,0,7,2025,0,4,10,1,3.5,140.0,0,1679,1551,0,115617.0
2,0,5,2,2,3,12.0,2,0,0,1,1,0,10,2023,0,2,7,1,6.0,84.0,0,1626,1494,0,149820.0
0,0,0,3,1,2,7.0,1,0,1,1,1,1,3,2020,0,4,11,1,1.75,77.0,1,1679,1567,1,177504.0
1,0,3,3,0,2,2.0,2,1,1,1,0,1,1,2023,0,4,9,0,0.5,18.0,1,1714,1551,0,103364.0
1,0,4,2,2,1,9.0,2,1,1,1,0,0,1,2023,0,3,6,0,3.0,54.0,0,1714,1611,0,61640.0
5,1,0,3,0,1,11.0,1,0,1,1,0,1,4,2023,0,3,7,0,3.6666666666666665,77.0,1,1682,1567,0,111085.0
3,1,5,2,0,3,7.0,1,1,0,1,0,1,11,2024,0,3,8,0,2.333333333333333,56.0,1,1623,1494,0,109900.0
2,1,2,2,0,3,9.0,0,1,0,0,0,1,10,2020,0,2,5,0,4.5,45.0,0,1626,1595,0,113200.0
4,0,2,2,2,2,7.0,2,0,1,1,0,1,3,2021,0,3,7,0,2.333333333333333,49.0,1,1661,1595,0,97656.0
0,0,4,5,1,3,3.0,2,0,0,1,0,1,1,2024,0,2,6,0,1.5,18.0,1,1679,1611,1,187537.0
0,1,3,4,0,2,4.0,0,1,0,1,0,0,1,2022,0,2,5,0,2.0,20.0,0,1679,1551,0,111700.0
3,2,5,4,0,2,3.0,0,0,0,1,0,1,9,2023,0,2,6,0,1.5,18.0,1,1623,1494,0,82191.0
1,3,4,4,0,1,6.0,1,0,1,1,0,0,3,2023,1,2,4,0,3.0,24.0,0,1714,1611,0,67925.0
4,2,1,5,2,1,7.0,1,1,1,0,1,0,3,2023,1,3,7,0,2.333333333333333,49.0,0,1661,1531,0,63128.0
3,1,6,1,2,1,2.0,0,0,1,1,0,1,8,2024,1,3,7,0,0.6666666666666666,14.0,1,1623,676,0,75819.0
3,3,1,0,1,2,7.0,1,1,1,0,1,0,8,2020,1,3,7,0,2.333333333333333,49.0,0,1623,1531,0,107599.0
4,1,2,4,1,2,4.0,1,1,1,0,1,0,8,2021,1,3,7,0,1.3333333333333333,28.0,0,1661,1595,1,202887.5
5,2,2,3,0,2,5.0,0,1,1,1,0,1,1,2020,1,4,9,0,1.25,45.0,1,1682,1595,0,144302.0
4,0,2,4,3,2,5.0,1,0,0,1,1,0,6,2020,1,2,7,1,2.5,35.0,0,1661,1595,0,122748.0
2,1,2,0,1,3,6.0,2,0,0,0,0,1,3,2021,1,1,3,0,6.0,18.0,0,1626,1595,0,106808.0
5,3,2,1,0,2,2.0,0,0,1,1,0,0,12,2025,1,2,4,0,1.0,8.0,0,1682,1595,0,117763.0
1,0,0,0,1,2,7.0,1,1,0,1,1,1,5,2022,1,4,12,1,1.75,84.0,1,1714,1567,0,104635.0
4,3,3,0,0,4,9.0,1,0,1,0,1,1,10,2022,1,3,8,0,3.0,72.0,0,1661,1551,0,61640.0
1,0,3,1,0,0,3.0,0,0,1,0,0,0,12,2026,1,1,1,0,3.0,3.0,0,1714,1551,0,61640.0
5,0,2,1,0,3,11.0,2,0,1,0,0,0,12,2021,1,1,1,0,11.0,11.0,0,1682,1595,1,174033.0
1,2,4,1,0,3,8.0,2,0,0,0,0,1,5,2022,0,1,3,0,8.0,24.0,0,1714,1611,0,96492.0
5,3,5,3,0,1,7.0,2,1,1,1,0,1,1,2022,0,4,9,0,1.75,63.0,1,1682,1494,0,133819.0
0,1,4,5,0,1,5.0,2,0,1,0,0,1,11,2024,0,2,4,0,2.5,20.0,0,1679,1611,0,113873.0
5,0,5,4,1,3,11.5,1,1,1,1,0,0,10,2024,0,3,6,0,3.8333333333333335,69.0,0,1682,1494,1,188734.0
1,0,5,3,0,3,12.0,1,1,1,0,1,1,1,2020,0,4,10,0,3.0,120.0,0,1714,1494,0,142970.0
2,2,5,3,2,1,7.0,0,0,1,0,0,1,1,2025,0,2,4,0,3.5,28.0,0,1626,1494,0,77798.0
1,2,5,0,0,3,12.0,2,1,1,0,1,1,9,2025,0,4,10,0,3.0,120.0,0,1714,1494,0,127725.0
4,0,5,3,1,0,2.0,0,0,0,1,0,1,2,2023,0,2,6,0,1.0,12.0,1,1661,1494,0,78675.0
5,2,1,6,0,1,1.0,0,0,0,0,0,1,11,2020,0,1,3,0,1.0,3.0,0,1682,1531,0,113873.0
1,1,0,6,0,1,9.0,2,1,1,1,0,1,9,2021,0,4,9,0,2.25,81.0,1,1714,1567,0,79175.0
5,1,3,6,3,1,3.0,0,1,0,1,0,1,3,2021,0,3,8,0,1.0,24.0,1,1682,1551,0,119821.0
3,1,3,2,1,4,7.0,1,1,1,1,0,0,7,2025,0,3,6,0,2.333333333333333,42.0,0,1623,1551,0,90122.0
1,1,2,3,0,3,7.0,0,0,1,1,0,1,1,2024,0,3,7,0,2.333333333333333,49.0,1,1714,1595,0,125320.0
2,2,4,4,2,1,1.0,2,1,0,0,0,1,1,2021,0,2,5,0,0.5,5.0,0,1626,1611,0,70452.0
2,2,0,5,0,3,1.0,2,0,1,1,0,0,1,2021,0,2,4,0,0.5,4.0,0,1626,1567,0,114765.0
0,1,3,5,0,2,10.0,0,0,1,0,0,1,8,2021,0,2,4,0,5.0,40.0,0,1679,1551,0,121176.0
1,1,6,4,0,3,4.0,1,1,0,1,0,1,12,2020,0,3,8,0,1.3333333333333333,32.0,1,1714,676,0,61640.0
3,1,2,6,1,1,1.0,2,1,1,0,1,0,8,2025,0,3,7,0,0.3333333333333333,7.0,0,1623,1595,0,61640.0
3,3,2,2,2,2,7.0,0,0,0,1,0,0,7,2023,0,1,3,0,7.0,21.0,0,1623,1595,0,89439.0
5,2,5,6,2,3,7.0,2,1,1,0,1,1,8,2023,0,4,10,0,1.75,70.0,0,1682,1494,1,163247.0
4,0,4,4,1,1,9.0,0,1,0,0,1,0,5,2022,0,2,6,0,4.5,54.0,0,1661,1611,0,66430.0
4,0,0,0,2,3,12.0,0,1,1,0,0,0,4,2026,0,2,3,0,6.0,36.0,0,1661,1567,0,113873.0
5,0,6,1,0,2,8.0,1,0,0,1,0,1,3,2024,2,2,6,0,4.0,48.0,1,1682,676,0,161497.0
2,2,2,6,2,2,12.0,2,0,1,0,0,1,2,2022,2,2,4,0,6.0,48.0,0,1626,1595,0,88846.0
1,2,4,2,2,3,5.0,2,1,1,1,1,1,1,2022,2,5,13,1,1.0,65.0,1,1714,1611,1,202887.5
0,1,4,6,1,1,5.0,1,1,1,1,1,1,12,2022,2,5,13,1,1.0,65.0,1,1679,1611,0,118413.0
0,2,2,7,0,2,7.0,2,1,1,1,1,1,12,2025,2,5,13,1,1.4,91.0,1,1679,1595,1,202887.5
5,2,1,0,2,2,10.0,1,0,1,1,1,0,1,2022,2,3,8,1,3.333333333333333,80.0,0,1682,1531,0,113873.0
0,0,4,3,0,3,11.0,0,1,0,0,0,0,8,2022,2,1,2,0,11.0,22.0,0,1679,1611,0,113873.0
2,0,6,1,0,3,7.0,0,1,1,1,0,0,1,2024,1,3,6,0,2.333333333333333,42.0,0,1626,676,0,122033.0
4,0,3,0,1,2,6.0,0,1,1,0,0,1,11,2023,1,3,6,0,2.0,36.0,0,1661,1551,0,96777.0
0,1,5,4,2,2,12.0,0,1,0,1,1,0,3,2024,1,3,9,1,4.0,108.0,0,1679,1494,0,147089.0
1,1,1,5,2,2,14.0,0,0,0,1,1,1,4,2026,0,3,10,1,4.666666666666667,140.0,1,1714,1531,0,111200.0
3,2,0,2,2,3,5.4,2,1,1,1,0,0,12,2022,1,3,6,0,1.8,32.400000000000006,0,1623,1567,0,118192.0
1,2,1,3,2,4,0.9,0,0,1,1,1,1,5,2026,1,4,11,1,0.225,9.9,1,1714,1531,0,117331.0
5,0,4,4,0,4,6.0,2,0,0,1,1,0,2,2020,1,2,7,1,3.0,42.0,0,1682,1611,0,153092.0
5,2,0,2,1,2,1.0,2,0,0,1,1,1,6,2025,1,3,10,1,0.3333333333333333,10.0,1,1682,1567,0,135804.0
5,1,5,1,2,1,7.0,1,0,0,1,0,1,11,2022,1,2,6,0,3.5,42.0,1,1682,1494,0,111877.0
2,1,3,4,1,1,7.0,3,0,0,0,1,0,6,2021,1,1,4,0,7.0,28.0,0,1626,1551,0,113873.0
5,2,0,3,1,2,7.0,1,1,1,1,0,1,1,2021,1,4,9,0,1.75,63.0,1,1682,1567,0,135300.0
0,2,3,5,3,2,5.0,0,0,0,1,0,1,3,2021,0,2,6,0,2.5,30.0,1,1679,1551,0,137377.0
5,0,2,1,2,1,11.0,2,0,0,0,1,0,1,2021,0,1,4,0,11.0,44.0,0,1682,1595,0,108669.0
1,0,1,3,2,1,3.0,2,0,0,0,0,1,11,2024,0,1,3,0,3.0,9.0,0,1714,1531,0,84977.0
5,3,3,6,1,3,10.0,2,1,1,1,0,0,5,2022,0,3,6,0,3.333333333333333,60.0,0,1682,1551,0,157557.0
4,0,0,4,2,3,13.0,0,0,0,1,0,1,11,2022,0,2,6,0,6.5,78.0,1,1661,1567,0,136365.0
3,0,2,4,0,2,1.0,0,0,0,1,1,0,11,2025,0,2,7,1,0.5,7.0,0,1623,1595,0,107583.0
5,2,1,6,2,3,3.0,3,0,0,0,1,0,3,2023,0,1,4,0,3.0,12.0,0,1682,1531,0,154899.0
2,0,2,6,0,1,4.0,2,0,0,1,0,0,12,2023,0,1,3,0,4.0,12.0,0,1626,1595,0,89847.0
5,1,2,6,1,2,14.0,2,0,1,1,0,0,12,2023,0,2,4,0,7.0,56.0,0,1682,1595,0,133194.0
4,0,4,6,0,3,12.0,0,0,1,1,1,1,1,2025,0,4,11,1,3.0,132.0,1,1661,1611,0,156474.0
4,2,6,0,3,4,11.0,0,0,0,1,0,1,1,2023,0,2,6,0,5.5,66.0,1,1661,676,0,122788.0
5,1,5,3,0,3,13.0,0,1,0,0,1,1,1,2020,2,3,9,0,4.333333333333333,117.0,0,1682,1494,1,168973.0
1,1,1,2,1,1,9.0,0,0,1,0,1,0,5,2024,2,2,5,0,4.5,45.0,0,1714,1531,0,61640.0
4,3,1,0,2,1,14.0,0,0,0,1,0,1,9,2026,2,2,6,0,7.0,84.0,1,1661,1531,0,93973.0
1,1,0,1,2,4,7.0,0,1,1,1,0,0,2,2021,2,3,6,0,2.333333333333333,42.0,0,1714,1567,0,102652.0
3,1,2,0,0,0,9.0,1,1,0,0,1,0,5,2022,2,2,6,0,4.5,54.0,0,1623,1595,0,61640.0
5,2,4,1,1,2,4.0,1,0,1,0,1,1,7,2025,2,3,8,0,1.3333333333333333,32.0,0,1682,1611,0,141728.0
1,0,5,3,2,1,6.0,2,0,0,0,0,1,1,2023,2,1,3,0,6.0,18.0,0,1714,1494,0,83056.0
4,2,0,6,2,2,14.0,0,1,0,0,0,1,1,2024,2,2,5,0,7.0,70.0,0,1661,1567,0,85503.0
3,1,1,6,2,3,13.0,1,0,0,1,1,1,11,2023,2,3,10,1,4.333333333333333,130.0,1,1623,1531,0,113873.0
0,0,4,6,3,4,6.0,1,1,1,1,0,1,1,2024,2,4,9,0,1.5,54.0,1,1679,1611,1,202887.5
1,0,3,7,0,4,3.0,0,1,1,1,0,1,7,2025,2,4,9,0,0.75,27.0,1,1714,1551,0,77145.0
1,1,2,3,2,1,6.0,1,0,0,1,1,0,1,2020,2,2,7,1,3.0,42.0,0,1714,1595,0,76683.0
5,2,0,4,0,3,13.0,0,0,0,1,0,1,9,2025,2,2,6,0,6.5,78.0,1,1682,1567,1,167556.0
5,2,6,5,1,1,9.0,0,1,1,1,0,1,11,2025,2,4,9,0,2.25,81.0,1,1682,676,0,97968.0
4,0,3,7,2,3,2.0,3,0,0,1,0,1,3,2025,2,2,6,0,1.0,12.0,1,1661,1551,0,142042.0
0,0,0,6,0,2,10.0,1,0,0,0,1,0,4,2021,2,1,4,0,10.0,40.0,0,1679,1567,0,129067.0
0,2,5,0,1,3,5.0,0,1,0,0,1,1,7,2021,0,3,9,0,1.6666666666666667,45.0,0,1679,1494,1,176081.0
3,0,4,6,0,1,7.0,0,0,1,1,0,0,8,2026,0,2,4,0,3.5,28.0,0,1623,1611,0,86742.0
4,0,3,0,1,1,6.0,1,0,0,1,1,0,1,2021,0,2,7,1,3.0,42.0,0,1661,1551,0,80487.0
3,1,3,6,1,3,11.0,2,0,1,0,1,1,12,2023,0,3,8,0,3.6666666666666665,88.0,0,1623,1551,0,120901.0
4,1,6,3,2,3,6.0,2,1,1,0,1,1,10,2025,0,4,10,0,1.5,60.0,0,1661,676,0,129212.0
1,0,2,5,2,2,13.0,2,1,1,0,1,1,10,2026,0,4,10,0,3.25,130.0,0,1714,1595,0,96611.0
5,0,1,1,3,3,9.0,0,1,0,0,1,0,1,2023,0,2,6,0,4.5,54.0,0,1682,1531,1,176281.0
0,2,0,2,3,1,7.0,0,1,1,0,1,0,10,2020,0,3,7,0,2.333333333333333,49.0,0,1679,1567,0,122925.0
1,1,4,4,2,1,7.0,2,0,0,0,0,1,7,2022,0,1,3,0,7.0,21.0,0,1714,1611,0,113873.0
4,1,0,3,0,2,4.0,2,0,0,1,1,1,8,2021,0,3,10,1,1.3333333333333333,40.0,1,1661,1567,0,114836.0
3,0,4,6,0,1,5.5,2,0,1,0,1,0,6,2021,0,2,5,0,2.75,27.5,0,1623,1611,0,61640.0
5,0,5,3,1,1,13.5,0,1,1,0,0,1,5,2024,0,3,6,0,4.5,81.0,0,1682,1494,0,97567.0
5,0,1,0,2,3,4.0,1,0,1,1,1,0,1,2021,0,3,8,1,1.3333333333333333,32.0,0,1682,1531,0,158173.0
0,2,2,7,0,1,6.0,0,1,1,1,1,0,5,2021,0,4,10,1,1.5,60.0,0,1679,1595,0,115400.0
3,2,2,3,0,4,5.0,2,0,1,1,0,0,8,2022,0,2,4,0,2.5,20.0,0,1623,1595,0,64171.0
5,3,6,0,2,1,6.8,0,1,1,1,0,1,2,2020,0,4,9,0,1.7,61.2,1,1682,676,1,202887.5
0,3,1,7,0,2,1.0,1,0,1,1,1,0,5,2026,0,3,8,1,0.3333333333333333,8.0,0,1679,1531,0,145918.0
0,1,4,3,2,3,14.0,2,0,0,0,1,1,6,2023,0,2,7,0,7.0,98.0,0,1679,1611,1,164250.0
3,2,3,0,0,3,10.0,0,1,1,1,1,1,1,2025,0,5,13,1,2.0,130.0,1,1623,1551,0,127299.0
5,1,0,6,2,2,8.0,1,0,0,1,0,0,6,2024,0,1,3,0,8.0,24.0,0,1682,1567,0,133081.0
1,0,0,3,2,3,4.0,2,1,1,1,0,1,1,2026,0,4,9,0,1.0,36.0,1,1714,1567,0,123400.0
4,3,5,3,3,3,5.0,1,0,0,1,1,0,11,2026,0,2,7,1,2.5,35.0,0,1661,1494,0,148921.0
0,0,3,4,1,3,3.0,3,1,0,1,1,0,10,2026,0,3,9,1,1.0,27.0,0,1679,1551,1,163570.0
2,1,2,1,0,2,6.0,2,1,0,1,0,0,10,2026,0,2,5,0,3.0,30.0,0,1626,1595,0,92852.0
0,1,4,2,2,3,3.0,1,0,0,0,1,0,6,2024,1,1,4,0,3.0,12.0,0,1679,1611,0,156684.0
5,2,5,6,0,3,7.0,3,0,1,0,0,1,1,2026,1,2,4,0,3.5,28.0,0,1682,1494,0,149701.0
1,1,1,6,2,1,7.0,2,1,1,0,1,1,5,2025,1,4,10,0,1.75,70.0,0,1714,1531,0,79446.0
5,0,2,5,3,4,10.0,0,0,1,0,1,1,9,2025,1,3,8,0,3.333333333333333,80.0,0,1682,1595,0,161167.0
1,1,2,1,0,3,7.0,0,1,0,1,0,1,7,2023,1,3,8,0,2.333333333333333,56.0,1,1714,1595,0,129478.0
2,0,2,3,1,2,5.0,0,0,1,1,1,0,9,2024,1,3,8,1,1.6666666666666667,40.0,0,1626,1595,0,106683.0
0,2,1,6,1,3,2.0,0,1,0,0,0,0,5,2024,1,1,2,0,2.0,4.0,0,1679,1531,0,139710.0
4,2,0,4,1,3,2.0,3,1,1,1,1,1,11,2020,1,5,13,1,0.4,26.0,1,1661,1567,0,113873.0
2,0,4,0,2,1,5.0,1,0,1,1,0,0,12,2020,1,2,4,0,2.5,20.0,0,1626,1611,0,64827.0
2,1,2,7,2,2,7.0,1,0,0,0,0,1,1,2021,1,1,3,0,7.0,21.0,0,1626,1595,0,96884.0
0,2,2,3,2,3,12.0,1,0,1,1,1,0,11,2021,1,3,8,1,4.0,96.0,0,1679,1595,1,172900.0
4,3,1,7,0,4,2.0,0,1,0,0,1,0,11,2021,1,2,6,0,1.0,12.0,0,1661,1531,0,61640.0
3,0,0,4,2,3,13.0,2,0,1,0,0,1,5,2024,1,2,4,0,6.5,52.0,0,1623,1567,0,108270.0
5,1,0,0,3,2,5.0,1,1,0,0,0,1,5,2024,1,2,5,0,2.5,25.0,0,1682,1567,0,113873.0
5,0,2,7,2,1,7.0,2,1,0,0,1,0,11,2023,1,2,6,0,3.5,42.0,0,1682,1595,0,105281.0
3,0,4,1,3,2,4.0,0,1,0,0,0,0,12,2022,1,1,2,0,4.0,8.0,0,1623,1611,0,72101.0
3,1,0,2,1,1,13.0,0,1,1,0,1,0,12,2026,0,3,7,0,4.333333333333333,91.0,0,1623,1567,0,67889.0
3,0,2,4,2,3,7.0,1,0,1,0,1,0,12,2023,0,2,5,0,3.5,35.0,0,1623,1595,1,202887.5
1,1,0,0,2,2,7.0,1,1,1,0,1,1,2,2023,0,4,10,0,1.75,70.0,0,1714,1567,0,104500.0
3,1,2,2,0,2,9.0,0,1,0,0,1,1,4,2023,0,3,9,0,3.0,81.0,0,1623,1595,0,101428.0
0,0,1,6,1,1,6.0,0,0,0,0,0,1,1,2023,1,1,3,0,6.0,18.0,0,1679,1531,0,96472.0
0,0,1,5,2,1,5.0,1,1,1,0,0,1,5,2023,1,3,6,0,1.6666666666666667,30.0,0,1679,1531,0,115291.0
5,0,4,7,1,1,2.0,1,1,0,1,1,0,10,2025,0,3,9,1,0.6666666666666666,18.0,0,1682,1611,0,137384.0
5,0,1,3,0,1,7.0,2,1,0,1,0,1,1,2026,0,3,8,0,2.333333333333333,56.0,1,1682,1531,1,202887.5
2,0,2,4,2,1,12.0,1,1,0,0,1,1,9,2024,2,3,9,0,4.0,108.0,0,1626,1595,0,79553.0
2,0,3,5,0,1,11.8,1,1,0,0,1,1,9,2026,0,3,9,0,3.9333333333333336,106.2,0,1626,1551,0,99211.0
1,0,3,1,2,3,3.0,2,0,1,1,0,1,1,2020,0,3,7,0,1.0,21.0,1,1714,1551,0,122915.0
3,2,2,4,2,3,2.0,1,0,1,1,0,0,9,2020,0,2,4,0,1.0,8.0,0,1623,1595,0,125106.0
5,0,3,0,0,3,6.0,2,0,1,0,1,1,1,2026,0,3,8,0,2.0,48.0,0,1682,1551,1,181051.0
2,1,4,4,3,2,10.0,0,1,1,1,0,1,11,2023,0,4,9,0,2.5,90.0,1,1626,1611,0,104126.0
4,0,5,0,3,2,4.0,0,0,1,0,0,0,1,2025,0,1,1,0,4.0,4.0,0,1661,1494,0,79572.0
3,2,4,2,0,3,11.0,1,0,1,0,0,1,4,2021,0,2,4,0,5.5,44.0,0,1623,1611,0,126471.0
0,2,2,7,2,1,5.0,0,0,0,0,1,1,7,2021,0,2,7,0,2.5,35.0,0,1679,1595,0,119829.0
3,3,2,4,2,3,12.0,0,1,1,0,0,1,1,2021,0,3,6,0,4.0,72.0,0,1623,1595,0,113873.0
1,0,2,1,2,2,3.0,2,1,1,1,1,0,6,2020,0,4,10,1,0.75,30.0,0,1714,1595,0,104375.0
0,2,2,4,2,2,7.0,2,0,0,0,0,1,9,2021,0,1,3,0,7.0,21.0,0,1679,1595,0,120955.0
0,2,4,4,0,2,9.3,0,1,1,0,1,0,3,2025,0,3,7,0,3.1,65.10000000000001,0,1679,1611,0,129962.0
0,2,1,6,1,3,7.0,3,0,0,1,1,1,1,2021,0,3,10,1,2.333333333333333,70.0,1,1679,1531,1,175079.0
4,0,1,6,2,2,5.0,1,0,1,1,0,0,1,2023,0,2,4,0,2.5,20.0,0,1661,1531,1,202887.5
4,2,4,4,2,1,12.0,1,0,0,1,1,0,6,2021,0,2,7,1,6.0,84.0,0,1661,1611,0,84122.0
3,2,2,6,2,3,6.0,2,0,0,1,0,1,8,2020,0,2,6,0,3.0,36.0,1,1623,1595,0,113873.0
3,0,0,1,1,2,0.0,1,1,1,0,0,1,1,2021,0,3,6,0,0.0,0.0,0,1623,1567,0,103968.0
5,2,0,7,2,1,13.0,2,0,0,1,1,1,1,2022,0,3,10,1,4.333333333333333,130.0,1,1682,1567,0,133596.0
1,1,5,3,1,4,1.0,0,0,1,1,0,1,9,2020,0,3,7,0,0.3333333333333333,7.0,1,1714,1494,0,142517.0
4,0,1,6,2,2,2.0,2,0,1,1,0,0,5,2024,0,2,4,0,1.0,8.0,0,1661,1531,0,110413.0
1,0,5,3,0,3,9.0,2,1,0,1,0,0,9,2023,0,2,5,0,4.5,45.0,0,1714,1494,0,112635.0
2,0,0,6,2,4,0.0,1,0,0,1,0,0,9,2025,0,1,3,0,0.0,0.0,0,1626,1567,0,65611.0
1,3,0,6,0,2,7.0,0,1,1,1,0,1,5,2026,0,4,9,0,1.75,63.0,1,1714,1567,0,82300.0
0,0,6,4,2,2,5.0,2,0,0,0,1,0,5,2021,0,1,4,0,5.0,20.0,0,1679,676,0,153820.0
1,1,1,2,1,3,7.0,1,1,0,1,1,0,12,2023,0,3,9,1,2.333333333333333,63.0,0,1714,1531,0,117138.0
0,0,4,1,1,0,11.0,0,1,0,1,1,0,11,2023,0,3,9,1,3.6666666666666665,99.0,0,1679,1611,0,138875.0
5,1,3,5,2,2,9.0,2,1,1,1,0,1,10,2024,0,4,9,0,2.25,81.0,1,1682,1551,0,144424.0
4,2,5,7,2,2,7.0,1,0,0,0,0,1,7,2024,0,1,3,0,7.0,21.0,0,1661,1494,0,76231.0
4,0,3,0,2,1,5.0,2,1,1,1,0,0,7,2021,0,3,6,0,1.6666666666666667,30.0,0,1661,1551,0,113873.0
2,0,2,6,2,3,1.0,2,0,1,1,1,1,9,2023,0,4,11,1,0.25,11.0,1,1626,1595,0,161311.0
5,1,2,5,0,1,5.0,3,0,1,0,1,0,6,2021,0,2,5,0,2.5,25.0,0,1682,1595,0,103967.0
1,0,2,6,1,2,4.0,2,0,1,1,1,0,6,2023,0,3,8,1,1.3333333333333333,32.0,0,1714,1595,1,202887.5
3,3,5,5,1,3,9.0,1,1,1,1,0,0,7,2022,0,3,6,0,3.0,54.0,0,1623,1494,0,61640.0
1,0,1,0,3,3,14.0,2,0,0,1,0,1,5,2021,0,2,6,0,7.0,84.0,1,1714,1531,0,133190.0
0,2,1,7,0,1,12.0,2,0,1,1,0,0,2,2021,2,2,4,0,6.0,48.0,0,1679,1531,0,88192.0
3,3,3,2,1,3,3.0,2,1,1,0,1,0,5,2021,2,3,7,0,1.0,21.0,0,1623,1551,0,119834.0
5,0,5,3,2,1,11.0,3,0,0,1,0,1,1,2020,2,2,6,0,5.5,66.0,1,1682,1494,0,132378.0
5,2,2,3,0,1,7.0,2,1,1,0,1,1,6,2020,2,4,10,0,1.75,70.0,0,1682,1595,0,113873.0
0,1,6,6,2,1,12.0,1,0,1,1,1,0,4,2026,2,3,8,1,4.0,96.0,0,1679,676,0,115705.0
3,0,1,4,1,1,11.0,0,0,1,0,1,1,11,2020,2,3,8,0,3.6666666666666665,88.0,0,1623,1531,0,94554.0
5,2,4,3,2,1,11.0,1,0,1,1,1,0,10,2021,2,3,8,1,3.6666666666666665,88.0,0,1682,1611,0,115372.0
2,0,5,1,1,3,3.0,2,1,0,1,0,0,9,2023,2,2,5,0,1.5,15.0,0,1626,1494,0,132756.0
3,0,0,1,2,3,11.0,0,0,0,1,0,0,4,2024,2,1,3,0,11.0,33.0,0,1623,1567,0,113419.0
5,0,1,3,0,3,12.0,0,0,1,1,1,0,2,2020,2,3,8,1,4.0,96.0,0,1682,1531,1,185165.0
3,0,6,5,3,2,5.0,1,1,0,1,1,0,3,2021,2,3,9,1,1.6666666666666667,45.0,0,1623,676,0,113873.0
2,2,4,2,0,1,4.0,2,0,0,0,1,0,12,2024,2,1,4,0,4.0,16.0,0,1626,1611,0,61640.0
2,0,5,4,1,1,12.5,2,0,1,1,0,1,1,2024,2,3,7,0,4.166666666666667,87.5,1,1626,1494,0,94519.0
1,0,2,3,0,4,0.0,0,1,0,1,0,0,9,2020,2,2,5,0,0.0,0.0,0,1714,1595,0,128994.0
1,1,4,2,0,3,7.0,0,0,0,1,0,0,6,2023,2,1,3,0,7.0,21.0,0,1714,1611,0,111718.0
2,2,6,5,0,1,9.5,0,1,1,0,0,0,8,2020,2,2,3,0,4.75,28.5,0,1626,676,0,61640.0
3,1,5,2,1,1,3.4,1,1,0,0,0,1,9,2025,2,2,5,0,1.7,17.0,0,1623,1494,0,61640.0
0,0,1,2,1,1,13.0,2,0,1,1,1,0,6,2020,2,3,8,1,4.333333333333333,104.0,0,1679,1531,0,108756.0
0,1,3,6,2,3,9.0,2,1,0,1,0,1,6,2025,2,3,8,0,3.0,72.0,1,1679,1551,1,162993.0
4,0,2,5,2,1,8.0,1,0,1,1,1,1,11,2026,2,4,11,1,2.0,88.0,1,1661,1595,0,113873.0
3,1,5,4,2,1,11.0,0,0,1,0,1,0,6,2025,0,2,5,0,5.5,55.0,0,1623,1494,0,61640.0
3,3,4,3,0,1,3.0,2,0,1,1,0,0,6,2020,0,2,4,0,1.5,12.0,0,1623,1611,0,69599.0
1,0,0,7,3,4,12.0,1,0,1,1,1,0,9,2020,0,3,8,1,4.0,96.0,0,1714,1567,0,127115.0
0,1,2,6,0,1,7.0,2,0,0,0,1,1,9,2025,0,2,7,0,3.5,49.0,0,1679,1595,0,112342.0
2,0,0,5,2,2,13.0,3,1,1,0,1,0,4,2022,0,3,7,0,4.333333333333333,91.0,0,1626,1567,0,88978.0
2,2,0,0,0,3,7.0,2,0,1,0,0,0,8,2024,1,1,1,0,7.0,7.0,0,1626,1567,0,104407.0
2,0,3,1,1,2,1.0,2,1,1,0,1,0,1,2025,1,3,7,0,0.3333333333333333,7.0,0,1626,1551,0,88613.0
0,2,5,5,2,3,14.0,0,0,1,1,1,1,6,2023,1,4,11,1,3.5,154.0,1,1679,1494,1,177511.0
5,2,1,1,2,2,2.0,3,0,0,0,0,1,9,2023,1,1,3,0,2.0,6.0,0,1682,1531,0,126168.0
5,1,2,5,0,2,6.0,2,0,1,1,0,0,9,2023,1,2,4,0,3.0,24.0,0,1682,1595,0,125714.0
5,1,1,2,0,1,2.0,0,0,0,0,1,0,9,2026,1,1,4,0,2.0,8.0,0,1682,1531,0,108207.0
3,2,2,3,2,1,14.0,1,0,0,1,1,1,8,2021,1,3,10,1,4.666666666666667,140.0,1,1623,1595,0,94812.0
5,2,4,5,2,2,3.0,2,0,1,1,1,0,1,2025,1,3,8,1,1.0,24.0,0,1682,1611,0,149980.0
5,2,4,3,2,3,13.0,0,1,1,0,1,1,5,2022,1,4,10,0,3.25,130.0,0,1682,1611,1,163974.0
4,2,0,3,0,1,9.2,1,0,1,1,1,0,2,2022,0,3,8,1,3.0666666666666664,73.6,0,1661,1567,0,75026.0
3,1,0,7,0,2,11.0,1,1,1,0,1,1,2,2020,2,4,10,0,2.75,110.0,0,1623,1567,0,96604.0
1,0,4,3,1,3,10.0,0,0,0,0,1,0,7,2024,2,1,4,0,10.0,40.0,0,1714,1611,0,136510.0
5,2,2,2,0,3,8.0,1,0,1,0,1,1,3,2024,2,3,8,0,2.6666666666666665,64.0,0,1682,1595,1,163454.0
0,1,4,7,3,2,6.0,1,1,1,1,0,0,12,2024,1,3,6,0,2.0,36.0,0,1679,1611,0,126756.0
3,0,0,7,0,1,3.0,2,1,0,1,1,0,2,2025,1,3,9,1,1.0,27.0,0,1623,1567,0,82831.0
1,0,4,4,0,2,7.0,3,1,1,0,1,1,5,2024,1,4,10,0,1.75,70.0,0,1714,1611,0,117408.0
2,0,6,3,1,1,3.0,1,0,0,1,1,0,6,2022,1,2,7,1,1.5,21.0,0,1626,676,0,96622.0
1,2,3,7,1,3,1.0,2,1,1,0,1,1,1,2025,1,4,10,0,0.25,10.0,0,1714,1551,0,125378.0
4,2,3,5,2,1,10.0,2,0,1,1,1,0,1,2025,0,3,8,1,3.333333333333333,80.0,0,1661,1551,0,75149.0
0,0,5,6,1,0,8.0,0,0,1,1,0,1,2,2026,0,3,7,0,2.6666666666666665,56.0,1,1679,1494,0,136918.0
3,2,4,0,0,1,6.0,0,0,1,0,1,1,5,2026,0,3,8,0,2.0,48.0,0,1623,1611,0,61640.0
1,0,0,1,0,2,11.0,2,0,1,1,1,1,9,2024,0,4,11,1,2.75,121.0,1,1714,1567,1,202887.5
2,1,2,0,0,3,6.0,1,0,1,0,1,1,2,2026,0,3,8,0,2.0,48.0,0,1626,1595,0,126255.0
1,0,1,0,0,4,7.0,0,0,1,1,0,1,1,2022,0,3,7,0,2.333333333333333,49.0,1,1714,1531,0,146138.0
4,0,5,2,3,3,10.0,2,1,1,1,0,1,11,2020,0,4,9,0,2.5,90.0,1,1661,1494,0,142815.0
0,1,1,0,1,3,5.0,2,0,0,0,0,1,3,2026,0,1,3,0,5.0,15.0,0,1679,1531,1,168756.0
5,0,4,5,0,1,7.0,2,0,1,1,0,1,3,2021,0,3,7,0,2.333333333333333,49.0,1,1682,1611,0,122675.0
0,1,5,6,2,3,12.0,3,1,1,0,1,1,9,2022,0,4,10,0,3.0,120.0,0,1679,1494,1,163684.0
0,0,2,0,1,2,13.0,2,1,1,1,1,1,1,2021,0,5,13,1,2.6,169.0,1,1679,1595,1,173907.0
3,0,0,4,1,2,3.3,2,0,1,1,1,0,10,2023,0,3,8,1,1.1,26.4,0,1623,1567,0,94861.0
4,2,3,6,1,1,1.0,2,0,1,1,0,1,2,2023,0,3,7,0,0.3333333333333333,7.0,1,1661,1551,0,70647.0
1,2,4,3,2,3,11.0,2,0,1,0,1,0,1,2026,0,2,5,0,5.5,55.0,0,1714,1611,0,113873.0
5,2,5,7,1,2,10.7,2,0,0,1,1,1,10,2020,0,3,10,1,3.5666666666666664,107.0,1,1682,1494,0,154726.0
2,0,3,5,2,2,9.0,2,1,1,0,0,0,10,2026,0,2,3,0,4.5,27.0,0,1626,1551,0,76873.0
0,3,5,1,3,2,0.0,2,1,0,1,1,0,6,2026,0,3,9,1,0.0,0.0,0,1679,1494,0,160085.0
5,2,6,7,1,2,11.0,1,0,0,1,1,1,2,2024,0,3,10,1,3.6666666666666665,110.0,1,1682,676,0,150165.0
1,0,0,4,2,1,10.0,0,1,1,1,1,0,11,2026,0,4,10,1,2.5,100.0,0,1714,1567,0,96309.0
5,0,0,0,2,2,2.0,0,1,1,0,1,0,3,2025,0,3,7,0,0.6666666666666666,14.0,0,1682,1567,1,202887.5
3,2,5,6,1,3,7.0,1,1,1,1,1,1,7,2025,1,5,13,1,1.4,91.0,1,1623,1494,0,128200.0
0,1,1,3,0,1,10.0,2,1,1,0,0,0,9,2023,1,2,3,0,5.0,30.0,0,1679,1531,0,86438.0
2,1,2,7,1,3,11.0,0,0,0,1,0,1,6,2021,0,2,6,0,5.5,66.0,1,1626,1595,0,142504.0
0,0,4,2,2,1,1.0,2,0,1,1,1,0,1,2024,0,3,8,1,0.3333333333333333,8.0,0,1679,1611,0,113873.0
3,1,6,1,1,2,5.0,0,1,1,0,0,0,8,2024,0,2,3,0,2.5,15.0,0,1623,676,0,74765.0
0,0,2,5,2,3,11.0,0,0,0,1,0,1,3,2022,0,2,6,0,5.5,66.0,1,1679,1595,1,183037.0
2,0,3,7,3,1,7.0,2,0,1,1,1,0,3,2021,0,3,8,1,2.333333333333333,56.0,0,1626,1551,0,85929.0
2,0,0,5,0,2,3.7,0,1,1,0,0,0,10,2025,0,2,3,0,1.85,11.1,0,1626,1567,0,99746.0
3,2,2,2,0,2,14.0,0,1,1,1,0,0,4,2022,0,3,6,0,4.666666666666667,84.0,0,1623,1595,0,93329.0
2,0,2,4,1,2,10.0,0,1,0,1,0,0,12,2020,0,2,5,0,5.0,50.0,0,1626,1595,0,105675.0
2,2,1,5,1,1,7.0,2,0,1,1,1,0,6,2022,0,3,8,1,2.333333333333333,56.0,0,1626,1531,0,79400.0
2,0,6,5,2,3,14.0,2,1,1,1,0,1,12,2020,0,4,9,0,3.5,126.0,1,1626,676,0,148067.0
0,1,4,0,2,3,7.0,1,1,1,0,0,1,8,2021,0,3,6,0,2.333333333333333,42.0,0,1679,1611,0,148006.0
3,3,6,6,0,2,2.0,2,0,1,0,0,1,10,2025,0,2,4,0,1.0,8.0,0,1623,676,0,85487.0
0,0,1,6,3,2,12.0,1,0,0,0,1,1,3,2024,0,2,7,0,6.0,84.0,0,1679,1531,0,140479.0
4,0,4,2,0,1,6.0,2,0,1,1,1,0,1,2024,0,3,8,1,2.0,48.0,0,1661,1611,0,77431.0
2,1,2,6,2,2,2.0,3,0,0,0,0,1,8,2026,0,1,3,0,2.0,6.0,0,1626,1595,0,61640.0
1,1,1,1,2,3,8.0,2,0,1,1,0,1,7,2023,0,3,7,0,2.6666666666666665,56.0,1,1714,1531,0,125021.0
0,0,1,3,2,2,2.0,1,0,1,1,1,1,3,2022,0,4,11,1,0.5,22.0,1,1679,1531,0,155130.0
1,1,2,4,1,3,1.0,1,0,0,1,1,0,4,2021,0,2,7,1,0.5,7.0,0,1714,1595,0,125385.0
0,0,2,6,2,1,6.0,2,1,1,1,0,1,4,2022,1,4,9,0,1.5,54.0,1,1679,1595,0,116313.0
4,2,1,1,2,3,7.0,2,1,0,1,0,1,10,2020,1,3,8,0,2.333333333333333,56.0,1,1661,1531,0,129061.0
5,2,1,0,0,2,12.0,2,1,1,1,1,1,7,2025,1,5,13,1,2.4,156.0,1,1682,1531,0,158488.0
5,0,2,3,1,2,1.0,0,1,0,0,0,1,3,2023,1,2,5,0,0.5,5.0,0,1682,1595,0,143450.0
2,2,2,5,2,1,3.7,2,0,1,0,0,1,9,2026,1,2,4,0,1.85,14.8,0,1626,1595,0,61640.0
5,1,3,3,2,3,7.0,1,1,0,1,0,1,9,2022,0,3,8,0,2.333333333333333,56.0,1,1682,1551,1,165727.0
1,0,5,3,1,2,6.0,0,1,0,0,0,1,1,2025,0,2,5,0,3.0,30.0,0,1714,1494,0,75609.0
5,3,4,2,0,1,9.0,2,0,0,1,0,0,11,2025,0,1,3,0,9.0,27.0,0,1682,1611,0,103183.0
3,2,4,1,1,1,10.0,3,0,1,0,0,1,8,2022,0,2,4,0,5.0,40.0,0,1623,1611,0,64467.0
4,0,2,5,3,2,5.0,1,1,1,1,1,1,4,2023,0,5,13,1,1.0,65.0,1,1661,1595,0,114095.0
2,0,4,4,3,3,5.0,1,1,1,0,1,1,4,2020,1,4,10,0,1.25,50.0,0,1626,1611,0,123556.0
3,2,0,1,0,2,14.0,0,1,1,0,0,1,11,2022,1,3,6,0,4.666666666666667,84.0,0,1623,1567,0,82691.0
2,3,4,4,2,2,10.0,0,1,0,1,0,0,1,2021,0,2,5,0,5.0,50.0,0,1626,1611,0,120362.0
0,3,0,1,1,2,8.0,1,0,1,0,1,1,9,2024,0,3,8,0,2.6666666666666665,64.0,0,1679,1567,0,162430.0
5,0,3,0,2,3,6.0,0,0,0,0,1,1,1,2025,0,2,7,0,3.0,42.0,0,1682,1551,1,165273.0
5,1,4,1,2,2,11.0,0,0,1,1,0,0,7,2025,0,2,4,0,5.5,44.0,0,1682,1611,0,133234.0
2,2,1,3,2,1,12.0,2,0,1,1,1,1,1,2026,0,4,11,1,3.0,132.0,1,1626,1531,0,93523.0
5,0,5,1,1,1,13.0,1,1,1,0,0,1,9,2026,0,3,6,0,4.333333333333333,78.0,0,1682,1494,0,119674.0
1,3,0,0,3,2,1.0,1,0,0,1,1,1,3,2025,0,3,10,1,0.3333333333333333,10.0,1,1714,1567,0,131525.0
0,2,4,6,2,2,13.0,1,1,1,0,0,0,6,2026,0,2,3,0,6.5,39.0,0,1679,1611,0,110905.0
4,0,6,1,0,3,13.0,2,0,1,1,0,1,1,2020,0,3,7,0,4.333333333333333,91.0,1,1661,676,0,127526.0
4,0,4,3,1,4,7.0,2,1,1,1,1,0,1,2022,0,4,10,1,1.75,70.0,0,1661,1611,0,125746.0
4,0,0,3,1,3,0.0,1,0,0,1,0,0,11,2025,0,1,3,0,0.0,0.0,0,1661,1567,0,136632.0
1,1,6,2,2,3,7.0,2,0,0,1,1,1,11,2025,0,3,10,1,2.333333333333333,70.0,1,1714,676,0,142662.0
2,0,1,2,1,3,5.0,2,1,1,0,0,0,7,2023,0,2,3,0,2.5,15.0,0,1626,1531,0,104268.0
5,0,3,5,0,1,1.0,2,1,0,1,1,1,7,2026,0,4,12,1,0.25,12.0,1,1682,1551,0,148577.0
1,3,4,3,2,1,14.0,2,0,1,1,1,0,8,2022,0,3,8,1,4.666666666666667,112.0,0,1714,1611,0,113873.0
1,3,3,1,1,3,0.0,3,0,1,1,0,1,4,2024,0,3,7,0,0.0,0.0,1,1714,1551,0,123774.0
3,2,5,5,1,2,13.0,2,1,1,1,0,1,1,2021,0,4,9,0,3.25,117.0,1,1623,1494,0,97293.0
5,1,1,4,0,4,8.3,1,0,0,1,1,1,1,2021,0,3,10,1,2.766666666666667,83.0,1,1682,1531,0,113873.0
4,0,0,5,0,2,5.0,2,1,1,0,1,1,9,2021,0,4,10,0,1.25,50.0,0,1661,1567,0,106578.0
0,0,3,2,0,3,1.0,1,0,0,1,1,0,6,2022,0,2,7,1,0.5,7.0,0,1679,1551,1,185905.0
1,2,0,2,0,3,11.4,0,1,0,0,0,1,10,2026,0,2,5,0,5.7,57.0,0,1714,1567,0,61640.0
3,0,4,7,1,2,1.0,1,1,0,1,1,1,10,2022,0,4,12,1,0.25,12.0,1,1623,1611,0,135492.0
2,0,3,2,1,3,13.0,2,0,1,1,0,0,11,2022,0,2,4,0,6.5,52.0,0,1626,1551,0,153750.0
3,2,2,0,0,1,11.0,3,0,1,0,1,0,4,2022,0,2,5,0,5.5,55.0,0,1623,1595,0,67303.0
5,2,6,2,2,4,11.0,1,0,1,0,0,0,9,2022,0,1,1,0,11.0,11.0,0,1682,676,0,114022.0
0,2,4,7,0,1,10.0,2,0,1,1,0,1,2,2022,0,3,7,0,3.333333333333333,70.0,1,1679,1611,0,111067.0
5,1,0,2,0,1,3.0,0,1,0,1,0,1,9,2024,1,3,8,0,1.0,24.0,1,1682,1567,0,115583.0
1,0,2,4,3,3,0.0,2,0,0,0,0,1,5,2024,1,1,3,0,0.0,0.0,0,1714,1595,0,134585.0
2,2,4,5,0,2,13.0,2,1,1,0,0,0,9,2025,1,2,3,0,6.5,39.0,0,1626,1611,0,79276.0
2,0,1,6,0,2,1.0,2,0,1,0,0,1,3,2024,1,2,4,0,0.5,4.0,0,1626,1531,0,105035.0
0,2,2,5,1,2,7.0,2,0,0,1,1,0,12,2026,1,2,7,1,3.5,49.0,0,1679,1595,0,146502.0
5,0,6,5,1,2,5.0,1,1,0,1,1,0,8,2023,1,3,9,1,1.6666666666666667,45.0,0,1682,676,1,169786.0
5,0,1,4,2,1,1.0,2,1,0,1,0,1,5,2023,1,3,8,0,0.3333333333333333,8.0,1,1682,1531,0,135979.0
3,0,0,3,2,1,2.6,0,0,1,1,1,1,7,2026,1,4,11,1,0.65,28.6,1,1623,1567,0,91400.0
5,1,5,0,0,2,9.0,3,1,1,0,1,0,1,2023,1,3,7,0,3.0,63.0,0,1682,1494,0,132203.0
5,0,4,0,0,1,8.0,2,1,1,0,0,1,9,2022,1,3,6,0,2.6666666666666665,48.0,0,1682,1611,0,96460.0
5,2,2,4,1,1,1.0,0,1,1,1,1,0,10,2025,1,4,10,1,0.25,10.0,0,1682,1595,1,202887.5
0,0,3,4,0,2,13.0,0,1,0,0,1,1,1,2025,1,3,9,0,4.333333333333333,117.0,0,1679,1551,0,126204.0
4,0,1,5,1,1,11.0,0,1,1,0,1,0,1,2020,1,3,7,0,3.6666666666666665,77.0,0,1661,1531,0,76035.0
3,0,6,1,1,4,14.0,0,0,0,0,0,1,1,2024,1,1,3,0,14.0,42.0,0,1623,676,0,110272.0
1,2,5,3,0,1,10.0,2,0,0,0,1,0,5,2023,1,1,4,0,10.0,40.0,0,1714,1494,1,202887.5
0,0,0,0,0,2,14.0,2,0,0,0,0,1,7,2022,1,1,3,0,14.0,42.0,0,1679,1567,0,147900.0
1,0,2,1,1,3,12.0,2,1,0,0,0,1,1,2020,1,2,5,0,6.0,60.0,0,1714,1595,0,108048.0
1,3,2,6,2,3,12.0,1,1,0,1,1,1,2,2024,1,4,12,1,3.0,144.0,1,1714,1595,0,146082.0
3,2,6,3,0,1,11.0,0,1,1,0,1,1,12,2026,0,4,10,0,2.75,110.0,0,1623,676,0,74936.0
1,0,1,3,0,1,8.0,2,0,1,1,0,1,4,2024,0,3,7,0,2.6666666666666665,56.0,1,1714,1531,0,97300.0
3,1,0,0,0,4,1.0,2,0,1,1,0,1,7,2023,0,3,7,0,0.3333333333333333,7.0,1,1623,1567,0,104811.0
1,0,0,6,0,3,12.0,1,0,1,1,1,1,7,2024,0,4,11,1,3.0,132.0,1,1714,1567,0,135462.0
0,0,5,2,2,3,7.0,0,1,0,0,0,0,1,2025,0,1,2,0,7.0,14.0,0,1679,1494,0,160404.0
0,0,0,3,2,3,5.0,1,0,1,1,0,1,5,2024,0,3,7,0,1.6666666666666667,35.0,1,1679,1567,0,160200.0
3,0,6,3,2,3,6.0,1,1,0,0,0,0,9,2022,0,1,2,0,6.0,12.0,0,1623,676,0,124620.0
3,0,0,1,1,2,10.0,3,1,0,1,0,1,1,2023,0,3,8,0,3.333333333333333,80.0,1,1623,1567,0,101909.0
2,1,3,0,1,2,9.0,1,0,1,0,0,0,4,2025,0,1,1,0,9.0,9.0,0,1626,1551,0,78343.0
2,1,0,1,3,2,10.0,2,1,1,1,0,0,1,2021,0,3,6,0,3.333333333333333,60.0,0,1626,1567,1,202887.5
2,2,0,3,0,3,12.0,2,0,0,1,1,0,1,2023,2,2,7,1,6.0,84.0,0,1626,1567,0,117190.0
3,1,3,1,0,4,4.0,1,0,0,0,0,1,6,2026,2,1,3,0,4.0,12.0,0,1623,1551,0,61640.0
4,1,1,4,0,3,5.0,2,1,0,1,0,0,12,2025,2,2,5,0,2.5,25.0,0,1661,1531,0,115355.0
3,0,1,1,0,3,11.0,2,0,0,1,0,0,8,2022,2,1,3,0,11.0,33.0,0,1623,1531,0,119912.0
3,1,5,0,1,3,6.0,2,1,1,1,1,0,1,2026,2,4,10,1,1.5,60.0,0,1623,1494,0,117745.0
3,2,6,6,1,1,10.0,1,0,1,0,0,1,1,2022,2,2,4,0,5.0,40.0,0,1623,676,0,71482.0
0,3,1,0,2,1,10.0,1,1,1,0,1,1,10,2025,2,4,10,0,2.5,100.0,0,1679,1531,0,112308.0
4,2,4,6,0,3,8.8,1,0,1,0,1,1,9,2024,2,3,8,0,2.9333333333333336,70.4,0,1661,1611,0,110945.0
3,0,1,3,2,3,12.0,1,0,0,1,1,0,7,2024,2,2,7,1,6.0,84.0,0,1623,1531,0,149544.0
0,0,1,1,2,1,7.0,0,0,0,1,1,1,1,2024,2,3,10,1,2.333333333333333,70.0,1,1679,1531,0,113873.0
5,1,1,4,1,3,12.0,1,0,1,1,0,0,6,2022,0,2,4,0,6.0,48.0,0,1682,1531,0,113873.0
4,0,3,0,0,3,1.0,2,0,1,0,1,1,5,2025,0,3,8,0,0.3333333333333333,8.0,0,1661,1551,0,120202.0
1,1,2,7,1,3,12.0,2,1,1,0,0,0,2,2024,0,2,3,0,6.0,36.0,0,1714,1595,0,100145.0
0,0,1,2,0,3,13.0,2,0,1,0,0,1,4,2024,0,2,4,0,6.5,52.0,0,1679,1531,1,168700.0
5,2,2,1,2,3,11.0,1,1,0,1,0,0,1,2026,0,2,5,0,5.5,55.0,0,1682,1595,0,150594.0
1,1,4,4,0,2,7.0,2,0,0,0,0,1,5,2020,0,1,3,0,7.0,21.0,0,1714,1611,0,82260.0
3,2,5,5,1,2,4.0,1,0,1,0,0,1,3,2025,1,2,4,0,2.0,16.0,0,1623,1494,0,82261.0
5,0,4,5,2,4,10.0,0,1,1,0,1,0,1,2025,1,3,7,0,3.333333333333333,70.0,0,1682,1611,0,125068.0
5,1,0,4,0,1,8.0,0,0,0,1,1,1,2,2025,1,3,10,1,2.6666666666666665,80.0,1,1682,1567,0,125848.0
1,0,4,4,1,3,2.8,1,1,0,0,0,1,3,2020,1,2,5,0,1.4,14.0,0,1714,1611,0,110222.0
4,1,5,7,0,1,9.0,0,1,1,1,0,1,12,2025,1,4,9,0,2.25,81.0,1,1661,1494,0,71126.0
3,1,5,5,1,3,6.0,1,0,0,0,1,0,3,2020,1,1,4,0,6.0,24.0,0,1623,1494,0,118847.0
3,0,3,1,0,4,13.0,2,0,0,0,1,0,12,2021,1,1,4,0,13.0,52.0,0,1623,1551,0,113873.0
1,0,3,3,2,2,7.0,1,1,1,1,1,1,11,2026,1,5,13,1,1.4,91.0,1,1714,1551,0,119168.0
4,1,3,2,2,2,7.0,0,1,1,0,1,0,2,2024,1,3,7,0,2.333333333333333,49.0,0,1661,1551,0,92027.0
2,0,1,0,2,3,7.0,2,1,1,1,1,1,10,2021,1,5,13,1,1.4,91.0,1,1626,1531,0,158622.0
4,2,5,1,0,2,2.0,3,0,1,0,0,0,12,2022,1,1,1,0,2.0,2.0,0,1661,1494,0,78572.0
0,0,4,3,0,2,6.0,0,1,0,0,0,0,2,2020,1,1,2,0,6.0,12.0,0,1679,1611,0,113621.0
0,1,0,4,2,3,7.0,0,0,1,1,1,0,10,2026,1,3,8,1,2.333333333333333,56.0,0,1679,1567,1,167366.0
3,0,2,2,1,1,7.0,1,0,0,0,1,0,4,2025,1,1,4,0,7.0,28.0,0,1623,1595,0,61640.0
5,0,0,6,0,2,7.0,2,1,0,0,0,0,3,2021,1,1,2,0,7.0,14.0,0,1682,1567,0,110872.0
2,0,3,5,0,3,14.0,0,0,1,0,1,1,7,2023,1,3,8,0,4.666666666666667,112.0,0,1626,1551,0,125271.0
1,2,5,0,1,2,6.0,2,1,1,1,1,1,9,2024,1,5,13,1,1.2,78.0,1,1714,1494,0,113421.0
0,0,4,6,0,2,1.0,1,0,0,0,1,1,9,2022,1,2,7,0,0.5,7.0,0,1679,1611,0,146186.0
0,2,3,6,1,3,14.0,2,0,1,1,1,0,4,2026,1,3,8,1,4.666666666666667,112.0,0,1679,1551,1,170320.0
4,2,4,5,1,1,6.0,1,1,0,0,1,0,4,2026,1,2,6,0,3.0,36.0,0,1661,1611,0,69475.0
0,1,2,0,1,3,9.0,1,1,1,1,1,1,3,2023,1,5,13,1,1.8,117.0,1,1679,1595,1,175839.0
0,0,0,2,2,4,10.0,0,0,0,1,0,1,5,2022,1,2,6,0,5.0,60.0,1,1679,1567,0,118532.0
4,2,4,4,0,3,1.0,1,0,1,0,0,0,1,2023,1,1,1,0,1.0,1.0,0,1661,1611,0,103469.0
3,0,0,4,1,3,3.0,1,1,1,1,0,0,6,2023,1,3,6,0,1.0,18.0,0,1623,1567,0,117700.0
1,0,2,0,2,1,2.0,2,1,1,1,1,1,1,2025,1,5,13,1,0.4,26.0,1,1714,1595,0,113873.0
5,0,2,5,0,1,8.0,0,0,0,0,0,1,1,2024,1,1,3,0,8.0,24.0,0,1682,1595,0,118017.0
4,0,3,0,1,1,12.7,1,0,1,1,1,0,10,2024,1,3,8,1,4.233333333333333,101.6,0,1661,1551,0,95539.0
5,0,1,2,0,3,8.0,2,1,1,1,1,0,7,2024,1,4,10,1,2.0,80.0,0,1682,1531,1,170722.0
3,0,3,1,1,1,3.0,1,0,0,1,0,1,10,2022,1,2,6,0,1.5,18.0,1,1623,1551,0,83703.0
4,1,5,1,0,3,10.0,1,1,1,0,0,0,8,2025,2,2,3,0,5.0,30.0,0,1661,1494,0,116432.0
2,0,4,5,1,3,7.0,2,1,0,0,1,0,7,2026,2,2,6,0,3.5,42.0,0,1626,1611,0,134968.0
4,0,2,4,2,2,7.0,0,1,0,1,0,0,9,2023,2,2,5,0,3.5,35.0,0,1661,1595,0,110318.0
4,0,0,7,1,3,13.0,0,1,0,1,1,1,2,2021,2,4,12,1,3.25,156.0,1,1661,1567,0,135190.0
5,2,2,7,2,3,7.0,0,1,1,1,1,1,3,2026,0,5,13,1,1.4,91.0,1,1682,1595,1,182100.0
5,1,0,0,1,1,7.0,2,1,0,1,0,1,10,2025,1,3,8,0,2.333333333333333,56.0,1,1682,1567,0,113480.0
3,0,1,4,1,3,14.0,1,0,1,1,1,1,1,2024,1,4,11,1,3.5,154.0,1,1623,1531,1,163288.0
3,0,2,1,1,1,10.0,0,0,1,1,0,1,3,2024,1,3,7,0,3.333333333333333,70.0,1,1623,1595,0,71634.0
3,1,5,7,0,1,6.0,0,1,0,0,0,0,2,2023,1,1,2,0,6.0,12.0,0,1623,1494,0,61640.0
2,1,6,2,1,2,8.0,1,1,1,1,1,0,4,2023,1,4,10,1,2.0,80.0,0,1626,676,0,104680.0
0,0,6,6,2,2,1.0,0,0,0,1,1,1,1,2022,1,3,10,1,0.3333333333333333,10.0,1,1679,676,1,176428.0
0,0,4,1,2,0,12.0,3,0,1,0,1,0,9,2026,1,2,5,0,6.0,60.0,0,1679,1611,0,103129.0
0,1,0,6,2,3,6.0,2,0,1,0,1,1,1,2026,1,3,8,0,2.0,48.0,0,1679,1567,1,167196.0
3,2,2,3,0,1,5.0,2,0,0,1,0,0,8,2022,1,1,3,0,5.0,15.0,0,1623,1595,0,61640.0
0,1,1,2,1,1,11.0,0,0,0,1,0,0,4,2023,1,1,3,0,11.0,33.0,0,1679,1531,0,104837.0
4,0,3,6,0,2,0.0,1,0,1,0,0,1,9,2023,0,2,4,0,0.0,0.0,0,1661,1551,0,80309.0
5,0,6,0,0,3,7.6,2,0,1,0,1,0,12,2022,0,2,5,0,3.8,38.0,0,1682,676,0,159234.0
1,0,2,2,1,1,7.0,2,0,1,1,0,1,1,2023,0,3,7,0,2.333333333333333,49.0,1,1714,1595,0,79125.0
1,0,4,5,0,3,6.0,2,1,0,1,1,1,2,2024,0,4,12,1,1.5,72.0,1,1714,1611,0,113873.0
5,3,2,6,0,1,6.0,0,0,1,0,1,1,2,2023,0,3,8,0,2.0,48.0,0,1682,1595,0,136273.0
0,0,5,3,0,1,7.0,1,1,0,1,0,1,3,2023,0,3,8,0,2.333333333333333,56.0,1,1679,1494,0,131624.0
2,0,4,1,0,2,7.0,3,0,1,1,1,1,3,2023,0,4,11,1,1.75,77.0,1,1626,1611,0,102199.0
0,1,0,0,1,2,4.0,2,1,1,1,1,1,10,2023,1,5,13,1,0.8,52.0,1,1679,1567,0,153739.0
3,0,1,3,0,2,12.0,1,0,0,1,0,1,4,2025,1,2,6,0,6.0,72.0,1,1623,1531,0,113873.0
1,3,6,5,1,3,7.0,2,1,1,1,0,0,9,2023,0,3,6,0,2.333333333333333,42.0,0,1714,676,0,115964.0
4,0,4,1,3,1,8.0,0,1,1,1,0,0,8,2021,0,3,6,0,2.6666666666666665,48.0,0,1661,1611,0,86079.0
0,0,2,4,3,1,11.0,1,0,1,0,0,1,11,2025,2,2,4,0,5.5,44.0,0,1679,1595,0,119963.0
2,0,1,6,1,3,7.0,1,1,0,1,1,1,8,2023,2,4,12,1,1.75,84.0,1,1626,1531,0,152914.0
5,0,5,1,0,1,10.0,1,0,1,1,1,1,5,2026,2,4,11,1,2.5,110.0,1,1682,1494,0,61640.0
4,0,6,2,0,1,1.0,0,0,0,0,1,1,3,2020,2,2,7,0,0.5,7.0,0,1661,676,0,91798.0
3,1,3,5,1,1,7.0,1,0,0,1,0,0,8,2026,2,1,3,0,7.0,21.0,0,1623,1551,0,64749.0
5,0,5,6,1,4,5.0,2,0,1,0,1,0,8,2024,2,2,5,0,2.5,25.0,0,1682,1494,0,127312.0
4,0,6,4,2,1,13.0,0,1,1,1,0,0,8,2021,2,3,6,0,4.333333333333333,78.0,0,1661,676,0,67138.0
1,2,0,5,2,1,6.0,1,0,1,1,0,1,4,2021,2,3,7,0,2.0,42.0,1,1714,1567,0,73746.0
0,0,3,6,2,1,2.0,0,0,1,1,1,0,6,2023,2,3,8,1,0.6666666666666666,16.0,0,1679,1551,0,122866.0
1,2,2,4,2,3,3.0,1,0,1,0,0,1,3,2022,0,2,4,0,1.5,12.0,0,1714,1595,0,124680.0
2,2,2,3,1,2,7.0,0,1,1,1,1,0,4,2023,0,4,10,1,1.75,70.0,0,1626,1595,0,108313.0
5,1,2,5,1,3,0.0,2,1,1,1,0,0,4,2023,0,3,6,0,0.0,0.0,0,1682,1595,0,158180.0
2,1,2,1,2,1,7.0,1,1,0,0,0,0,10,2020,0,1,2,0,7.0,14.0,0,1626,1595,0,61640.0
3,0,2,6,0,2,14.0,1,0,0,1,1,1,8,2020,0,3,10,1,4.666666666666667,140.0,1,1623,1595,0,103508.0
2,0,0,1,0,3,0.0,3,1,0,0,1,0,7,2022,0,2,6,0,0.0,0.0,0,1626,1567,0,115787.0
5,2,2,4,0,3,4.0,0,1,0,1,0,0,2,2025,1,2,5,0,2.0,20.0,0,1682,1595,0,154972.0
1,2,3,6,2,3,2.0,0,1,0,1,1,0,1,2025,0,3,9,1,0.6666666666666666,18.0,0,1714,1551,0,125501.0
4,1,5,3,2,2,7.0,3,0,1,0,0,1,5,2026,0,2,4,0,3.5,28.0,0,1661,1494,0,86861.0
1,2,1,1,3,2,14.0,1,0,1,1,1,0,9,2020,0,3,8,1,4.666666666666667,112.0,0,1714,1531,0,94689.0
1,0,0,0,2,1,2.0,0,0,1,1,1,1,5,2022,0,4,11,1,0.5,22.0,1,1714,1567,0,90338.0
0,2,2,4,2,3,2.0,1,1,0,1,1,0,4,2026,0,3,9,1,0.6666666666666666,18.0,0,1679,1595,1,202887.5
2,2,5,7,2,1,8.0,2,0,0,0,0,1,5,2021,0,1,3,0,8.0,24.0,0,1626,1494,0,61640.0
0,0,0,1,2,3,7.0,1,0,0,0,1,1,5,2022,0,2,7,0,3.5,49.0,0,1679,1567,1,164831.0
3,2,4,2,1,2,9.0,0,0,0,0,0,1,6,2022,0,1,3,0,9.0,27.0,0,1623,1611,0,87649.0
5,2,4,6,2,3,1.0,2,0,0,0,0,1,1,2021,0,1,3,0,1.0,3.0,0,1682,1611,1,202887.5
3,3,3,5,2,3,10.0,1,1,1,1,1,0,7,2021,0,4,10,1,2.5,100.0,0,1623,1551,0,149814.0
1,3,4,3,1,3,9.0,0,0,1,1,0,0,1,2026,0,2,4,0,4.5,36.0,0,1714,1611,0,112552.0
5,2,4,6,0,1,7.0,1,0,1,1,1,1,8,2022,0,4,11,1,1.75,77.0,1,1682,1611,0,128553.0
2,1,5,5,0,3,1.0,2,1,0,1,1,1,10,2022,0,4,12,1,0.25,12.0,1,1626,1494,0,139090.0
4,1,0,0,2,3,2.0,0,1,1,0,0,0,4,2026,0,2,3,0,1.0,6.0,0,1661,1567,0,96389.0
2,2,6,3,0,3,8.0,0,0,1,0,0,0,4,2023,0,1,1,0,8.0,8.0,0,1626,676,0,102988.0
1,0,1,7,1,3,14.0,2,1,1,1,1,0,12,2023,0,4,10,1,3.5,140.0,0,1714,1531,0,132486.0
1,0,6,6,1,2,1.0,2,0,0,0,1,1,2,2020,1,2,7,0,0.5,7.0,0,1714,676,0,112007.0
3,1,1,4,2,2,12.0,1,1,1,1,1,1,1,2020,1,5,13,1,2.4,156.0,1,1623,1531,0,119600.0
1,0,3,6,2,4,11.0,1,0,1,1,1,0,1,2022,1,3,8,1,3.6666666666666665,88.0,0,1714,1551,0,138751.0
5,2,6,4,0,1,7.0,2,0,0,1,0,1,1,2023,1,2,6,0,3.5,42.0,1,1682,676,0,113873.0
1,0,2,7,2,4,10.0,2,1,1,1,1,1,2,2022,1,5,13,1,2.0,130.0,1,1714,1595,0,129294.0
2,0,2,3,2,3,0.0,0,1,1,1,1,1,12,2024,1,5,13,1,0.0,0.0,1,1626,1595,0,160351.0
4,1,5,0,0,3,1.0,0,1,1,0,1,0,12,2026,1,3,7,0,0.3333333333333333,7.0,0,1661,1494,0,114595.0
1,0,0,3,0,2,9.0,2,1,0,1,0,1,9,2022,1,3,8,0,3.0,72.0,1,1714,1567,0,117395.0
5,0,3,0,0,3,12.0,2,0,1,1,1,1,1,2020,1,4,11,1,3.0,132.0,1,1682,1551,1,195572.0
0,1,3,4,0,3,8.0,1,0,1,1,0,0,12,2026,1,2,4,0,4.0,32.0,0,1679,1551,1,173003.0
4,0,1,5,0,2,1.0,2,1,0,0,1,1,10,2020,1,3,9,0,0.3333333333333333,9.0,0,1661,1531,0,97512.0
0,0,2,0,3,4,6.0,0,0,0,1,0,1,1,2024,0,2,6,0,3.0,36.0,1,1679,1595,0,130000.0
3,0,5,5,2,3,5.9,1,1,1,1,0,0,3,2022,0,3,6,0,1.9666666666666668,35.400000000000006,0,1623,1494,0,119200.0
0,0,0,0,3,3,4.0,2,0,0,1,0,1,12,2021,0,2,6,0,2.0,24.0,1,1679,1567,0,151779.0
1,0,3,6,0,2,12.0,2,0,0,1,1,1,12,2026,0,3,10,1,4.0,120.0,1,1714,1551,0,131379.0
0,0,5,2,1,1,5.0,0,0,1,0,1,1,1,2022,0,3,8,0,1.6666666666666667,40.0,0,1679,1494,0,116701.0
4,0,4,3,2,2,13.0,3,0,1,1,1,1,4,2025,0,4,11,1,3.25,143.0,1,1661,1611,0,119220.0
5,2,3,4,2,1,9.0,1,0,0,0,0,1,7,2022,0,1,3,0,9.0,27.0,0,1682,1551,0,102100.0
1,1,3,5,1,2,13.0,2,0,0,0,1,0,6,2022,0,1,4,0,13.0,52.0,0,1714,1551,0,86938.0
3,1,5,7,1,2,8.0,1,0,0,1,0,0,10,2026,0,1,3,0,8.0,24.0,0,1623,1494,0,85400.0
1,1,0,7,3,1,1.0,0,0,1,1,1,0,10,2025,0,3,8,1,0.3333333333333333,8.0,0,1714,1567,0,113873.0
4,0,5,5,2,2,6.0,2,0,1,0,0,1,7,2025,0,2,4,0,3.0,24.0,0,1661,1494,0,72766.0
3,0,1,1,1,3,5.0,1,1,1,1,0,1,9,2024,1,4,9,0,1.25,45.0,1,1623,1531,0,141103.0
4,2,5,1,2,1,6.0,1,0,1,1,1,1,2,2024,1,4,11,1,1.5,66.0,1,1661,1494,0,113873.0
0,2,2,6,2,2,3.0,3,0,1,1,0,0,1,2022,1,2,4,0,1.5,12.0,0,1679,1595,0,113873.0
1,0,0,3,0,3,12.0,0,0,1,1,0,1,5,2022,1,3,7,0,4.0,84.0,1,1714,1567,0,140046.0
4,1,1,2,1,4,5.0,3,0,0,1,0,1,7,2021,1,2,6,0,2.5,30.0,1,1661,1531,0,136071.0
0,2,2,1,0,3,3.0,0,1,1,1,0,1,12,2023,1,4,9,0,0.75,27.0,1,1679,1595,0,162311.0
5,2,1,6,0,3,11.4,2,0,1,1,1,1,5,2021,0,4,11,1,2.85,125.4,1,1682,1531,1,182218.0
0,2,3,0,0,2,9.0,2,0,1,1,1,1,9,2022,0,4,11,1,2.25,99.0,1,1679,1551,0,152233.0
5,0,4,1,3,3,7.0,2,0,1,1,1,1,9,2020,0,4,11,1,1.75,77.0,1,1682,1611,1,201691.0
4,0,3,6,1,2,7.0,1,0,0,1,0,0,8,2025,0,1,3,0,7.0,21.0,0,1661,1551,0,97517.0
4,2,3,0,1,2,7.0,1,0,1,1,1,1,10,2025,0,4,11,1,1.75,77.0,1,1661,1551,0,108870.0
1,0,6,6,0,3,4.0,0,1,0,1,0,0,9,2025,1,2,5,0,2.0,20.0,0,1714,676,1,202887.5
0,3,5,5,2,3,6.0,2,1,1,0,0,0,7,2024,1,2,3,0,3.0,18.0,0,1679,1494,0,113873.0
3,2,2,1,3,2,10.0,2,0,1,1,1,1,6,2023,1,4,11,1,2.5,110.0,1,1623,1595,0,117487.0
1,3,3,0,3,3,13.0,1,1,1,1,1,1,1,2023,1,5,13,1,2.6,169.0,1,1714,1551,0,142303.0
2,2,0,0,1,1,10.0,1,0,1,0,0,1,1,2021,1,2,4,0,5.0,40.0,0,1626,1567,0,70409.0
4,0,0,1,0,3,14.0,1,1,1,0,0,0,9,2021,1,2,3,0,7.0,42.0,0,1661,1567,0,123000.0
1,0,1,2,1,3,12.0,1,1,1,0,0,0,4,2024,1,2,3,0,6.0,36.0,0,1714,1531,1,202887.5
5,2,5,4,0,1,10.0,0,0,0,1,0,0,3,2020,1,1,3,0,10.0,30.0,0,1682,1494,0,103747.0
0,0,2,1,1,1,12.0,0,0,0,1,0,0,10,2024,1,1,3,0,12.0,36.0,0,1679,1595,0,104798.0
2,0,5,4,0,3,11.0,2,0,0,1,0,1,10,2023,1,2,6,0,5.5,66.0,1,1626,1494,0,143084.0
2,2,4,6,1,2,4.0,2,1,0,0,1,0,3,2025,1,2,6,0,2.0,24.0,0,1626,1611,0,93307.0
2,0,3,0,0,1,8.8,2,0,1,1,0,1,9,2020,1,3,7,0,2.9333333333333336,61.60000000000001,1,1626,1551,0,61640.0
3,2,4,3,2,2,0.0,0,1,1,1,0,1,12,2024,1,4,9,0,0.0,0.0,1,1623,1611,0,97364.0
3,2,2,3,1,1,10.0,2,0,0,1,0,0,7,2025,1,1,3,0,10.0,30.0,0,1623,1595,0,80025.0
1,0,4,2,2,2,14.0,2,0,0,1,0,1,1,2025,1,2,6,0,7.0,84.0,1,1714,1611,0,115779.0
5,0,4,3,1,1,5.0,1,0,0,0,0,1,1,2021,1,1,3,0,5.0,15.0,0,1682,1611,0,100141.0
3,2,2,1,1,3,7.0,2,0,1,1,1,1,11,2026,1,4,11,1,1.75,77.0,1,1623,1595,0,137564.0
2,1,3,5,2,1,1.0,2,1,1,1,0,1,3,2024,1,4,9,0,0.25,9.0,1,1626,1551,0,74637.0
1,0,2,1,0,2,14.0,1,1,0,1,0,1,1,2021,1,3,8,0,4.666666666666667,112.0,1,1714,1595,0,119679.0
0,1,3,7,2,3,6.0,1,0,0,1,1,0,6,2025,1,2,7,1,3.0,42.0,0,1679,1551,1,167042.0
1,0,0,5,2,3,9.0,1,1,1,1,0,0,1,2021,2,3,6,0,3.0,54.0,0,1714,1567,0,99595.0
3,0,1,1,3,2,8.0,2,0,1,1,0,1,2,2022,2,3,7,0,2.6666666666666665,56.0,1,1623,1531,0,123308.0
1,1,3,2,1,3,7.0,1,0,1,0,0,0,8,2024,2,1,1,0,7.0,7.0,0,1714,1551,0,116856.0
1,0,1,0,2,1,11.0,2,0,1,1,1,1,1,2026,2,4,11,1,2.75,121.0,1,1714,1531,0,108119.0
4,0,3,5,0,1,7.0,1,1,1,1,0,0,8,2023,2,3,6,0,2.333333333333333,42.0,0,1661,1551,0,67733.0
3,0,5,1,0,4,10.0,2,0,1,0,0,0,4,2021,2,1,1,0,10.0,10.0,0,1623,1494,0,115900.0
2,0,5,5,2,1,14.0,1,0,1,1,1,1,10,2020,2,4,11,1,3.5,154.0,1,1626,1494,0,84029.0
2,1,4,0,0,3,7.0,1,1,1,1,0,0,6,2025,2,3,6,0,2.333333333333333,42.0,0,1626,1611,0,117200.0
4,2,1,1,0,2,6.0,3,1,1,0,1,1,12,2020,1,4,10,0,1.5,60.0,0,1661,1531,0,88738.0
0,0,4,6,1,3,0.0,0,0,1,0,0,1,9,2020,1,2,4,0,0.0,0.0,0,1679,1611,1,165687.0
0,1,4,7,1,2,7.0,3,0,0,1,1,1,4,2024,1,3,10,1,2.333333333333333,70.0,1,1679,1611,0,152849.0
2,1,3,0,2,1,7.0,2,0,1,0,1,0,5,2024,1,2,5,0,3.5,35.0,0,1626,1551,0,66550.0
0,0,4,4,1,4,11.0,2,1,1,0,1,1,5,2026,1,4,10,0,2.75,110.0,0,1679,1611,0,122460.0
5,0,0,0,2,2,6.0,2,1,0,1,1,0,6,2022,1,3,9,1,2.0,54.0,0,1682,1567,0,160451.0
2,0,3,5,2,3,13.0,0,1,0,0,0,1,9,2020,1,2,5,0,6.5,65.0,0,1626,1551,0,127452.0
3,1,0,3,2,1,1.0,0,0,0,0,1,0,7,2025,0,1,4,0,1.0,4.0,0,1623,1567,0,113873.0
3,0,0,7,1,2,12.0,0,0,1,0,1,0,2,2026,0,2,5,0,6.0,60.0,0,1623,1567,0,113873.0
0,0,3,3,0,3,0.0,1,0,0,1,0,0,2,2025,0,1,3,0,0.0,0.0,0,1679,1551,0,154916.0
1,1,0,0,1,1,4.0,2,1,1,1,1,1,1,2022,0,5,13,1,0.8,52.0,1,1714,1567,0,87562.0
3,0,0,6,2,1,7.0,0,0,0,0,0,1,5,2023,0,1,3,0,7.0,21.0,0,1623,1567,0,99705.0
3,2,4,4,2,1,8.0,0,0,1,0,1,1,9,2022,2,3,8,0,2.6666666666666665,64.0,0,1623,1611,0,73964.0
4,0,3,6,0,3,5.0,1,0,1,0,0,1,12,2022,2,2,4,0,2.5,20.0,0,1661,1551,0,125979.0
1,2,5,6,0,0,1.0,2,0,1,0,1,0,2,2024,2,2,5,0,0.5,5.0,0,1714,1494,0,66501.0
4,0,6,7,1,2,4.0,1,0,1,0,0,0,5,2024,2,1,1,0,4.0,4.0,0,1661,676,0,113873.0
0,1,4,5,0,1,5.0,0,1,1,1,0,1,5,2021,2,4,9,0,1.25,45.0,1,1679,1611,0,113400.0
6,2,5,6,2,3,7.0,1,1,1,0,1,1,11,2025,2,4,10,0,1.75,70.0,0,40,1494,0,117467.0
6,2,1,0,1,1,0.0,0,0,1,1,1,1,11,2021,0,4,11,1,0.0,0.0,1,40,1531,0,123128.0
2,3,5,1,2,1,12.0,1,0,1,0,1,0,1,2020,2,2,5,0,6.0,60.0,0,1626,1494,0,68228.0
0,3,3,1,2,3,2.0,2,0,0,0,1,0,6,2025,2,1,4,0,2.0,8.0,0,1679,1551,0,156289.0
0,2,0,6,1,1,7.0,0,1,1,1,0,0,11,2025,0,3,6,0,2.333333333333333,42.0,0,1679,1567,0,121021.0
1,0,0,6,2,2,3.0,0,1,1,1,0,0,4,2026,0,3,6,0,1.0,18.0,0,1714,1567,0,93312.0
1,1,0,0,2,3,12.0,2,1,1,1,0,1,6,2026,0,4,9,0,3.0,108.0,1,1714,1567,0,127725.0
2,0,0,6,0,3,13.0,0,0,1,1,1,0,8,2020,0,3,8,1,4.333333333333333,104.0,0,1626,1567,0,111206.0
5,0,0,3,2,2,13.0,1,0,0,1,0,1,12,2026,0,2,6,0,6.5,78.0,1,1682,1567,0,151379.0
1,1,0,1,0,2,14.0,1,1,0,0,1,0,7,2024,0,2,6,0,7.0,84.0,0,1714,1567,0,85224.0
4,2,3,2,1,2,0.0,2,0,1,1,0,1,1,2021,1,3,7,0,0.0,0.0,1,1661,1551,0,87679.0
3,3,0,3,1,3,4.0,0,0,0,1,1,0,7,2024,1,2,7,1,2.0,28.0,0,1623,1567,0,134912.0
4,2,1,0,2,2,14.0,1,0,1,0,0,1,8,2026,1,2,4,0,7.0,56.0,0,1661,1531,0,103466.0
0,0,6,6,2,2,10.0,2,1,1,1,0,1,11,2020,1,4,9,0,2.5,90.0,1,1679,676,0,140919.0
4,0,3,1,0,2,7.0,3,1,1,1,0,1,5,2021,1,4,9,0,1.75,63.0,1,1661,1551,0,115649.0
2,2,3,0,0,2,7.0,2,0,1,0,0,1,11,2025,1,2,4,0,3.5,28.0,0,1626,1551,0,78845.0
4,2,4,2,0,1,8.0,1,1,0,0,1,1,7,2023,0,3,9,0,2.6666666666666665,72.0,0,1661,1611,0,70400.0
1,0,4,3,2,2,11.0,2,0,1,0,1,0,7,2021,0,2,5,0,5.5,55.0,0,1714,1611,0,112430.0
2,2,2,4,2,1,10.0,1,0,1,1,1,0,6,2024,0,3,8,1,3.333333333333333,80.0,0,1626,1595,0,84280.0
4,0,5,3,1,1,3.0,0,0,0,1,0,0,4,2020,0,1,3,0,3.0,9.0,0,1661,1494,1,202887.5
0,1,1,1,2,1,7.0,0,0,0,1,0,0,2,2020,0,1,3,0,7.0,21.0,0,1679,1531,0,61640.0
1,2,3,1,1,3,9.0,1,0,1,0,1,0,12,2021,0,2,5,0,4.5,45.0,0,1714,1551,0,110388.0
0,0,3,3,1,2,14.0,1,1,1,1,0,1,2,2022,0,4,9,0,3.5,126.0,1,1679,1551,1,176320.0
2,1,4,3,1,1,12.0,1,1,0,0,1,1,6,2020,0,3,9,0,4.0,108.0,0,1626,1611,0,79746.0
2,0,4,3,1,3,12.0,0,1,0,0,0,0,5,2026,0,1,2,0,12.0,24.0,0,1626,1611,0,102005.0
0,2,4,6,0,4,14.0,2,1,0,1,1,0,10,2021,0,3,9,1,4.666666666666667,126.0,0,1679,1611,1,165347.0
5,2,2,0,1,2,14.0,2,0,0,0,0,1,4,2026,2,1,3,0,14.0,42.0,0,1682,1595,0,136276.0
4,0,0,5,2,3,11.0,2,0,0,1,1,0,3,2024,2,2,7,1,5.5,77.0,0,1661,1567,0,125990.0
3,2,3,3,3,2,11.0,0,0,0,0,0,1,1,2024,2,1,3,0,11.0,33.0,0,1623,1551,0,119900.0
2,3,5,1,2,3,13.0,0,1,1,0,0,1,11,2023,2,3,6,0,4.333333333333333,78.0,0,1626,1494,0,111530.0
3,2,1,5,0,1,7.0,1,0,0,1,0,1,1,2026,1,2,6,0,3.5,42.0,1,1623,1531,0,113873.0
5,0,4,5,0,3,3.0,1,0,0,1,0,1,6,2026,1,2,6,0,1.5,18.0,1,1682,1611,0,155028.0
0,0,2,5,2,2,4.0,0,1,0,0,1,1,1,2025,0,3,9,0,1.3333333333333333,36.0,0,1679,1595,0,155388.0
4,2,0,5,1,4,7.0,1,0,1,1,1,1,1,2024,0,4,11,1,1.75,77.0,1,1661,1567,0,141339.0
4,0,6,5,0,3,1.0,3,0,0,0,1,1,5,2022,1,2,7,0,0.5,7.0,0,1661,676,0,133485.0
1,0,0,5,2,1,1.0,0,1,1,0,0,0,10,2026,1,2,3,0,0.5,3.0,0,1714,1567,0,70497.0
5,0,2,5,1,2,7.0,3,1,0,0,0,0,8,2025,1,1,2,0,7.0,14.0,0,1682,1595,0,133398.0
4,0,0,5,1,2,10.0,0,0,0,1,1,1,12,2020,1,3,10,1,3.333333333333333,100.0,1,1661,1567,0,115510.0
1,1,0,0,1,3,10.0,2,1,1,1,1,0,5,2021,1,4,10,1,2.5,100.0,0,1714,1567,0,118149.0
0,0,2,0,1,3,12.0,2,1,0,1,0,0,1,2021,1,2,5,0,6.0,60.0,0,1679,1595,1,176308.0
4,0,3,3,0,3,12.0,0,0,1,0,0,1,8,2026,1,2,4,0,6.0,48.0,0,1661,1551,0,105724.0
5,1,6,4,0,1,6.0,1,1,1,1,0,0,1,2022,1,3,6,0,2.0,36.0,0,1682,676,0,100109.0
4,2,1,1,1,2,13.0,2,0,0,1,0,1,1,2022,1,2,6,0,6.5,78.0,1,1661,1531,0,88142.0
3,3,2,1,0,3,5.0,3,0,1,1,0,0,4,2025,1,2,4,0,2.5,20.0,0,1623,1595,0,133756.0
3,2,5,0,1,3,10.0,1,1,1,1,1,0,1,2023,1,4,10,1,2.5,100.0,0,1623,1494,0,127164.0
2,1,3,5,1,1,0.0,0,0,1,1,0,1,3,2022,1,3,7,0,0.0,0.0,1,1626,1551,0,71268.0
5,0,0,3,0,4,6.0,1,0,1,0,0,0,4,2022,1,1,1,0,6.0,6.0,0,1682,1567,0,121856.0
0,0,4,3,2,3,3.0,0,1,0,1,1,0,10,2023,1,3,9,1,1.0,27.0,0,1679,1611,1,174695.0
5,2,3,1,2,1,5.0,1,1,0,0,1,1,6,2025,1,3,9,0,1.6666666666666667,45.0,0,1682,1551,0,110642.0
2,1,1,1,2,3,14.0,1,1,1,1,1,0,6,2026,1,4,10,1,3.5,140.0,0,1626,1531,0,131891.0
3,0,5,5,1,1,10.0,0,0,0,1,0,0,8,2020,1,1,3,0,10.0,30.0,0,1623,1494,0,113873.0
2,1,1,5,0,1,0.0,0,0,0,1,0,1,1,2026,1,2,6,0,0.0,0.0,1,1626,1531,0,74078.0
1,0,4,4,1,1,10.0,2,0,1,1,0,1,11,2020,1,3,7,0,3.333333333333333,70.0,1,1714,1611,0,75336.0
0,1,3,5,0,2,11.0,1,1,0,1,1,0,3,2023,1,3,9,1,3.6666666666666665,99.0,0,1679,1551,0,128643.0
2,0,2,2,1,1,1.7,2,1,0,1,0,1,7,2022,1,3,8,0,0.5666666666666667,13.6,1,1626,1595,0,75011.0
1,1,3,6,1,1,7.0,0,0,1,0,1,1,4,2023,1,3,8,0,2.333333333333333,56.0,0,1714,1551,0,89491.0
3,3,2,5,2,2,6.0,0,0,1,1,1,1,1,2023,1,4,11,1,1.5,66.0,1,1623,1595,0,116392.0
1,0,3,4,1,2,0.0,2,0,0,1,1,0,6,2021,1,2,7,1,0.0,0.0,0,1714,1551,0,106400.0
1,1,1,5,1,2,3.0,3,0,0,0,1,0,11,2020,1,1,4,0,3.0,12.0,0,1714,1531,0,92241.0
5,1,5,7,0,4,5.0,2,1,1,1,0,1,2,2021,1,4,9,0,1.25,45.0,1,1682,1494,0,117317.0
4,1,0,3,1,2,1.0,1,0,1,1,0,1,2,2020,1,3,7,0,0.3333333333333333,7.0,1,1661,1567,0,102636.0
3,0,4,2,2,2,11.7,0,0,0,0,0,1,8,2024,1,1,3,0,11.7,35.099999999999994,0,1623,1611,0,98601.0
5,0,4,1,0,3,0.0,2,1,1,0,0,1,5,2025,1,3,6,0,0.0,0.0,0,1682,1611,0,148770.0
2,2,3,2,0,3,2.0,2,0,1,1,0,0,1,2025,0,2,4,0,1.0,8.0,0,1626,1551,0,131602.0
0,1,1,1,2,1,8.0,1,1,0,1,1,0,9,2022,0,3,9,1,2.6666666666666665,72.0,0,1679,1531,0,116762.0
3,0,3,4,1,3,1.0,1,1,1,1,0,1,3,2024,0,4,9,0,0.25,9.0,1,1623,1551,0,114004.0
4,3,0,2,1,2,1.0,1,1,0,1,1,1,7,2025,0,4,12,1,0.25,12.0,1,1661,1567,0,132824.0
1,0,3,5,0,1,0.0,2,1,1,0,0,1,4,2021,0,3,6,0,0.0,0.0,0,1714,1551,0,79944.0
4,1,3,1,2,1,7.0,2,1,1,0,0,0,5,2024,0,2,3,0,3.5,21.0,0,1661,1551,0,61640.0
2,0,3,6,1,2,0.8,2,1,0,1,0,0,6,2024,1,2,5,0,0.4,4.0,0,1626,1551,0,107886.0
2,0,4,0,1,2,8.0,3,1,0,1,0,1,1,2023,1,3,8,0,2.6666666666666665,64.0,1,1626,1611,0,89900.0
4,3,0,0,1,2,7.0,2,1,0,0,0,1,6,2022,1,2,5,0,3.5,35.0,0,1661,1567,0,104394.0
5,0,1,6,1,1,10.0,1,0,1,0,0,1,7,2022,1,2,4,0,5.0,40.0,0,1682,1531,0,104648.0
2,0,2,5,2,2,6.0,3,1,1,1,0,1,7,2020,1,4,9,0,1.5,54.0,1,1626,1595,0,99598.0
5,0,4,6,1,2,4.0,2,1,0,0,0,1,6,2021,1,2,5,0,2.0,20.0,0,1682,1611,0,123878.0
5,0,3,1,3,3,2.0,0,1,1,1,1,1,5,2021,1,5,13,1,0.4,26.0,1,1682,1551,1,200825.0
1,2,6,0,3,4,4.0,1,0,0,1,1,1,2,2021,1,3,10,1,1.3333333333333333,40.0,1,1714,676,0,138658.0
3,3,0,4,0,2,7.0,1,0,1,0,0,1,1,2025,1,2,4,0,3.5,28.0,0,1623,1567,0,80809.0
2,0,3,2,0,3,13.0,0,0,0,0,0,1,1,2024,1,1,3,0,13.0,39.0,0,1626,1551,0,107472.0
4,0,5,0,3,3,14.0,0,0,0,1,1,0,7,2021,1,2,7,1,7.0,98.0,0,1661,1494,0,154917.0
5,3,4,4,2,2,1.0,1,0,0,1,0,0,9,2025,1,1,3,0,1.0,3.0,0,1682,1611,0,132335.0
1,0,5,3,1,2,13.6,3,0,0,1,0,1,2,2022,1,2,6,0,6.8,81.6,1,1714,1494,0,122784.0
5,1,1,4,0,2,9.0,0,0,1,0,0,0,9,2023,0,1,1,0,9.0,9.0,0,1682,1531,0,134918.0
2,0,4,0,2,2,1.0,2,0,1,1,0,1,3,2020,0,3,7,0,0.3333333333333333,7.0,1,1626,1611,0,61640.0
4,2,2,2,1,4,14.0,3,1,0,1,0,1,3,2026,0,3,8,0,4.666666666666667,112.0,1,1661,1595,0,77549.0
1,0,2,6,2,3,5.0,2,1,1,1,0,0,4,2020,0,3,6,0,1.6666666666666667,30.0,0,1714,1595,0,134944.0
4,2,1,6,0,1,12.0,2,1,1,1,0,0,8,2026,0,3,6,0,4.0,72.0,0,1661,1531,0,63419.0
5,0,3,3,0,2,9.0,2,1,1,1,1,0,4,2026,0,4,10,1,2.25,90.0,0,1682,1551,0,161620.0
1,1,1,5,0,2,13.0,2,0,0,1,0,0,4,2023,0,1,3,0,13.0,39.0,0,1714,1531,0,86062.0
0,3,6,7,1,1,7.0,0,1,0,1,0,1,1,2024,0,3,8,0,2.333333333333333,56.0,1,1679,676,0,116824.0
2,0,0,2,0,1,9.0,1,0,1,0,0,1,12,2025,0,2,4,0,4.5,36.0,0,1626,1567,0,78124.0
3,1,3,3,1,3,0.0,3,1,1,0,0,1,3,2022,0,3,6,0,0.0,0.0,0,1623,1551,0,122400.0
1,0,6,2,0,2,12.0,0,0,1,0,1,1,4,2025,0,3,8,0,4.0,96.0,0,1714,676,0,113873.0
5,0,2,0,2,2,12.0,2,0,1,1,0,0,4,2022,0,2,4,0,6.0,48.0,0,1682,1595,0,150432.0
3,3,3,5,1,3,4.0,2,1,1,0,0,1,2,2022,0,3,6,0,1.3333333333333333,24.0,0,1623,1551,0,133098.0
5,0,5,0,2,1,8.0,1,1,1,1,1,0,9,2022,0,4,10,1,2.0,80.0,0,1682,1494,0,61640.0
2,2,0,1,1,4,14.0,3,1,0,0,0,0,11,2021,2,1,2,0,14.0,28.0,0,1626,1567,0,61640.0
5,2,0,3,1,3,0.0,1,0,1,1,1,0,6,2021,2,3,8,1,0.0,0.0,0,1682,1567,0,113873.0
5,0,3,0,1,3,9.0,1,0,0,1,0,1,6,2026,2,2,6,0,4.5,54.0,1,1682,1551,1,168800.0
4,0,5,0,1,2,14.0,2,1,1,1,0,0,2,2020,2,3,6,0,4.666666666666667,84.0,0,1661,1494,0,112774.0
5,0,5,1,1,2,7.0,2,1,1,0,1,0,10,2022,2,3,7,0,2.333333333333333,49.0,0,1682,1494,0,133408.0
3,2,2,6,2,3,7.0,2,0,1,1,1,0,3,2022,2,3,8,1,2.333333333333333,56.0,0,1623,1595,0,131100.0
4,2,0,0,0,1,13.0,2,0,0,1,1,1,10,2021,2,3,10,1,4.333333333333333,130.0,1,1661,1567,0,90956.0
2,2,3,1,1,1,11.0,2,0,0,1,1,1,12,2026,0,3,10,1,3.6666666666666665,110.0,1,1626,1551,0,88229.0
2,0,0,2,1,4,9.0,2,1,1,1,1,1,2,2023,0,5,13,1,1.8,117.0,1,1626,1567,0,148453.0
1,0,3,5,0,2,4.0,3,0,1,0,0,0,7,2025,0,1,1,0,4.0,4.0,0,1714,1551,0,78680.0
4,3,3,4,0,3,6.0,1,1,0,0,0,1,2,2025,0,2,5,0,3.0,30.0,0,1661,1551,1,202887.5
5,1,3,5,0,1,7.0,1,1,1,0,0,0,4,2025,0,2,3,0,3.5,21.0,0,1682,1551,0,94047.0
3,1,3,4,1,1,2.0,1,1,1,1,0,1,1,2021,1,4,9,0,0.5,18.0,1,1623,1551,0,73420.0
3,0,2,5,2,4,1.0,1,1,0,0,1,0,1,2024,1,2,6,0,0.5,6.0,0,1623,1595,0,61640.0
1,2,1,5,1,2,7.0,2,0,1,1,1,0,7,2024,1,3,8,1,2.333333333333333,56.0,0,1714,1531,0,100360.0
5,2,4,6,0,3,7.0,3,0,0,0,1,1,1,2021,1,2,7,0,3.5,49.0,0,1682,1611,0,153752.0
3,0,3,1,0,1,1.0,0,1,1,0,0,0,8,2021,1,2,3,0,0.5,3.0,0,1623,1551,0,66347.0
2,3,4,6,2,2,13.0,1,1,0,1,1,0,3,2024,1,3,9,1,4.333333333333333,117.0,0,1626,1611,0,120193.0
3,0,1,1,2,3,2.0,2,0,1,0,0,1,3,2022,1,2,4,0,1.0,8.0,0,1623,1531,0,129390.0
5,2,3,4,1,2,11.0,1,0,1,0,1,1,4,2024,1,3,8,0,3.6666666666666665,88.0,0,1682,1551,0,125600.0
4,1,4,4,2,3,13.0,2,1,1,0,1,1,4,2020,1,4,10,0,3.25,130.0,0,1661,1611,0,61640.0
4,0,4,1,2,1,10.0,2,1,0,1,1,0,4,2020,1,3,9,1,3.333333333333333,90.0,0,1661,1611,0,84625.0
2,0,2,6,0,1,7.0,1,0,1,1,1,1,7,2020,1,4,11,1,1.75,77.0,1,1626,1595,0,114730.0
2,0,0,2,1,1,8.0,2,0,1,0,1,0,9,2020,1,2,5,0,4.0,40.0,0,1626,1567,0,81934.0
0,2,4,6,0,4,14.0,2,1,0,1,1,1,10,2021,1,4,12,1,3.5,168.0,1,1679,1611,1,165300.0
1,1,2,1,1,2,4.0,0,1,1,1,0,1,8,2024,0,4,9,0,1.0,36.0,1,1714,1595,0,102566.0
2,0,4,2,1,1,13.0,2,0,1,0,0,0,3,2023,0,1,1,0,13.0,13.0,0,1626,1611,0,61640.0
3,1,5,3,1,3,13.0,0,0,0,0,1,1,11,2023,0,2,7,0,6.5,91.0,0,1623,1494,1,202887.5
3,0,4,3,2,1,3.0,3,0,0,1,1,0,3,2020,0,2,7,1,1.5,21.0,0,1623,1611,0,77045.0
5,0,0,0,0,2,9.0,0,1,1,1,0,0,11,2022,0,3,6,0,3.0,54.0,0,1682,1567,0,113873.0
3,0,0,4,2,1,0.0,2,0,1,0,1,0,6,2022,1,2,5,0,0.0,0.0,0,1623,1567,0,61640.0
5,2,4,4,3,1,5.0,3,0,0,0,1,0,10,2022,1,1,4,0,5.0,20.0,0,1682,1611,0,106171.0
2,0,4,0,0,2,6.0,2,0,1,1,0,1,11,2020,1,3,7,0,2.0,42.0,1,1626,1611,0,122230.0
4,1,0,2,0,2,14.0,2,1,0,0,1,1,10,2026,1,3,9,0,4.666666666666667,126.0,0,1661,1567,0,86338.0
2,0,3,6,2,3,7.0,2,1,1,1,1,1,7,2026,1,5,13,1,1.4,91.0,1,1626,1551,0,113873.0
2,1,4,4,0,3,11.0,1,1,1,0,1,1,11,2026,1,4,10,0,2.75,110.0,0,1626,1611,0,123856.0
4,1,4,4,1,4,0.0,2,1,1,0,0,1,11,2024,1,3,6,0,0.0,0.0,0,1661,1611,0,105153.0
3,0,0,1,2,1,7.0,3,0,1,0,1,1,9,2026,1,3,8,0,2.333333333333333,56.0,0,1623,1567,0,75597.0
3,0,2,7,2,2,11.0,3,0,1,0,0,1,3,2025,1,2,4,0,5.5,44.0,0,1623,1595,0,109385.0
0,0,1,4,3,2,8.0,1,0,1,0,1,1,3,2025,0,3,8,0,2.6666666666666665,64.0,0,1679,1531,0,160676.0
3,0,6,1,2,3,7.0,1,1,0,0,1,0,1,2025,0,2,6,0,3.5,42.0,0,1623,676,0,113993.0
3,1,2,1,1,1,2.0,0,0,0,1,0,0,1,2025,0,1,3,0,2.0,6.0,0,1623,1595,0,68406.0
4,0,5,4,0,3,7.0,1,0,1,0,1,1,8,2024,0,3,8,0,2.333333333333333,56.0,0,1661,1494,0,132948.0
1,0,5,2,0,3,5.0,0,1,0,1,0,1,8,2024,0,3,8,0,1.6666666666666667,40.0,1,1714,1494,0,142026.0
0,0,3,7,0,3,10.0,1,0,0,1,1,0,1,2021,0,2,7,1,5.0,70.0,0,1679,1551,1,186200.0
5,3,0,5,0,3,2.0,1,0,1,1,1,0,6,2020,0,3,8,1,0.6666666666666666,16.0,0,1682,1567,1,170151.0
3,2,4,6,1,1,2.0,2,1,0,1,0,1,4,2023,0,3,8,0,0.6666666666666666,16.0,1,1623,1611,0,76426.0
2,3,1,0,0,2,12.0,1,0,1,0,0,1,12,2021,0,2,4,0,6.0,48.0,0,1626,1531,0,120100.0
3,2,3,5,2,3,10.0,2,0,0,0,0,1,6,2024,0,1,3,0,10.0,30.0,0,1623,1551,0,61640.0
4,2,6,7,1,2,10.0,2,0,1,0,1,0,6,2026,0,2,5,0,5.0,50.0,0,1661,676,0,86754.0
2,1,5,6,1,2,14.0,1,1,1,1,1,1,8,2020,0,5,13,1,2.8,182.0,1,1626,1494,0,114264.0
4,2,2,0,1,3,7.0,2,0,0,1,1,0,8,2024,0,2,7,1,3.5,49.0,0,1661,1595,0,131000.0
3,0,4,3,0,3,11.0,1,1,0,0,0,0,11,2024,0,1,2,0,11.0,22.0,0,1623,1611,0,104913.0
3,0,0,5,0,2,2.0,0,1,1,0,1,0,9,2022,0,3,7,0,0.6666666666666666,14.0,0,1623,1567,0,85688.0
4,2,0,4,3,2,14.0,1,1,1,1,0,0,5,2021,0,3,6,0,4.666666666666667,84.0,0,1661,1567,0,96267.0
2,3,6,5,2,1,13.0,0,1,1,0,0,0,12,2024,0,2,3,0,6.5,39.0,0,1626,676,0,61640.0
1,0,2,4,1,2,9.8,0,0,0,1,1,1,6,2025,0,3,10,1,3.266666666666667,98.0,1,1714,1595,0,133772.0
2,1,2,0,0,1,11.0,0,1,0,1,0,1,4,2024,2,3,8,0,3.6666666666666665,88.0,1,1626,1595,0,72800.0
0,1,6,3,2,2,0.0,1,1,0,0,0,1,10,2024,0,2,5,0,0.0,0.0,0,1679,676,0,133536.0
1,2,5,5,0,2,12.0,0,0,0,1,1,1,6,2022,0,3,10,1,4.0,120.0,1,1714,1494,0,113873.0
5,2,4,4,2,1,5.0,1,1,0,1,1,1,12,2023,0,4,12,1,1.25,60.0,1,1682,1611,0,128464.0
1,0,2,5,0,3,8.0,1,0,0,1,0,0,9,2020,0,1,3,0,8.0,24.0,0,1714,1595,0,138959.0
3,1,6,3,1,2,14.0,0,1,0,1,0,0,12,2025,0,2,5,0,7.0,70.0,0,1623,676,0,89300.0
4,2,2,0,2,1,6.0,2,0,0,1,1,0,4,2025,0,2,7,1,3.0,42.0,0,1661,1595,0,75071.0
3,0,3,4,0,2,6.0,2,0,1,0,0,1,1,2021,0,2,4,0,3.0,24.0,0,1623,1551,0,72690.0
0,0,6,6,0,3,7.0,1,0,1,1,0,0,7,2025,0,2,4,0,3.5,28.0,0,1679,676,1,185057.0
0,1,1,3,1,1,13.6,0,1,1,1,1,1,11,2022,0,5,13,1,2.72,176.79999999999998,1,1679,1531,0,133566.0
0,0,5,1,1,3,14.0,2,0,0,1,0,0,3,2026,2,1,3,0,14.0,42.0,0,1679,1494,1,173996.0
5,0,4,3,1,4,5.0,1,0,1,1,1,1,11,2024,2,4,11,1,1.25,55.0,1,1682,1611,0,128535.0
5,0,0,0,0,4,7.0,1,0,0,0,0,1,7,2026,2,1,3,0,7.0,21.0,0,1682,1567,0,104901.0
5,0,0,2,2,2,10.0,2,0,0,1,0,0,6,2023,2,1,3,0,10.0,30.0,0,1682,1567,0,139522.0
4,3,5,3,0,2,7.0,0,0,1,0,1,0,9,2024,2,2,5,0,3.5,35.0,0,1661,1494,0,105420.0
1,1,3,7,2,2,7.0,2,0,1,0,0,1,2,2021,2,2,4,0,3.5,28.0,0,1714,1551,0,83866.0
3,2,6,0,3,4,11.0,2,0,1,0,1,1,2,2023,2,3,8,0,3.6666666666666665,88.0,0,1623,676,0,103435.0
2,2,2,7,2,3,4.0,2,0,0,1,1,1,5,2024,2,3,10,1,1.3333333333333333,40.0,1,1626,1595,0,131170.0
3,1,3,3,2,3,13.0,2,0,1,0,1,0,1,2020,2,2,5,0,6.5,65.0,0,1623,1551,0,111295.0
1,1,1,2,3,1,9.0,1,1,0,0,1,1,1,2020,2,3,9,0,3.0,81.0,0,1714,1531,0,73394.0
1,0,0,2,1,3,0.0,2,0,0,0,1,1,3,2020,2,2,7,0,0.0,0.0,0,1714,1567,0,125024.0
4,2,2,6,0,3,10.0,0,0,0,1,0,1,6,2021,2,2,6,0,5.0,60.0,1,1661,1595,0,113807.0
3,2,1,4,0,2,1.2,0,0,0,1,0,0,3,2023,2,1,3,0,1.2,3.6,0,1623,1531,1,202887.5
3,0,5,2,1,2,13.0,1,1,0,1,0,1,4,2020,0,3,8,0,4.333333333333333,104.0,1,1623,1494,0,86200.0
1,2,0,6,1,3,0.0,1,1,0,1,0,0,9,2023,1,2,5,0,0.0,0.0,0,1714,1567,0,113873.0
2,0,2,6,2,1,7.0,1,0,1,1,0,1,9,2022,1,3,7,0,2.333333333333333,49.0,1,1626,1595,0,97526.0
4,0,3,4,0,3,6.0,0,0,0,0,1,0,3,2022,1,1,4,0,6.0,24.0,0,1661,1551,0,114927.0
4,2,3,7,2,1,10.0,0,0,0,1,1,0,2,2025,2,2,7,1,5.0,70.0,0,1661,1551,0,62544.0
0,0,3,5,0,3,10.0,1,1,1,1,0,1,1,2025,0,4,9,0,2.5,90.0,1,1679,1551,0,160704.0
5,0,0,1,2,2,0.0,0,0,0,0,0,1,1,2025,0,1,3,0,0.0,0.0,0,1682,1567,0,120112.0
2,1,1,2,0,1,4.8,2,0,0,0,1,0,1,2024,0,1,4,0,4.8,19.2,0,1626,1531,0,61640.0
2,0,6,5,1,2,14.0,0,0,1,1,0,0,5,2020,0,2,4,0,7.0,56.0,0,1626,676,0,94646.0
1,0,3,6,0,1,14.0,1,1,0,1,0,1,10,2023,0,3,8,0,4.666666666666667,112.0,1,1714,1551,0,98636.0
3,1,4,1,0,3,9.0,2,0,0,1,0,1,3,2023,0,2,6,0,4.5,54.0,1,1623,1611,0,123709.0
4,2,1,4,1,2,9.0,2,1,1,0,1,1,5,2024,0,4,10,0,2.25,90.0,0,1661,1531,0,86049.0
1,2,3,0,0,3,10.0,0,1,1,0,0,1,3,2025,2,3,6,0,3.333333333333333,60.0,0,1714,1551,0,110000.0
1,1,4,2,2,2,9.0,0,1,0,1,0,1,10,2024,2,3,8,0,3.0,72.0,1,1714,1611,0,104565.0
4,0,1,3,1,3,12.0,0,0,0,0,1,1,9,2022,2,2,7,0,6.0,84.0,0,1661,1531,0,122568.0
1,0,5,4,3,3,7.0,1,0,1,1,0,1,10,2021,2,3,7,0,2.333333333333333,49.0,1,1714,1494,0,129914.0
1,2,3,6,0,4,7.5,2,0,0,1,0,1,1,2024,2,2,6,0,3.75,45.0,1,1714,1551,0,125562.0
0,1,3,7,0,3,5.0,2,0,0,0,1,0,3,2024,2,1,4,0,5.0,20.0,0,1679,1551,0,151449.0
5,0,5,5,1,3,8.0,1,1,0,1,1,1,1,2021,0,4,12,1,2.0,96.0,1,1682,1494,1,202887.5
5,2,0,6,1,0,6.0,1,0,1,1,1,1,7,2024,0,4,11,1,1.5,66.0,1,1682,1567,0,127401.0
2,1,3,5,2,3,5.0,2,0,1,1,1,0,7,2022,0,3,8,1,1.6666666666666667,40.0,0,1626,1551,0,127865.0
4,0,3,5,1,3,2.0,3,0,1,1,1,1,12,2023,0,4,11,1,0.5,22.0,1,1661,1551,1,164412.0
0,0,0,4,2,0,7.0,0,1,1,0,1,1,11,2022,0,4,10,0,1.75,70.0,0,1679,1567,0,137935.0
3,0,2,7,1,3,3.0,0,1,1,0,0,1,1,2020,0,3,6,0,1.0,18.0,0,1623,1595,0,130547.0
4,0,0,3,1,3,8.0,1,0,0,0,1,1,5,2024,2,2,7,0,4.0,56.0,0,1661,1567,1,202887.5
2,1,5,1,1,3,0.0,0,0,1,1,0,0,12,2026,2,2,4,0,0.0,0.0,0,1626,1494,0,117527.0
1,0,3,6,0,3,9.0,2,1,1,0,0,1,12,2023,2,3,6,0,3.0,54.0,0,1714,1551,0,122804.0
2,0,0,2,0,2,1.0,2,1,1,0,1,1,7,2021,2,4,10,0,0.25,10.0,0,1626,1567,0,61640.0
4,1,4,4,2,4,7.0,1,0,1,1,0,0,1,2025,2,2,4,0,3.5,28.0,0,1661,1611,0,101227.0
4,2,3,3,0,1,4.0,0,1,0,1,1,1,8,2024,2,4,12,1,1.0,48.0,1,1661,1551,0,94092.0
2,2,5,1,2,2,2.0,1,0,1,1,1,0,8,2020,0,3,8,1,0.6666666666666666,16.0,0,1626,1494,0,101638.0
4,0,6,1,1,1,2.0,0,0,0,1,1,1,4,2026,0,3,10,1,0.6666666666666666,20.0,1,1661,676,0,110680.0
5,0,6,0,2,1,5.0,1,1,1,1,0,1,10,2021,0,4,9,0,1.25,45.0,1,1682,676,0,113873.0
0,0,3,6,1,3,5.0,1,1,1,0,0,1,2,2026,0,3,6,0,1.6666666666666667,30.0,0,1679,1551,0,153800.0
5,3,0,0,0,1,4.0,1,0,1,0,0,1,7,2020,0,2,4,0,2.0,16.0,0,1682,1567,0,102314.0
3,0,1,6,0,2,8.0,1,1,0,1,1,0,12,2023,0,3,9,1,2.6666666666666665,72.0,0,1623,1531,0,124221.0
5,0,5,3,0,1,7.0,1,0,1,0,0,0,4,2025,2,1,1,0,7.0,7.0,0,1682,1494,0,87948.0
1,0,3,0,2,1,8.0,1,0,1,1,0,0,6,2026,2,2,4,0,4.0,32.0,0,1714,1551,0,70974.0
4,0,4,0,2,4,7.0,1,1,0,1,0,1,2,2021,2,3,8,0,2.333333333333333,56.0,1,1661,1611,0,76407.0
4,1,0,1,1,3,0.0,1,0,1,0,1,1,1,2022,2,3,8,0,0.0,0.0,0,1661,1567,0,125399.0
5,0,3,4,2,3,2.0,2,0,1,1,0,0,7,2022,2,2,4,0,1.0,8.0,0,1682,1551,0,61640.0
1,1,5,7,2,2,4.8,0,1,0,0,0,1,7,2023,1,2,5,0,2.4,24.0,0,1714,1494,0,86000.0
0,0,6,7,0,3,1.0,1,1,1,1,1,1,1,2020,0,5,13,1,0.2,13.0,1,1679,676,1,175746.0
0,0,0,3,2,1,11.0,2,1,0,1,0,0,4,2026,0,2,5,0,5.5,55.0,0,1679,1567,0,125302.0
0,0,1,6,0,3,12.0,2,1,1,1,0,1,12,2020,0,4,9,0,3.0,108.0,1,1679,1531,0,161920.0
0,0,3,6,2,2,7.0,2,0,1,0,0,0,2,2021,0,1,1,0,7.0,7.0,0,1679,1551,0,110551.0
4,1,5,3,2,1,8.0,2,0,0,1,0,0,9,2022,0,1,3,0,8.0,24.0,0,1661,1494,0,66816.0
0,1,0,5,2,2,0.0,1,0,1,1,1,0,7,2020,0,3,8,1,0.0,0.0,0,1679,1567,0,141317.0
5,3,2,2,1,2,6.0,0,1,0,1,1,0,7,2021,0,3,9,1,2.0,54.0,0,1682,1595,0,149993.0
3,1,4,3,0,2,9.9,3,1,1,1,0,1,8,2023,0,4,9,0,2.475,89.10000000000001,1,1623,1611,0,101292.0
3,1,3,0,2,3,9.4,0,1,1,0,0,0,11,2020,2,2,3,0,4.7,28.200000000000003,0,1623,1551,0,95679.0
3,0,5,3,1,3,13.0,0,0,0,0,0,1,4,2022,2,1,3,0,13.0,39.0,0,1623,1494,0,125019.0
4,0,0,0,3,4,0.0,0,1,0,1,1,1,10,2022,2,4,12,1,0.0,0.0,1,1661,1567,0,113873.0
0,2,0,1,1,2,10.0,0,1,1,0,1,1,12,2020,2,4,10,0,2.5,100.0,0,1679,1567,0,140732.0
3,0,6,2,2,2,2.0,0,0,1,1,0,0,11,2026,2,2,4,0,1.0,8.0,0,1623,676,0,105894.0
4,0,0,5,2,2,10.0,0,1,0,1,1,0,3,2022,2,3,9,1,3.333333333333333,90.0,0,1661,1567,0,127800.0
1,1,2,2,0,3,10.0,1,1,0,1,1,0,10,2025,2,3,9,1,3.333333333333333,90.0,0,1714,1595,0,132899.0
0,0,6,3,1,4,1.7,0,0,1,1,0,1,4,2026,2,3,7,0,0.5666666666666667,11.9,1,1679,676,1,202887.5
2,2,0,1,2,2,6.0,2,1,1,0,0,1,4,2022,1,3,6,0,2.0,36.0,0,1626,1567,0,89077.0
1,1,0,0,2,2,7.0,2,0,1,1,1,1,8,2020,1,4,11,1,1.75,77.0,1,1714,1567,0,116155.0
2,0,2,3,2,2,4.0,0,0,1,1,1,1,5,2021,1,4,11,1,1.0,44.0,1,1626,1595,0,110384.0
2,1,3,7,2,1,13.0,2,0,1,1,0,1,5,2023,2,3,7,0,4.333333333333333,91.0,1,1626,1551,0,72620.0
3,0,2,4,0,1,8.0,1,0,1,0,0,0,3,2023,2,1,1,0,8.0,8.0,0,1623,1595,0,113873.0
4,1,2,0,3,2,6.0,1,1,1,1,1,0,1,2024,2,4,10,1,1.5,60.0,0,1661,1595,0,104522.0
1,0,0,2,2,3,7.0,2,1,1,0,0,0,1,2025,1,2,3,0,3.5,21.0,0,1714,1567,0,103100.0
3,0,0,1,3,2,7.0,1,1,1,1,0,0,1,2025,1,3,6,0,2.333333333333333,42.0,0,1623,1567,1,202887.5
3,0,5,3,1,3,9.0,2,0,1,1,1,1,4,2020,1,4,11,1,2.25,99.0,1,1623,1494,0,160479.0
4,0,3,0,2,1,7.0,2,1,1,1,0,0,11,2021,1,3,6,0,2.333333333333333,42.0,0,1661,1551,0,74960.0
1,1,6,0,2,2,7.0,3,1,1,1,0,1,8,2021,1,4,9,0,1.75,63.0,1,1714,676,0,96442.0
2,3,4,0,0,2,9.0,1,1,1,1,1,1,1,2025,0,5,13,1,1.8,117.0,1,1626,1611,0,116169.0
2,1,4,6,0,3,0.0,2,0,0,0,1,1,3,2026,0,2,7,0,0.0,0.0,0,1626,1611,0,120479.0
5,2,4,6,3,2,7.0,2,1,1,1,0,1,1,2023,1,4,9,0,1.75,63.0,1,1682,1611,0,141604.0
1,2,5,1,2,3,8.0,3,0,0,1,1,1,8,2020,1,3,10,1,2.6666666666666665,80.0,1,1714,1494,1,202887.5
0,2,0,2,2,2,14.0,1,0,0,1,0,0,8,2025,1,1,3,0,14.0,42.0,0,1679,1567,0,127182.0
5,0,1,5,1,2,4.0,1,0,0,1,1,1,8,2024,1,3,10,1,1.3333333333333333,40.0,1,1682,1531,1,174689.0
5,0,5,0,0,3,7.0,2,0,1,0,1,0,12,2022,1,2,5,0,3.5,35.0,0,1682,1494,0,159234.0
3,0,2,5,0,4,10.0,1,1,1,0,1,1,7,2021,1,4,10,0,2.5,100.0,0,1623,1595,0,74938.0
5,0,3,7,1,2,8.7,1,0,0,1,0,0,1,2022,2,1,3,0,8.7,26.1,0,1682,1551,0,154134.0
5,2,3,5,0,3,11.0,1,1,1,0,0,0,10,2020,2,2,3,0,5.5,33.0,0,1682,1551,0,157335.0
4,0,5,0,0,2,13.0,1,0,1,0,0,1,1,2021,2,2,4,0,6.5,52.0,0,1661,1494,0,101501.0
5,0,5,2,1,1,13.0,2,0,1,0,1,0,3,2023,2,2,5,0,6.5,65.0,0,1682,1494,0,109710.0
0,1,4,4,2,3,7.0,2,0,0,1,0,0,5,2024,2,1,3,0,7.0,21.0,0,1679,1611,0,157618.0
1,0,5,1,0,1,7.0,2,0,1,0,0,0,10,2026,2,1,1,0,7.0,7.0,0,1714,1494,0,104275.0
1,2,2,2,3,4,2.0,0,0,1,0,0,0,9,2025,2,1,1,0,2.0,2.0,0,1714,1595,0,100999.0
0,2,2,2,1,1,1.0,1,0,1,1,0,1,8,2023,2,3,7,0,0.3333333333333333,7.0,1,1679,1595,0,113547.0
5,3,4,7,1,1,6.0,0,0,0,1,0,1,4,2021,2,2,6,0,3.0,36.0,1,1682,1611,0,113100.0
0,0,3,2,2,2,6.0,1,0,1,0,0,1,6,2023,2,2,4,0,3.0,24.0,0,1679,1551,0,124472.0
2,1,1,3,0,2,6.0,1,0,1,1,0,0,1,2023,2,2,4,0,3.0,24.0,0,1626,1531,0,89562.0
3,2,4,1,0,3,8.0,1,0,0,1,1,0,10,2024,2,2,7,1,4.0,56.0,0,1623,1611,0,125500.0
3,1,6,3,1,2,7.0,0,1,1,1,1,1,4,2020,2,5,13,1,1.4,91.0,1,1623,676,0,117500.0
5,3,5,1,1,2,11.0,3,1,0,0,0,0,10,2021,2,1,2,0,11.0,22.0,0,1682,1494,0,133408.0
5,3,5,4,2,2,5.0,0,0,0,0,1,1,1,2021,2,2,7,0,2.5,35.0,0,1682,1494,0,141144.0
0,0,3,7,1,2,7.0,2,1,1,0,0,1,5,2026,2,3,6,0,2.333333333333333,42.0,0,1679,1551,0,139429.0
0,0,5,2,1,1,11.0,0,1,1,0,0,0,8,2025,2,2,3,0,5.5,33.0,0,1679,1494,0,109768.0
2,2,1,3,0,2,13.0,1,1,1,0,0,1,12,2024,2,3,6,0,4.333333333333333,78.0,0,1626,1531,0,89022.0
4,3,2,1,0,3,6.0,1,0,0,1,0,0,6,2025,2,1,3,0,6.0,18.0,0,1661,1595,0,110714.0
0,1,5,5,1,3,11.0,1,0,1,0,1,1,12,2026,2,3,8,0,3.6666666666666665,88.0,0,1679,1494,0,154179.0
4,2,4,2,2,2,3.0,2,1,0,0,0,0,10,2026,1,1,2,0,3.0,6.0,0,1661,1611,0,76958.0
2,2,4,5,1,1,7.0,2,1,1,0,0,1,4,2026,1,3,6,0,2.333333333333333,42.0,0,1626,1611,0,61640.0
3,1,1,3,1,2,7.0,0,0,0,0,1,0,2,2023,1,1,4,0,7.0,28.0,0,1623,1531,0,94534.0
4,0,1,0,2,3,4.0,1,0,1,1,0,1,3,2022,0,3,7,0,1.3333333333333333,28.0,1,1661,1531,0,133741.0
0,3,6,4,0,4,2.0,1,1,0,0,0,0,3,2021,0,1,2,0,2.0,4.0,0,1679,676,0,135493.0
2,1,5,3,3,2,14.0,0,0,1,0,1,1,5,2024,0,3,8,0,4.666666666666667,112.0,0,1626,1494,0,103551.0
5,3,1,4,0,0,3.0,3,0,1,1,0,0,11,2026,0,2,4,0,1.5,12.0,0,1682,1531,0,109155.0
3,0,2,6,0,3,7.0,0,0,1,1,0,1,9,2021,1,3,7,0,2.333333333333333,49.0,1,1623,1595,0,111979.0
2,3,4,2,0,1,3.0,0,1,1,0,0,1,7,2022,1,3,6,0,1.0,18.0,0,1626,1611,0,83738.0
1,0,4,2,0,2,2.0,2,0,0,0,1,0,2,2026,1,1,4,0,2.0,8.0,0,1714,1611,0,114595.0
0,3,4,5,3,3,2.0,2,1,0,0,0,0,4,2024,1,1,2,0,2.0,4.0,0,1679,1611,0,144115.0
0,1,2,3,1,3,9.0,0,1,0,0,0,0,2,2025,1,1,2,0,9.0,18.0,0,1679,1595,0,141342.0
5,0,3,2,2,2,7.0,2,0,1,0,0,1,4,2021,1,2,4,0,3.5,28.0,0,1682,1551,0,113873.0
0,0,3,6,1,2,4.0,2,0,0,1,1,0,2,2023,1,2,7,1,2.0,28.0,0,1679,1551,0,146300.0
0,3,6,0,2,2,12.0,2,1,1,1,0,1,1,2026,1,4,9,0,3.0,108.0,1,1679,676,1,202887.5
5,0,2,6,3,1,6.0,3,1,1,1,0,1,12,2021,1,4,9,0,1.5,54.0,1,1682,1595,0,111679.0
1,0,2,4,1,3,1.0,1,0,0,0,1,1,1,2021,1,2,7,0,0.5,7.0,0,1714,1595,0,138653.0
3,2,3,4,2,0,7.0,3,1,0,0,1,1,5,2026,1,3,9,0,2.333333333333333,63.0,0,1623,1551,0,78167.0
0,3,4,2,0,1,8.0,2,1,0,1,0,1,12,2025,0,3,8,0,2.6666666666666665,64.0,1,1679,1611,0,154494.0
4,2,1,3,1,4,8.0,0,0,0,1,0,1,9,2023,2,2,6,0,4.0,48.0,1,1661,1531,0,126587.0
2,2,2,0,2,3,5.0,1,0,1,1,0,1,7,2026,0,3,7,0,1.6666666666666667,35.0,1,1626,1595,0,129208.0
3,2,1,1,2,3,7.0,2,0,0,0,0,1,10,2021,0,1,3,0,7.0,21.0,0,1623,1531,0,114631.0
0,0,2,2,0,1,7.0,0,1,1,1,1,0,7,2024,0,4,10,1,1.75,70.0,0,1679,1595,0,116356.0
4,1,3,4,0,3,14.0,1,0,0,1,0,0,11,2021,0,1,3,0,14.0,42.0,0,1661,1551,0,104100.0
5,0,0,0,2,1,2.0,0,0,1,1,1,1,5,2021,0,4,11,1,0.5,22.0,1,1682,1567,0,148410.0
6,2,5,1,2,2,0.0,0,0,1,1,0,1,5,2021,0,3,7,0,0.0,0.0,1,40,1494,0,61640.0
1,2,2,1,1,1,4.0,0,0,1,1,1,1,10,2024,0,4,11,1,1.0,44.0,1,1714,1595,0,87697.0
1,1,6,6,2,3,13.0,1,1,1,0,0,0,10,2024,0,2,3,0,6.5,39.0,0,1714,676,0,116147.0
0,1,1,2,1,3,13.0,3,1,1,1,1,0,12,2025,0,4,10,1,3.25,130.0,0,1679,1531,1,170594.0
0,2,4,1,1,4,10.0,2,0,0,1,0,0,4,2023,0,1,3,0,10.0,30.0,0,1679,1611,0,150652.0
1,0,2,5,0,3,11.0,1,1,0,0,1,1,3,2020,0,3,9,0,3.6666666666666665,99.0,0,1714,1595,0,142504.0
5,0,0,7,2,2,11.0,1,0,1,0,0,1,3,2022,0,2,4,0,5.5,44.0,0,1682,1567,0,148082.0
2,1,5,6,0,1,7.0,2,1,1,1,0,1,10,2020,0,4,9,0,1.75,63.0,1,1626,1494,0,77343.0
3,0,3,6,1,1,11.0,0,1,1,1,0,0,9,2020,0,3,6,0,3.6666666666666665,66.0,0,1623,1551,0,61640.0
2,0,3,1,0,1,5.0,1,0,1,1,0,0,1,2025,0,2,4,0,2.5,20.0,0,1626,1551,0,88681.0
3,1,0,6,2,3,2.0,1,0,0,1,0,0,2,2021,0,1,3,0,2.0,6.0,0,1623,1567,0,115900.0
0,2,5,5,2,3,13.0,2,1,0,1,0,1,11,2025,0,3,8,0,4.333333333333333,104.0,1,1679,1494,1,174226.0
1,1,3,5,0,3,8.0,3,0,1,1,1,1,11,2025,0,4,11,1,2.0,88.0,1,1714,1551,0,138259.0
5,2,5,2,1,1,13.0,2,1,0,0,0,0,1,2025,0,1,2,0,13.0,26.0,0,1682,1494,0,86215.0
2,0,5,6,0,1,0.0,2,1,0,1,0,1,4,2021,1,3,8,0,0.0,0.0,1,1626,1494,0,73900.0
3,1,5,2,1,1,11.0,0,1,1,0,0,1,1,2022,1,3,6,0,3.6666666666666665,66.0,0,1623,1494,0,61640.0
5,0,3,4,0,2,7.0,0,0,0,0,0,1,8,2022,1,1,3,0,7.0,21.0,0,1682,1551,0,140119.0
5,0,4,1,1,2,7.0,2,1,0,1,0,0,8,2023,1,2,5,0,3.5,35.0,0,1682,1611,0,130100.0
2,1,4,5,2,3,7.0,0,0,1,1,1,0,1,2023,0,3,8,1,2.333333333333333,56.0,0,1626,1611,0,129200.0
4,1,6,1,0,1,7.0,0,0,1,1,1,0,5,2023,0,3,8,1,2.333333333333333,56.0,0,1661,676,0,77386.0
2,0,0,5,1,3,10.0,0,0,0,1,0,1,1,2023,0,2,6,0,5.0,60.0,1,1626,1567,0,156007.0
5,1,4,5,0,1,7.0,0,0,1,1,0,1,1,2020,2,3,7,0,2.333333333333333,49.0,1,1682,1611,0,113873.0
0,2,4,7,1,3,7.0,2,0,1,0,0,0,1,2021,2,1,1,0,7.0,7.0,0,1679,1611,0,113873.0
0,0,1,5,3,2,8.0,2,0,0,1,1,1,3,2025,2,3,10,1,2.6666666666666665,80.0,1,1679,1531,0,155031.0
2,0,4,1,0,2,7.0,2,1,1,1,0,1,3,2020,2,4,9,0,1.75,63.0,1,1626,1611,0,92573.0
2,1,2,7,2,3,0.0,3,1,0,0,0,1,8,2021,2,2,5,0,0.0,0.0,0,1626,1595,0,113873.0
1,2,3,1,2,2,7.0,2,0,0,1,0,0,1,2022,2,1,3,0,7.0,21.0,0,1714,1551,0,93181.0
1,0,5,3,1,2,4.0,0,0,0,0,1,1,9,2023,2,2,7,0,2.0,28.0,0,1714,1494,0,114734.0
5,3,3,0,1,2,3.0,1,1,1,1,0,1,4,2026,0,4,9,0,0.75,27.0,1,1682,1551,0,140183.0
5,2,0,7,0,1,2.0,2,1,0,1,0,1,9,2025,0,3,8,0,0.6666666666666666,16.0,1,1682,1567,0,111100.0
3,1,1,7,2,2,8.0,2,1,0,1,0,0,11,2026,2,2,5,0,4.0,40.0,0,1623,1531,0,76300.0
5,1,0,3,2,2,8.0,1,0,0,1,0,1,9,2020,2,2,6,0,4.0,48.0,1,1682,1567,0,143498.0
4,0,0,0,1,3,6.0,0,0,1,0,1,1,7,2020,2,3,8,0,2.0,48.0,0,1661,1567,0,129339.0
2,2,3,0,1,3,7.0,1,1,1,0,1,0,6,2024,2,3,7,0,2.333333333333333,49.0,0,1626,1551,0,119995.0
3,2,3,5,1,1,8.0,1,1,1,0,0,1,8,2024,0,3,6,0,2.6666666666666665,48.0,0,1623,1551,0,62439.0
5,1,3,0,2,1,3.0,0,0,1,1,1,1,3,2023,0,4,11,1,0.75,33.0,1,1682,1551,0,127460.0
2,2,0,2,0,1,7.0,0,1,1,1,0,0,12,2023,0,3,6,0,2.333333333333333,42.0,0,1626,1567,0,65115.0
2,0,4,4,1,4,3.0,0,1,0,1,0,0,10,2020,1,2,5,0,1.5,15.0,0,1626,1611,0,111659.0
3,0,4,3,0,2,7.9,2,0,1,0,1,1,12,2024,1,3,8,0,2.6333333333333333,63.2,0,1623,1611,0,123712.0
2,0,0,4,2,2,7.0,1,1,1,0,0,0,1,2025,1,2,3,0,3.5,21.0,0,1626,1567,0,91015.0
4,0,5,5,2,1,13.0,2,0,1,1,0,1,9,2026,1,3,7,0,4.333333333333333,91.0,1,1661,1494,0,84665.0
2,2,0,7,1,3,7.0,0,0,1,1,1,1,1,2021,1,4,11,1,1.75,77.0,1,1626,1567,0,142397.0
1,0,2,5,2,1,6.0,2,1,1,0,0,0,1,2021,1,2,3,0,3.0,18.0,0,1714,1595,1,202887.5
0,2,3,7,1,2,6.0,1,0,0,1,0,1,2,2025,1,2,6,0,3.0,36.0,1,1679,1551,0,138977.0
4,1,2,2,2,3,7.0,3,0,1,1,0,1,6,2026,1,3,7,0,2.333333333333333,49.0,1,1661,1595,0,128133.0
3,0,3,5,2,4,7.0,0,0,1,1,1,1,9,2026,0,4,11,1,1.75,77.0,1,1623,1551,0,92977.0
3,1,6,6,2,2,6.0,3,0,1,1,0,1,7,2025,0,3,7,0,2.0,42.0,1,1623,676,0,116102.0
0,2,3,1,1,1,3.0,2,0,0,1,0,1,5,2020,0,2,6,0,1.5,18.0,1,1679,1551,0,132430.0
3,2,1,1,3,1,9.0,2,1,1,1,0,0,6,2021,0,3,6,0,3.0,54.0,0,1623,1531,0,68232.0
2,0,1,5,1,1,13.0,1,0,1,0,1,1,10,2020,0,3,8,0,4.333333333333333,104.0,0,1626,1531,0,99955.0
1,1,2,2,0,3,13.0,2,0,1,0,1,1,1,2021,0,3,8,0,4.333333333333333,104.0,0,1714,1595,0,111607.0
1,1,2,1,2,2,9.0,2,1,1,1,0,1,9,2022,0,4,9,0,2.25,81.0,1,1714,1595,0,103638.0
4,0,2,5,3,3,6.0,0,1,1,0,0,1,9,2024,0,3,6,0,2.0,36.0,0,1661,1595,0,61640.0
2,2,3,4,0,1,8.4,1,1,0,1,0,1,11,2026,0,3,8,0,2.8000000000000003,67.2,1,1626,1551,0,113873.0
4,2,4,0,0,2,9.0,1,0,0,1,0,1,11,2026,0,2,6,0,4.5,54.0,1,1661,1611,0,96845.0
3,1,3,4,1,4,2.0,1,1,1,1,1,1,1,2026,0,5,13,1,0.4,26.0,1,1623,1551,0,85548.0
4,0,0,3,1,2,3.0,1,0,1,1,0,0,5,2025,0,2,4,0,1.5,12.0,0,1661,1567,0,88854.0
0,0,1,3,2,2,3.0,1,1,1,0,1,1,9,2022,0,4,10,0,0.75,30.0,0,1679,1531,0,139648.0
2,0,5,1,0,3,1.0,1,1,0,0,1,1,10,2022,0,3,9,0,0.3333333333333333,9.0,0,1626,1494,0,113873.0
4,1,3,6,2,2,10.0,2,0,0,0,0,1,9,2022,0,1,3,0,10.0,30.0,0,1661,1551,0,86723.0
3,0,2,0,1,2,11.0,0,1,1,1,0,0,1,2024,0,3,6,0,3.6666666666666665,66.0,0,1623,1595,0,105300.0
1,0,0,2,2,3,13.0,1,0,0,0,0,1,3,2021,0,1,3,0,13.0,39.0,0,1714,1567,0,114683.0
0,0,1,0,1,2,0.0,1,0,0,1,1,0,12,2022,0,2,7,1,0.0,0.0,0,1679,1531,1,202887.5
0,2,2,6,0,2,6.9,2,0,0,1,0,1,4,2023,0,2,6,0,3.45,41.400000000000006,1,1679,1595,0,131323.0
2,0,1,0,1,3,1.0,2,1,1,1,0,1,6,2025,0,4,9,0,0.25,9.0,1,1626,1531,0,149760.0
0,1,0,4,0,1,13.0,0,0,0,1,1,0,8,2023,0,2,7,1,6.5,91.0,0,1679,1567,0,103299.0
4,2,5,2,2,3,3.0,3,0,1,1,0,1,4,2022,0,3,7,0,1.0,21.0,1,1661,1494,0,123676.0
5,1,3,2,1,2,4.0,1,0,1,1,0,0,1,2023,0,2,4,0,2.0,16.0,0,1682,1551,0,125820.0
2,0,5,5,0,0,2.0,2,1,1,0,0,1,8,2026,0,3,6,0,0.6666666666666666,12.0,0,1626,1494,0,63138.0
5,0,0,5,2,3,5.0,0,0,1,1,1,0,10,2023,0,3,8,1,1.6666666666666667,40.0,0,1682,1567,1,167307.0
5,0,0,7,1,2,6.0,1,0,0,1,0,0,2,2025,0,1,3,0,6.0,18.0,0,1682,1567,0,125559.0
2,0,6,1,0,1,6.0,2,1,1,0,1,0,3,2022,0,3,7,0,2.0,42.0,0,1626,676,0,87685.0
2,0,4,4,1,1,7.0,0,0,1,0,1,1,3,2022,0,3,8,0,2.333333333333333,56.0,0,1626,1611,0,113873.0
0,2,5,1,1,3,14.0,1,1,0,0,0,0,11,2023,2,1,2,0,14.0,28.0,0,1679,1494,0,135504.0
3,0,4,5,0,2,5.0,1,0,1,0,1,1,2,2020,2,3,8,0,1.6666666666666667,40.0,0,1623,1611,0,113873.0
4,2,4,5,0,3,4.0,2,0,1,0,0,1,2,2025,2,2,4,0,2.0,16.0,0,1661,1611,0,100703.0
2,0,5,3,0,2,9.0,2,1,0,0,1,0,4,2023,2,2,6,0,4.5,54.0,0,1626,1494,0,90075.0
0,1,1,5,2,2,7.0,2,1,0,1,1,1,12,2020,2,4,12,1,1.75,84.0,1,1679,1531,0,144597.0
4,2,3,2,2,3,4.0,1,1,1,0,0,1,1,2025,2,3,6,0,1.3333333333333333,24.0,0,1661,1551,0,108845.0
3,2,2,6,0,3,5.0,1,1,0,1,1,1,2,2025,0,4,12,1,1.25,60.0,1,1623,1595,0,139997.0
1,0,2,1,1,3,7.0,1,0,0,0,1,0,3,2025,0,1,4,0,7.0,28.0,0,1714,1595,0,114700.0
5,1,4,1,2,2,10.0,0,1,1,0,0,1,7,2026,0,3,6,0,3.333333333333333,60.0,0,1682,1611,0,111222.0
1,0,3,3,2,2,6.0,2,0,0,1,0,1,5,2026,0,2,6,0,3.0,36.0,1,1714,1551,0,93359.0
3,0,6,6,1,1,6.0,0,0,1,0,1,1,7,2022,0,3,8,0,2.0,48.0,0,1623,676,0,93213.0
3,0,2,4,1,2,2.0,1,1,1,0,1,1,1,2024,0,4,10,0,0.5,20.0,0,1623,1595,0,120000.0
3,1,1,1,2,3,2.0,2,0,1,0,0,0,1,2024,0,1,1,0,2.0,2.0,0,1623,1531,0,100757.0
4,1,1,3,0,2,2.0,2,1,1,1,0,0,11,2020,0,3,6,0,0.6666666666666666,12.0,0,1661,1531,0,94890.0
3,1,2,6,3,1,12.0,2,0,1,0,0,1,7,2023,0,2,4,0,6.0,48.0,0,1623,1595,0,62345.0
0,1,4,0,2,2,6.0,0,0,1,0,1,1,11,2020,0,3,8,0,2.0,48.0,0,1679,1611,0,138384.0
3,2,5,6,0,3,2.0,1,1,0,1,0,1,9,2022,0,3,8,0,0.6666666666666666,16.0,1,1623,1494,0,123997.0
1,1,3,4,2,3,6.0,2,1,0,1,1,0,3,2021,0,3,9,1,2.0,54.0,0,1714,1551,0,128689.0
2,0,4,2,1,3,0.6,2,0,1,0,0,0,3,2021,1,1,1,0,0.6,0.6,0,1626,1611,0,102375.0
3,2,0,3,2,2,0.0,2,0,0,1,1,0,5,2025,1,2,7,1,0.0,0.0,0,1623,1567,0,103752.0
4,2,5,4,1,2,9.8,1,1,0,1,1,1,3,2026,1,4,12,1,2.45,117.6,1,1661,1494,0,112771.0
5,2,4,0,1,4,7.0,1,0,1,1,0,0,12,2025,1,2,4,0,3.5,28.0,0,1682,1611,0,87058.0
2,0,4,1,2,2,11.0,2,0,1,1,0,0,1,2022,1,2,4,0,5.5,44.0,0,1626,1611,0,77092.0
3,1,1,5,0,2,7.0,2,1,0,1,1,0,5,2025,1,3,9,1,2.333333333333333,63.0,0,1623,1531,0,103187.0
3,2,4,0,2,2,5.0,2,0,0,1,0,1,3,2023,1,2,6,0,2.5,30.0,1,1623,1611,0,98600.0
3,2,2,4,1,4,4.0,1,0,1,0,0,1,11,2023,1,2,4,0,2.0,16.0,0,1623,1595,0,107825.0
5,3,0,4,0,1,7.0,2,1,1,0,1,1,11,2023,1,4,10,0,1.75,70.0,0,1682,1567,0,110993.0
2,2,6,0,2,1,8.0,1,0,0,0,0,1,2,2025,2,1,3,0,8.0,24.0,0,1626,676,0,61640.0
4,0,6,2,1,3,7.0,2,1,0,0,1,1,5,2026,2,3,9,0,2.333333333333333,63.0,0,1661,676,0,113873.0
4,2,4,7,0,3,7.0,0,1,0,1,0,0,9,2024,2,2,5,0,3.5,35.0,0,1661,1611,0,115384.0
5,2,3,0,1,2,5.0,2,1,1,1,0,0,9,2022,2,3,6,0,1.6666666666666667,30.0,0,1682,1551,0,133265.0
5,0,4,0,2,3,3.0,2,0,1,1,0,1,12,2026,2,3,7,0,1.0,21.0,1,1682,1611,0,160982.0
1,0,0,3,2,2,7.0,2,0,0,1,1,1,9,2026,2,3,10,1,2.333333333333333,70.0,1,1714,1567,0,139700.0
4,2,3,0,1,2,7.0,2,0,0,1,0,0,1,2025,0,1,3,0,7.0,21.0,0,1661,1551,0,113873.0
5,1,5,0,0,3,13.0,1,1,0,1,0,1,1,2023,0,3,8,0,4.333333333333333,104.0,1,1682,1494,0,161517.0
0,0,5,2,3,1,8.0,1,0,0,1,1,0,1,2026,0,2,7,1,4.0,56.0,0,1679,1494,1,202887.5
3,1,4,7,0,2,1.0,0,0,1,0,0,0,10,2022,0,1,1,0,1.0,1.0,0,1623,1611,0,76315.0
2,0,5,0,0,3,7.0,0,1,1,0,0,1,5,2021,0,3,6,0,2.333333333333333,42.0,0,1626,1494,0,113873.0
5,1,0,2,2,1,7.0,0,1,1,1,1,1,11,2021,0,5,13,1,1.4,91.0,1,1682,1567,0,128887.0
1,2,2,3,3,1,7.0,2,1,0,1,1,1,6,2022,0,4,12,1,1.75,84.0,1,1714,1595,0,94419.0
1,0,2,5,1,1,4.0,2,0,1,1,0,0,9,2022,0,2,4,0,2.0,16.0,0,1714,1595,0,80536.0
4,0,5,2,3,3,12.0,2,1,1,0,0,0,1,2022,0,2,3,0,6.0,36.0,0,1661,1494,0,96237.0
4,0,5,3,2,1,14.0,1,1,1,1,1,0,7,2024,0,4,10,1,3.5,140.0,0,1661,1494,0,100547.0
4,1,6,4,2,2,9.6,2,1,0,0,0,0,3,2023,0,1,2,0,9.6,19.2,0,1661,676,0,72300.0
0,0,1,7,1,1,10.0,2,1,0,1,0,1,5,2021,0,3,8,0,3.333333333333333,80.0,1,1679,1531,0,110231.0
1,2,6,2,2,1,13.0,2,0,0,0,1,1,1,2022,0,2,7,0,6.5,91.0,0,1714,676,0,79054.0
2,1,1,5,2,1,0.0,3,0,1,0,1,1,11,2023,0,3,8,0,0.0,0.0,0,1626,1531,0,79187.0
3,0,3,1,1,3,5.0,2,1,1,1,0,0,4,2024,0,3,6,0,1.6666666666666667,30.0,0,1623,1551,0,121946.0
1,1,1,1,2,3,8.0,2,0,1,0,0,1,5,2025,0,2,4,0,4.0,32.0,0,1714,1531,0,113873.0
3,3,0,0,0,2,7.0,1,1,1,0,1,1,9,2026,0,4,10,0,1.75,70.0,0,1623,1567,0,61640.0
5,1,6,4,2,2,5.0,2,1,1,1,1,0,11,2021,0,4,10,1,1.25,50.0,0,1682,676,0,141453.0
0,1,3,1,1,1,7.0,0,1,1,0,1,1,9,2020,0,4,10,0,1.75,70.0,0,1679,1551,0,115179.0
1,1,3,2,0,2,0.0,2,0,1,1,0,0,4,2023,0,2,4,0,0.0,0.0,0,1714,1551,0,87932.0
5,0,4,6,2,3,6.0,0,0,1,1,0,1,7,2024,0,3,7,0,2.0,42.0,1,1682,1611,1,164100.0
0,0,3,2,1,1,3.0,1,1,1,1,1,0,10,2023,0,4,10,1,0.75,30.0,0,1679,1551,0,123813.0
5,2,3,1,1,4,1.0,1,0,1,0,0,1,6,2020,0,2,4,0,0.5,4.0,0,1682,1551,0,151142.0
0,2,5,0,1,1,1.0,0,0,1,1,0,1,9,2024,0,3,7,0,0.3333333333333333,7.0,1,1679,1494,0,116182.0
2,1,0,2,0,4,7.0,0,0,1,1,0,0,2,2024,0,2,4,0,3.5,28.0,0,1626,1567,0,67184.0
0,0,5,0,2,2,3.0,1,1,1,1,1,1,9,2023,0,5,13,1,0.6,39.0,1,1679,1494,0,156222.0
5,2,6,6,0,2,13.0,1,1,0,1,0,1,1,2022,0,3,8,0,4.333333333333333,104.0,1,1682,676,0,139760.0
4,0,0,7,1,2,10.0,1,1,1,0,1,0,11,2023,0,3,7,0,3.333333333333333,70.0,0,1661,1567,0,122541.0
5,1,0,5,0,2,7.0,2,0,0,1,0,1,1,2023,0,2,6,0,3.5,42.0,1,1682,1567,0,139268.0
2,1,1,0,0,3,13.0,0,1,0,0,1,1,6,2021,2,3,9,0,4.333333333333333,117.0,0,1626,1531,0,122770.0
1,0,2,1,1,0,7.0,1,1,1,0,0,1,6,2021,2,3,6,0,2.333333333333333,42.0,0,1714,1595,0,113873.0
1,1,0,7,0,2,7.0,2,0,0,1,0,0,6,2025,2,1,3,0,7.0,21.0,0,1714,1567,0,89005.0
2,0,5,6,0,1,5.0,2,0,1,0,0,0,8,2025,1,1,1,0,5.0,5.0,0,1626,1494,0,61640.0
2,0,0,3,2,1,7.0,0,1,0,0,1,1,2,2023,1,3,9,0,2.333333333333333,63.0,0,1626,1567,0,91800.0
4,0,5,1,2,3,5.0,2,0,0,1,1,0,8,2024,1,2,7,1,2.5,35.0,0,1661,1494,0,153943.0
5,0,3,4,2,1,8.0,1,1,0,1,0,1,8,2022,1,3,8,0,2.6666666666666665,64.0,1,1682,1551,0,120167.0
1,0,4,2,2,0,8.0,0,1,0,0,0,1,10,2024,1,2,5,0,4.0,40.0,0,1714,1611,0,61997.0
2,0,2,6,0,2,7.0,1,0,1,1,0,0,5,2023,1,2,4,0,3.5,28.0,0,1626,1595,0,94609.0
0,1,6,1,1,2,4.0,1,0,1,1,1,1,6,2024,0,4,11,1,1.0,44.0,1,1679,676,0,158611.0
4,3,5,5,0,1,2.4,1,0,0,0,0,1,1,2020,0,1,3,0,2.4,7.199999999999999,0,1661,1494,0,77738.0
0,1,4,7,2,3,3.0,0,1,1,0,0,1,1,2020,0,3,6,0,1.0,18.0,0,1679,1611,0,152401.0
1,0,0,5,0,1,12.0,0,1,0,1,1,0,2,2024,0,3,9,1,4.0,108.0,0,1714,1567,0,77415.0
1,0,3,1,1,3,12.0,2,0,1,1,0,1,2,2020,1,3,7,0,4.0,84.0,1,1714,1551,0,113873.0
2,1,4,3,1,1,7.0,1,1,0,0,1,0,6,2020,1,2,6,0,3.5,42.0,0,1626,1611,0,79746.0
5,0,4,2,1,2,14.0,1,1,0,1,0,1,3,2026,1,3,8,0,4.666666666666667,112.0,1,1682,1611,0,158556.0
1,2,2,3,0,1,12.0,1,0,1,1,0,0,7,2023,2,2,4,0,6.0,48.0,0,1714,1595,0,61640.0
3,0,1,0,1,3,3.0,1,1,0,1,0,1,12,2021,2,3,8,0,1.0,24.0,1,1623,1531,0,155372.0
3,2,3,0,2,3,10.0,1,0,0,1,0,1,7,2024,2,2,6,0,5.0,60.0,1,1623,1551,0,124815.0
3,0,2,2,1,1,3.0,1,1,1,0,0,1,12,2024,2,3,6,0,1.0,18.0,0,1623,1595,0,77653.0
3,1,2,0,1,2,13.0,2,0,0,1,0,1,10,2021,2,2,6,0,6.5,78.0,1,1623,1595,0,98914.0
3,1,2,6,1,2,2.0,0,0,0,1,0,1,11,2021,2,2,6,0,1.0,12.0,1,1623,1595,0,101090.0
3,2,3,2,0,1,5.0,1,0,0,0,0,1,1,2021,0,1,3,0,5.0,15.0,0,1623,1551,0,61640.0
0,2,3,6,1,2,8.0,1,0,1,1,1,1,11,2024,0,4,11,1,2.0,88.0,1,1679,1551,0,153225.0
5,2,4,1,3,2,7.0,2,0,0,1,0,0,11,2024,0,1,3,0,7.0,21.0,0,1682,1611,0,133332.0
2,1,0,6,1,2,4.0,0,0,1,0,1,0,7,2020,0,2,5,0,2.0,20.0,0,1626,1567,0,85102.0
1,0,5,2,2,2,1.0,2,0,1,1,0,1,8,2025,0,3,7,0,0.3333333333333333,7.0,1,1714,1494,0,118661.0
1,1,6,2,1,1,4.0,2,0,1,0,1,0,1,2020,0,2,5,0,2.0,20.0,0,1714,676,0,63257.0
4,2,6,4,2,1,2.0,1,0,1,1,1,1,1,2023,0,4,11,1,0.5,22.0,1,1661,676,0,89600.0
1,0,2,3,0,2,4.0,1,0,1,1,0,0,11,2026,0,2,4,0,2.0,16.0,0,1714,1595,0,89619.0
5,2,1,0,0,1,1.0,3,0,1,1,1,0,1,2023,0,3,8,1,0.3333333333333333,8.0,0,1682,1531,0,124214.0
5,0,4,3,0,2,5.0,2,0,0,0,0,1,2,2024,0,1,3,0,5.0,15.0,0,1682,1611,0,142951.0
4,2,4,7,2,3,13.0,2,0,0,1,0,1,11,2020,0,2,6,0,6.5,78.0,1,1661,1611,0,121023.0
4,2,3,6,0,3,8.0,1,1,1,0,0,0,8,2022,0,2,3,0,4.0,24.0,0,1661,1551,0,107715.0
5,1,3,4,1,2,0.4,2,1,1,1,0,1,2,2025,0,4,9,0,0.1,3.6,1,1682,1551,0,129825.0
0,0,0,2,0,1,10.0,0,1,0,1,0,1,1,2021,2,3,8,0,3.333333333333333,80.0,1,1679,1567,0,115022.0
5,0,3,1,2,2,3.0,1,0,0,1,0,1,4,2024,2,2,6,0,1.5,18.0,1,1682,1551,0,143994.0
3,2,0,7,3,1,7.0,2,0,1,1,0,1,11,2025,2,3,7,0,2.333333333333333,49.0,1,1623,1567,0,94767.0
2,0,6,7,0,4,2.0,2,1,0,1,0,1,1,2024,0,3,8,0,0.6666666666666666,16.0,1,1626,676,0,111294.0
3,0,2,2,0,1,1.0,0,1,1,0,0,1,3,2023,0,3,6,0,0.3333333333333333,6.0,0,1623,1595,0,64671.0
5,1,1,5,0,2,13.0,3,1,0,1,0,1,7,2020,0,3,8,0,4.333333333333333,104.0,1,1682,1531,0,128171.0
2,1,3,4,0,3,12.0,1,0,1,1,1,0,10,2021,0,3,8,1,4.0,96.0,0,1626,1551,0,131022.0
0,0,5,3,2,3,10.0,0,0,0,1,0,1,1,2024,0,2,6,0,5.0,60.0,1,1679,1494,1,166753.0
1,0,4,5,0,2,7.0,2,1,1,1,0,0,1,2020,0,3,6,0,2.333333333333333,42.0,0,1714,1611,0,110090.0
0,0,1,6,1,1,6.0,0,0,0,0,1,0,4,2025,0,1,4,0,6.0,24.0,0,1679,1531,0,102318.0
1,1,0,3,3,1,7.0,0,1,1,0,0,1,12,2026,0,3,6,0,2.333333333333333,42.0,0,1714,1567,0,61640.0
3,0,2,1,0,3,1.0,1,0,1,1,0,1,6,2026,0,3,7,0,0.3333333333333333,7.0,1,1623,1595,0,145425.0
4,2,4,6,1,1,1.0,1,0,0,0,1,0,1,2025,0,1,4,0,1.0,4.0,0,1661,1611,0,61640.0
2,1,6,2,2,3,10.0,2,1,1,1,0,1,5,2024,0,4,9,0,2.5,90.0,1,1626,676,0,113873.0
5,3,1,0,2,2,9.0,3,0,1,0,0,1,3,2021,0,2,4,0,4.5,36.0,0,1682,1531,0,140202.0
4,0,1,2,3,3,7.0,0,1,0,0,1,1,9,2021,0,3,9,0,2.333333333333333,63.0,0,1661,1531,0,142949.0
0,1,6,5,2,2,6.0,0,1,1,0,1,1,9,2021,0,4,10,0,1.5,60.0,0,1679,676,0,141500.0
0,0,0,0,2,3,6.0,2,1,1,1,1,0,9,2023,0,4,10,1,1.5,60.0,0,1679,1567,1,170461.0
4,2,3,3,0,3,10.0,1,1,0,0,0,0,11,2022,0,1,2,0,10.0,20.0,0,1661,1551,0,104330.0
2,1,1,0,0,3,3.0,2,1,1,0,1,1,11,2023,0,4,10,0,0.75,30.0,0,1626,1531,0,123731.0
1,0,4,4,0,4,6.0,1,0,1,1,0,0,3,2020,0,2,4,0,3.0,24.0,0,1714,1611,0,67925.0
1,1,5,1,2,3,7.0,3,0,1,1,0,1,9,2020,0,3,7,0,2.333333333333333,49.0,1,1714,1494,0,126200.0
0,1,3,1,1,2,6.7,0,0,1,1,0,0,12,2021,0,2,4,0,3.35,26.8,0,1679,1551,1,202887.5
3,0,5,1,0,1,9.0,0,0,1,0,0,1,11,2021,0,2,4,0,4.5,36.0,0,1623,1494,0,61640.0
1,1,2,6,3,1,7.0,1,1,0,1,0,1,1,2026,0,3,8,0,2.333333333333333,56.0,1,1714,1595,1,202887.5
3,2,2,1,1,2,7.0,0,0,1,1,1,0,1,2024,0,3,8,1,2.333333333333333,56.0,0,1623,1595,0,93167.0
1,2,4,6,3,2,6.0,0,0,1,1,0,1,6,2020,0,3,7,0,2.0,42.0,1,1714,1611,0,113873.0
4,1,1,7,0,1,14.0,2,0,1,0,0,0,10,2023,0,1,1,0,14.0,14.0,0,1661,1531,1,202887.5
0,0,2,5,2,3,7.0,3,0,1,0,0,1,12,2020,0,2,4,0,3.5,28.0,0,1679,1595,0,149952.0
2,0,0,0,0,2,7.0,0,0,0,0,1,1,11,2021,0,2,7,0,3.5,49.0,0,1626,1567,0,101862.0
3,2,1,5,1,1,6.0,1,1,0,0,1,1,6,2024,0,3,9,0,2.0,54.0,0,1623,1531,0,71142.0
3,0,2,2,2,3,6.3,0,1,0,1,0,1,8,2024,1,3,8,0,2.1,50.4,1,1623,1595,0,129100.0
4,0,2,2,3,4,4.0,1,0,0,0,0,1,4,2026,1,1,3,0,4.0,12.0,0,1661,1595,0,84823.0
5,1,3,4,0,1,9.0,2,0,1,1,1,0,12,2026,1,3,8,1,3.0,72.0,0,1682,1551,0,116159.0
1,2,0,5,0,1,2.0,3,1,0,0,0,0,3,2026,1,1,2,0,2.0,4.0,0,1714,1567,0,61640.0
3,2,1,6,1,3,7.0,2,1,0,1,0,0,8,2021,1,2,5,0,3.5,35.0,0,1623,1531,0,131356.0
1,2,5,1,1,1,7.0,2,1,1,0,0,0,12,2022,1,2,3,0,3.5,21.0,0,1714,1494,0,61640.0
5,1,3,0,0,3,7.0,1,1,0,0,1,1,6,2022,1,3,9,0,2.333333333333333,63.0,0,1682,1551,1,168596.0
1,1,2,6,0,1,9.0,3,0,1,0,1,0,1,2026,1,2,5,0,4.5,45.0,0,1714,1595,0,61640.0
5,3,5,5,0,3,3.0,0,0,0,1,1,0,1,2020,1,2,7,1,1.5,21.0,0,1682,1494,1,191711.0
4,0,3,4,3,3,11.0,0,0,1,0,0,1,1,2026,1,2,4,0,5.5,44.0,0,1661,1551,0,131115.0
3,0,6,1,0,3,8.0,1,0,0,1,1,1,9,2023,1,3,10,1,2.6666666666666665,80.0,1,1623,676,0,139074.0
5,1,3,0,0,3,7.9,2,0,0,1,1,0,5,2026,1,2,7,1,3.95,55.3,0,1682,1551,1,176234.0
5,0,5,3,2,3,5.0,0,0,1,0,0,0,12,2026,1,1,1,0,5.0,5.0,0,1682,1494,1,164895.0
3,1,1,1,2,1,14.0,0,1,1,0,1,1,10,2026,1,4,10,0,3.5,140.0,0,1623,1531,0,89254.0
2,0,4,3,0,2,7.0,0,1,1,1,0,0,9,2026,1,3,6,0,2.333333333333333,42.0,0,1626,1611,0,85761.0
0,0,5,5,1,1,11.0,1,1,1,0,1,1,3,2026,1,4,10,0,2.75,110.0,0,1679,1494,0,153157.0
4,0,1,5,0,1,4.0,0,0,0,0,1,0,5,2024,1,1,4,0,4.0,16.0,0,1661,1531,0,86421.0
1,0,6,2,1,2,3.0,1,1,1,1,0,0,11,2021,1,3,6,0,1.0,18.0,0,1714,676,0,113051.0
3,0,2,6,2,1,4.0,0,1,1,0,0,0,9,2020,1,2,3,0,2.0,12.0,0,1623,1595,0,61640.0
2,1,5,6,3,3,4.0,2,0,1,1,1,1,11,2022,0,4,11,1,1.0,44.0,1,1626,1494,0,139690.0
4,0,6,2,1,2,14.0,0,0,0,0,1,1,6,2023,0,2,7,0,7.0,98.0,0,1661,676,0,99004.0
1,1,6,4,0,2,2.0,1,1,1,1,1,1,10,2020,0,5,13,1,0.4,26.0,1,1714,676,0,114174.0
3,0,5,7,1,2,7.0,1,0,1,1,0,1,11,2024,0,3,7,0,2.333333333333333,49.0,1,1623,1494,0,94663.0
0,1,3,3,0,2,13.0,0,1,1,1,0,0,3,2026,0,3,6,0,4.333333333333333,78.0,0,1679,1551,0,127634.0
2,0,6,1,1,2,9.0,1,1,1,1,1,1,1,2022,0,5,13,1,1.8,117.0,1,1626,676,0,114434.0
1,1,2,1,0,2,9.0,1,0,1,0,1,0,8,2024,0,2,5,0,4.5,45.0,0,1714,1595,0,93146.0
1,0,6,2,2,2,4.0,2,0,1,1,0,1,6,2026,0,3,7,0,1.3333333333333333,28.0,1,1714,676,0,138901.0
2,0,4,7,3,2,8.0,2,1,1,1,1,1,7,2021,0,5,13,1,1.6,104.0,1,1626,1611,0,138303.0
5,1,0,6,1,4,14.0,0,0,1,1,1,0,5,2021,0,3,8,1,4.666666666666667,112.0,0,1682,1567,1,168966.0
2,2,2,7,0,2,1.0,2,0,1,1,1,1,1,2020,0,4,11,1,0.25,11.0,1,1626,1595,0,110020.0
2,0,2,1,2,2,1.0,2,1,0,1,0,1,9,2025,0,3,8,0,0.3333333333333333,8.0,1,1626,1595,0,132680.0
5,1,0,0,2,3,14.4,2,0,1,0,1,0,12,2024,0,2,5,0,7.2,72.0,0,1682,1567,0,154970.0
2,0,0,5,1,2,11.0,3,0,1,1,0,1,8,2021,0,3,7,0,3.6666666666666665,77.0,1,1626,1567,0,101542.0
1,0,1,0,2,3,9.0,0,0,0,1,1,0,1,2020,0,2,7,1,4.5,63.0,0,1714,1531,0,113873.0
3,0,0,0,0,3,13.0,2,0,1,1,0,0,12,2022,0,2,4,0,6.5,52.0,0,1623,1567,0,111598.0
0,2,3,6,0,2,10.0,2,0,1,0,1,0,8,2025,0,2,5,0,5.0,50.0,0,1679,1551,0,133174.0
3,0,4,4,0,4,1.8,1,1,1,0,0,0,2,2021,1,2,3,0,0.9,5.4,0,1623,1611,0,61640.0
4,0,2,5,2,2,7.0,1,1,0,0,1,1,11,2025,2,3,9,0,2.333333333333333,63.0,0,1661,1595,0,95831.0
2,2,5,5,1,1,10.0,2,1,1,1,0,1,5,2020,2,4,9,0,2.5,90.0,1,1626,1494,0,79789.0
4,0,4,3,2,1,5.0,1,0,1,1,0,1,1,2025,2,3,7,0,1.6666666666666667,35.0,1,1661,1611,0,61640.0
0,0,2,0,0,3,14.0,3,1,0,1,1,1,10,2026,2,4,12,1,3.5,168.0,1,1679,1595,1,202887.5
2,0,1,5,0,3,4.0,0,1,1,1,1,1,3,2026,2,5,13,1,0.8,52.0,1,1626,1531,0,113873.0
5,0,1,2,1,2,7.0,2,1,1,0,1,1,12,2025,2,4,10,0,1.75,70.0,0,1682,1531,0,140681.0
3,2,5,0,0,1,4.0,2,1,0,0,1,1,1,2020,2,3,9,0,1.3333333333333333,36.0,0,1623,1494,0,88227.0
5,1,5,1,1,1,7.0,3,0,1,1,1,1,10,2023,2,4,11,1,1.75,77.0,1,1682,1494,0,130891.0
5,3,4,0,1,3,2.0,0,1,1,0,1,1,6,2023,2,4,10,0,0.5,20.0,0,1682,1611,0,113873.0
5,1,1,3,2,4,4.0,0,1,1,1,1,1,5,2025,2,5,13,1,0.8,52.0,1,1682,1531,0,124582.0
2,0,5,2,2,1,12.0,0,1,0,1,0,0,11,2023,2,2,5,0,6.0,60.0,0,1626,1494,0,85796.0
0,0,1,6,1,2,4.9,2,0,0,0,0,1,6,2026,2,1,3,0,4.9,14.7,0,1679,1531,0,125414.0
3,2,6,4,1,1,13.0,2,0,1,0,1,1,12,2024,2,3,8,0,4.333333333333333,104.0,0,1623,676,0,78075.0
1,1,3,3,1,3,12.0,1,1,0,1,0,1,11,2026,2,3,8,0,4.0,96.0,1,1714,1551,0,136785.0
4,0,4,3,0,3,9.0,0,0,1,0,1,1,5,2026,2,3,8,0,3.0,72.0,0,1661,1611,0,141497.0
0,2,3,6,2,3,1.0,0,1,0,1,0,1,7,2021,2,3,8,0,0.3333333333333333,8.0,1,1679,1551,1,169772.0
0,2,1,1,3,3,8.2,1,1,1,0,0,1,3,2021,2,3,6,0,2.733333333333333,49.2,0,1679,1531,0,148577.0
4,0,1,0,0,3,6.0,0,1,0,1,0,1,7,2022,2,3,8,0,2.0,48.0,1,1661,1531,0,146463.0
5,2,0,0,1,2,14.0,2,1,1,1,0,0,7,2020,2,3,6,0,4.666666666666667,84.0,0,1682,1567,0,144505.0
2,3,3,2,1,1,5.0,0,0,1,0,0,1,7,2020,2,2,4,0,2.5,20.0,0,1626,1551,0,75558.0
2,0,1,2,0,1,10.0,0,0,0,1,1,0,7,2021,2,2,7,1,5.0,70.0,0,1626,1531,0,75268.0
1,0,5,0,1,3,4.0,2,0,0,0,0,1,3,2025,2,1,3,0,4.0,12.0,0,1714,1494,0,106455.0
1,2,6,6,3,2,12.0,1,1,1,1,0,0,3,2024,2,3,6,0,4.0,72.0,0,1714,676,0,89260.0
1,1,0,4,0,2,10.0,0,0,1,1,0,1,3,2024,2,3,7,0,3.333333333333333,70.0,1,1714,1567,0,100905.0
0,2,2,4,0,1,7.0,2,0,1,1,0,1,3,2025,2,3,7,0,2.333333333333333,49.0,1,1679,1595,0,112735.0
4,0,5,5,0,2,12.0,1,1,1,0,1,0,2,2022,2,3,7,0,4.0,84.0,0,1661,1494,0,89332.0
6,0,1,4,1,2,5.0,0,0,0,1,0,1,9,2026,2,2,6,0,2.5,30.0,1,40,1531,0,97074.0
4,2,0,6,2,3,13.0,1,0,1,0,1,0,10,2020,2,2,5,0,6.5,65.0,0,1661,1567,0,103186.0
3,0,5,2,2,1,11.0,1,0,0,1,1,0,8,2022,2,2,7,1,5.5,77.0,0,1623,1494,0,102780.0
2,2,2,4,1,4,7.0,1,0,0,0,0,1,2,2026,2,1,3,0,7.0,21.0,0,1626,1595,0,102278.0
5,0,3,3,0,1,9.0,1,1,0,0,0,1,8,2025,2,2,5,0,4.5,45.0,0,1682,1551,0,121840.0
2,1,3,5,1,1,12.0,0,1,1,1,1,0,2,2025,2,4,10,1,3.0,120.0,0,1626,1551,0,78161.0
4,1,0,0,1,4,9.0,0,1,0,1,1,0,2,2024,2,3,9,1,3.0,81.0,0,1661,1567,0,107129.0
5,0,0,6,0,2,13.0,2,0,1,1,0,1,8,2026,2,3,7,0,4.333333333333333,91.0,1,1682,1567,0,146499.0
0,0,4,2,1,2,2.0,3,1,0,1,1,0,9,2021,2,3,9,1,0.6666666666666666,18.0,0,1679,1611,0,149704.0
2,1,5,5,3,2,0.0,0,1,0,1,0,1,6,2026,2,3,8,0,0.0,0.0,1,1626,1494,0,103173.0
4,2,0,5,1,1,10.0,2,1,1,0,0,1,7,2026,2,3,6,0,3.333333333333333,60.0,0,1661,1567,0,113873.0
2,2,3,0,2,2,2.0,2,1,1,1,0,0,1,2026,2,3,6,0,0.6666666666666666,12.0,0,1626,1551,0,94063.0
4,0,6,3,0,1,2.0,1,0,0,1,0,0,1,2026,0,1,3,0,2.0,6.0,0,1661,676,0,79965.0
3,2,4,4,0,1,7.0,0,0,1,1,0,1,9,2021,0,3,7,0,2.333333333333333,49.0,1,1623,1611,1,202887.5
5,0,2,5,2,3,7.0,1,1,1,0,0,1,12,2026,1,3,6,0,2.333333333333333,42.0,0,1682,1595,0,147605.0
2,0,4,3,0,4,4.0,1,0,1,0,1,1,1,2022,1,3,8,0,1.3333333333333333,32.0,0,1626,1611,0,119488.0
5,0,5,4,2,3,2.0,2,0,1,1,0,1,1,2024,1,3,7,0,0.6666666666666666,14.0,1,1682,1494,0,61640.0
5,0,0,6,1,3,14.0,1,1,1,1,0,0,1,2025,1,3,6,0,4.666666666666667,84.0,0,1682,1567,0,156805.0
0,0,3,4,0,2,4.0,0,1,1,1,0,1,12,2022,1,4,9,0,1.0,36.0,1,1679,1551,0,139865.0
3,1,0,5,1,1,7.0,2,1,1,0,1,1,4,2022,1,4,10,0,1.75,70.0,0,1623,1567,0,78187.0
4,0,2,1,2,3,5.0,2,0,1,0,0,1,8,2022,1,2,4,0,2.5,20.0,0,1661,1595,0,116055.0
2,0,2,0,0,3,1.0,1,0,1,1,0,0,8,2022,1,2,4,0,0.5,4.0,0,1626,1595,0,134943.0
1,3,5,0,2,3,4.0,2,1,1,0,1,0,3,2025,1,3,7,0,1.3333333333333333,28.0,0,1714,1494,0,119651.0
4,1,5,4,2,4,2.0,3,1,1,0,0,1,4,2020,1,3,6,0,0.6666666666666666,12.0,0,1661,1494,0,81109.0
0,1,1,3,1,3,8.0,0,1,0,0,0,0,5,2020,1,1,2,0,8.0,16.0,0,1679,1531,0,142597.0
5,1,4,7,0,4,11.0,1,0,1,0,0,1,6,2025,0,2,4,0,5.5,44.0,0,1682,1611,0,148828.0
3,0,0,0,0,4,0.0,1,0,0,0,1,0,1,2024,0,1,4,0,0.0,0.0,0,1623,1567,0,106050.0
2,0,6,1,2,3,14.0,0,1,1,1,1,0,1,2022,0,4,10,1,3.5,140.0,0,1626,676,0,152259.0
0,1,1,1,1,1,3.0,1,0,1,1,1,1,1,2021,0,4,11,1,0.75,33.0,1,1679,1531,0,126394.0
2,1,6,5,1,2,7.0,1,1,1,0,1,1,3,2024,0,4,10,0,1.75,70.0,0,1626,676,0,89973.0
1,0,0,6,2,2,5.0,0,1,1,1,0,1,10,2024,0,4,9,0,1.25,45.0,1,1714,1567,0,103208.0
3,0,1,6,2,2,13.0,2,1,0,1,0,1,1,2024,0,3,8,0,4.333333333333333,104.0,1,1623,1531,0,117655.0
5,0,3,2,2,1,7.0,2,1,0,1,0,1,9,2023,0,3,8,0,2.333333333333333,56.0,1,1682,1551,0,123800.0
3,0,2,3,2,3,10.0,1,0,0,0,0,1,10,2024,2,1,3,0,10.0,30.0,0,1623,1595,0,113702.0
5,1,5,6,1,3,2.0,3,0,0,1,0,0,10,2026,2,1,3,0,2.0,6.0,0,1682,1494,1,169900.0
5,1,0,3,2,3,9.0,0,0,0,0,1,0,11,2023,2,1,4,0,9.0,36.0,0,1682,1567,0,113873.0
4,2,1,4,2,1,8.0,2,0,1,1,1,1,7,2025,0,4,11,1,2.0,88.0,1,1661,1531,0,93802.0
2,1,3,6,1,2,3.0,0,0,0,1,0,0,5,2026,0,1,3,0,3.0,9.0,0,1626,1551,0,91380.0
3,0,6,5,2,2,2.0,2,1,1,0,0,0,2,2026,0,2,3,0,1.0,6.0,0,1623,676,0,72418.0
2,1,0,4,2,2,13.0,1,1,0,0,0,0,2,2023,0,1,2,0,13.0,26.0,0,1626,1567,0,61640.0
4,2,5,2,1,3,2.0,1,0,1,1,0,1,8,2025,1,3,7,0,0.6666666666666666,14.0,1,1661,1494,1,202887.5
3,0,3,1,2,3,9.0,2,1,0,1,1,0,12,2025,1,3,9,1,3.0,81.0,0,1623,1551,0,133191.0
1,1,0,1,1,2,4.0,1,0,1,1,0,0,10,2022,1,2,4,0,2.0,16.0,0,1714,1567,0,75613.0
0,2,0,6,1,1,14.0,2,1,0,0,0,0,6,2024,1,1,2,0,14.0,28.0,0,1679,1567,0,119264.0
1,1,4,5,0,4,11.0,1,0,0,1,0,0,8,2023,0,1,3,0,11.0,33.0,0,1714,1611,0,79389.0
1,1,6,7,1,2,13.0,2,0,1,0,1,0,6,2022,0,2,5,0,6.5,65.0,0,1714,676,0,86938.0
1,1,6,7,2,1,7.0,0,1,0,1,1,1,8,2023,0,4,12,1,1.75,84.0,1,1714,676,0,93231.0
3,0,3,6,1,1,4.0,0,0,1,0,1,1,11,2021,0,3,8,0,1.3333333333333333,32.0,0,1623,1551,0,87350.0
4,3,0,2,2,1,14.0,0,0,1,0,1,1,9,2020,0,3,8,0,4.666666666666667,112.0,0,1661,1567,0,61832.0
0,2,1,1,2,4,13.0,2,0,1,1,0,0,8,2022,0,2,4,0,6.5,52.0,0,1679,1531,0,113873.0
5,0,1,5,0,1,13.0,0,0,0,1,0,0,6,2023,2,1,3,0,13.0,39.0,0,1682,1531,0,124785.0
5,1,0,2,2,2,7.0,0,0,1,1,0,1,3,2020,2,3,7,0,2.333333333333333,49.0,1,1682,1567,0,137379.0
2,1,1,2,2,3,5.0,0,0,1,1,0,0,9,2022,2,2,4,0,2.5,20.0,0,1626,1531,0,117851.0
5,2,2,5,0,3,0.0,0,0,1,1,1,1,1,2020,2,4,11,1,0.0,0.0,1,1682,1595,1,171600.0
2,0,0,6,1,1,2.0,1,1,0,1,1,0,8,2020,2,3,9,1,0.6666666666666666,18.0,0,1626,1567,0,76758.0
3,2,0,5,0,2,4.0,2,1,0,1,1,0,7,2026,2,3,9,1,1.3333333333333333,36.0,0,1623,1567,0,105529.0
0,2,6,1,2,1,5.4,3,0,1,1,0,0,10,2020,2,2,4,0,2.7,21.6,0,1679,676,0,113873.0
5,0,1,3,1,1,2.1,0,1,1,1,0,1,1,2025,1,4,9,0,0.525,18.9,1,1682,1531,0,117819.0
4,0,5,7,1,1,6.0,2,1,0,1,1,1,5,2024,1,4,12,1,1.5,72.0,1,1661,1494,0,88896.0
5,1,3,1,0,1,10.0,2,0,0,1,1,0,4,2022,1,2,7,1,5.0,70.0,0,1682,1551,0,124265.0
4,3,2,3,1,3,9.0,1,0,0,0,0,1,8,2024,2,1,3,0,9.0,27.0,0,1661,1595,0,124664.0
3,1,3,0,3,2,7.0,1,0,0,0,0,1,6,2021,2,1,3,0,7.0,21.0,0,1623,1551,0,82463.0
4,2,0,6,1,2,8.0,2,0,1,1,0,0,6,2021,2,2,4,0,4.0,32.0,0,1661,1567,0,87525.0
5,0,2,2,0,3,7.0,1,0,1,1,1,1,1,2025,2,4,11,1,1.75,77.0,1,1682,1595,1,202887.5
2,0,4,6,2,3,1.0,1,1,0,1,1,0,1,2024,2,3,9,1,0.3333333333333333,9.0,0,1626,1611,0,143606.0
4,0,2,2,2,3,14.0,1,1,1,0,0,1,1,2023,2,3,6,0,4.666666666666667,84.0,0,1661,1595,0,108566.0
0,0,2,5,3,1,5.0,0,0,1,1,0,1,6,2025,2,3,7,0,1.6666666666666667,35.0,1,1679,1595,0,61640.0
1,2,2,6,1,3,7.0,2,1,1,0,0,1,6,2023,2,3,6,0,2.333333333333333,42.0,0,1714,1595,0,114897.0
4,0,0,3,2,2,4.0,3,0,1,1,1,1,6,2025,2,4,11,1,1.0,44.0,1,1661,1567,0,97451.0
2,0,2,1,3,2,6.2,1,0,1,0,1,1,2,2025,0,3,8,0,2.066666666666667,49.6,0,1626,1595,0,99214.0
5,0,6,7,1,2,7.0,0,1,0,0,0,0,6,2026,0,1,2,0,7.0,14.0,0,1682,676,1,202887.5
1,0,1,1,2,3,8.0,3,0,0,0,1,1,5,2024,0,2,7,0,4.0,56.0,0,1714,1531,0,141670.0
4,2,2,2,2,1,4.0,0,0,0,1,1,0,12,2020,0,2,7,1,2.0,28.0,0,1661,1595,0,80096.0
1,0,3,3,2,1,7.4,3,1,0,1,0,1,10,2024,0,3,8,0,2.466666666666667,59.2,1,1714,1551,0,77202.0
0,0,0,6,1,3,7.0,0,1,0,1,1,1,5,2023,0,4,12,1,1.75,84.0,1,1679,1567,1,168083.0
4,0,2,1,1,3,2.0,0,0,1,1,1,0,10,2025,0,3,8,1,0.6666666666666666,16.0,0,1661,1595,0,132213.0
0,1,5,4,0,2,13.0,3,0,0,0,1,1,9,2021,0,2,7,0,6.5,91.0,0,1679,1494,1,202887.5
2,1,2,2,0,1,7.0,3,1,0,1,0,1,3,2021,0,3,8,0,2.333333333333333,56.0,1,1626,1595,0,79554.0
0,3,6,4,2,2,11.0,1,1,1,0,1,0,8,2024,0,3,7,0,3.6666666666666665,77.0,0,1679,676,0,132386.0
1,0,5,0,1,3,9.0,0,0,0,0,0,1,2,2023,0,1,3,0,9.0,27.0,0,1714,1494,0,114975.0
0,2,1,1,3,1,3.0,0,0,0,1,1,1,12,2020,0,3,10,1,1.0,30.0,1,1679,1531,0,127230.0
5,0,2,4,0,3,6.0,1,0,1,1,0,0,8,2021,0,2,4,0,3.0,24.0,0,1682,1595,0,159062.0
2,0,5,1,2,3,5.0,1,1,1,1,1,1,6,2023,0,5,13,1,1.0,65.0,1,1626,1494,0,159261.0
2,1,4,6,1,3,7.0,0,1,0,1,1,0,2,2026,0,3,9,1,2.333333333333333,63.0,0,1626,1611,0,131938.0
3,0,0,0,0,2,8.0,2,1,0,1,0,1,8,2024,0,3,8,0,2.6666666666666665,64.0,1,1623,1567,0,119678.0
4,1,3,0,1,2,7.0,1,0,1,1,0,0,6,2024,0,2,4,0,3.5,28.0,0,1661,1551,0,90374.0
4,0,0,6,1,4,5.0,1,0,1,1,0,1,6,2020,0,3,7,0,1.6666666666666667,35.0,1,1661,1567,0,95956.0
5,1,0,3,1,2,0.0,0,0,0,0,1,0,10,2025,0,1,4,0,0.0,0.0,0,1682,1567,0,129500.0
2,0,3,0,1,3,14.0,0,1,1,0,0,1,4,2021,0,3,6,0,4.666666666666667,84.0,0,1626,1551,0,108446.0
2,1,2,2,2,1,6.0,2,1,1,1,0,1,11,2021,0,4,9,0,1.5,54.0,1,1626,1595,1,202887.5
0,2,3,3,0,2,7.0,2,0,0,0,0,1,8,2021,0,1,3,0,7.0,21.0,0,1679,1551,0,110465.0
5,1,4,1,0,3,2.0,0,0,0,0,0,1,8,2024,0,1,3,0,2.0,6.0,0,1682,1611,0,149911.0
4,1,4,1,0,3,7.0,0,1,1,1,0,1,1,2022,0,4,9,0,1.75,63.0,1,1661,1611,0,120353.0
1,0,4,0,2,1,0.0,1,1,1,1,0,1,1,2022,0,4,9,0,0.0,0.0,1,1714,1611,0,79284.0
4,1,6,0,1,3,11.0,0,0,1,1,0,0,8,2021,0,2,4,0,5.5,44.0,0,1661,676,0,113479.0
2,0,0,6,1,2,14.0,2,1,1,0,1,1,5,2024,0,4,10,0,3.5,140.0,0,1626,1567,0,116379.0
2,2,4,1,1,1,5.0,0,1,1,1,0,0,1,2024,0,3,6,0,1.6666666666666667,30.0,0,1626,1611,0,67063.0
0,2,6,4,3,4,12.0,1,0,1,0,0,1,2,2023,0,2,4,0,6.0,48.0,0,1679,676,0,156107.0
1,0,4,6,2,3,14.0,0,0,0,0,1,0,1,2021,2,1,4,0,14.0,56.0,0,1714,1611,0,130938.0
2,2,5,1,2,3,8.0,2,1,1,0,1,0,1,2023,2,3,7,0,2.6666666666666665,56.0,0,1626,1494,0,118091.0
1,2,4,3,3,1,2.0,1,0,1,0,1,0,11,2026,2,2,5,0,1.0,10.0,0,1714,1611,0,66337.0
0,0,4,7,2,2,0.0,1,1,1,1,1,1,4,2022,0,5,13,1,0.0,0.0,1,1679,1611,0,61640.0
5,2,5,4,1,2,0.0,0,0,0,1,0,1,9,2026,0,2,6,0,0.0,0.0,1,1682,1494,0,144525.0
1,2,4,4,1,1,0.0,0,1,0,1,1,0,10,2026,0,3,9,1,0.0,0.0,0,1714,1611,0,61640.0
0,0,0,3,1,3,0.0,2,0,1,0,0,1,5,2025,0,2,4,0,0.0,0.0,0,1679,1567,1,168707.0
2,0,1,7,0,3,9.0,0,0,1,1,0,0,5,2020,0,2,4,0,4.5,36.0,0,1626,1531,0,139938.0
5,3,4,2,1,3,7.0,0,0,1,1,0,1,12,2022,0,3,7,0,2.333333333333333,49.0,1,1682,1611,1,170444.0
1,0,0,4,2,1,7.0,0,0,1,1,0,1,1,2025,0,3,7,0,2.333333333333333,49.0,1,1714,1567,0,71876.0
4,0,0,5,0,1,1.0,2,0,0,1,1,1,1,2022,0,3,10,1,0.3333333333333333,10.0,1,1661,1567,0,100768.0
4,2,2,3,2,3,9.0,0,1,1,1,0,1,1,2024,0,4,9,0,2.25,81.0,1,1661,1595,0,117500.0
5,0,5,7,2,4,2.0,1,0,1,1,0,1,1,2026,0,3,7,0,0.6666666666666666,14.0,1,1682,1494,0,110958.0
5,0,1,0,2,2,7.0,0,0,0,1,0,0,5,2024,0,1,3,0,7.0,21.0,0,1682,1531,0,130020.0
3,2,4,0,0,2,6.0,0,1,0,0,0,1,1,2026,0,2,5,0,3.0,30.0,0,1623,1611,0,95761.0
6,2,1,2,0,1,2.0,0,0,1,0,1,0,9,2024,0,2,5,0,1.0,10.0,0,40,1531,0,113873.0
6,2,2,6,0,1,5.0,1,0,0,0,1,0,9,2022,0,1,4,0,5.0,20.0,0,40,1595,0,62207.0
3,2,5,3,1,3,12.0,1,0,1,1,0,0,12,2026,0,2,4,0,6.0,48.0,0,1623,1494,1,202887.5
1,0,3,1,2,2,2.0,1,0,0,1,0,1,8,2026,0,2,6,0,1.0,12.0,1,1714,1551,0,101553.0
2,0,3,1,2,4,7.0,0,1,1,0,0,1,8,2024,0,3,6,0,2.333333333333333,42.0,0,1626,1551,0,125033.0
1,1,4,4,2,2,8.0,2,0,0,1,0,0,6,2024,0,1,3,0,8.0,24.0,0,1714,1611,0,76681.0
4,3,5,2,0,2,14.0,1,0,0,1,0,0,3,2021,0,1,3,0,14.0,42.0,0,1661,1494,0,90766.0
5,0,5,3,2,1,2.0,2,0,0,1,0,0,4,2021,0,1,3,0,2.0,6.0,0,1682,1494,0,127265.0
3,1,5,5,0,1,0.0,1,0,0,1,0,1,1,2023,0,2,6,0,0.0,0.0,1,1623,1494,0,113873.0
5,3,0,1,3,2,7.0,2,0,1,0,1,1,12,2020,0,3,8,0,2.333333333333333,56.0,0,1682,1567,0,158000.0
2,0,4,4,2,2,6.0,0,1,1,1,1,0,1,2022,0,4,10,1,1.5,60.0,0,1626,1611,0,61640.0
4,0,2,4,0,3,13.0,0,0,1,0,1,1,1,2026,2,3,8,0,4.333333333333333,104.0,0,1661,1595,0,122205.0
4,2,3,3,0,1,3.0,0,0,1,1,0,0,5,2024,2,2,4,0,1.5,12.0,0,1661,1551,0,66147.0
3,0,6,6,1,1,6.0,2,0,0,1,0,1,1,2022,2,2,6,0,3.0,36.0,1,1623,676,0,76826.0
5,0,2,2,1,2,13.0,0,0,1,1,0,1,1,2024,2,3,7,0,4.333333333333333,91.0,1,1682,1595,0,144652.0
4,2,2,3,2,2,4.0,1,0,1,0,1,1,4,2023,2,3,8,0,1.3333333333333333,32.0,0,1661,1595,0,99197.0
0,0,2,0,2,1,7.0,2,1,1,0,1,1,8,2021,2,4,10,0,1.75,70.0,0,1679,1595,0,138351.0
0,0,4,1,3,2,0.0,1,0,0,1,1,1,12,2022,2,3,10,1,0.0,0.0,1,1679,1611,1,202887.5
1,2,0,1,2,3,5.0,1,1,1,1,0,1,1,2026,2,4,9,0,1.25,45.0,1,1714,1567,0,126074.0
3,0,3,4,1,3,7.0,2,0,1,1,0,0,1,2024,2,2,4,0,3.5,28.0,0,1623,1551,0,112671.0
2,1,4,1,1,1,2.0,0,0,1,1,0,0,4,2024,2,2,4,0,1.0,8.0,0,1626,1611,0,79352.0
4,0,5,6,0,3,5.0,2,0,0,1,1,1,2,2025,2,3,10,1,1.6666666666666667,50.0,1,1661,1494,0,157673.0
3,2,4,6,0,1,5.0,2,0,0,1,0,0,7,2024,2,1,3,0,5.0,15.0,0,1623,1611,0,64668.0
2,3,3,5,2,1,14.0,0,1,0,0,0,0,1,2024,2,1,2,0,14.0,28.0,0,1626,1551,0,61640.0
4,0,5,3,1,1,6.0,0,0,1,0,1,1,6,2025,2,3,8,0,2.0,48.0,0,1661,1494,0,91500.0
5,0,1,0,1,2,8.0,1,0,1,0,1,0,6,2021,2,2,5,0,4.0,40.0,0,1682,1531,0,61640.0
5,0,2,7,1,1,11.0,2,0,1,0,1,1,3,2021,2,3,8,0,3.6666666666666665,88.0,0,1682,1595,0,139323.0
0,1,5,0,1,1,8.0,1,0,1,1,1,1,1,2020,2,4,11,1,2.0,88.0,1,1679,1494,0,127014.0
1,1,5,4,3,3,4.0,1,1,0,1,0,1,8,2021,2,3,8,0,1.3333333333333333,32.0,1,1714,1494,0,141163.0
3,0,4,4,0,1,6.0,1,1,1,1,0,1,10,2024,1,4,9,0,1.5,54.0,1,1623,1611,0,83676.0
1,0,4,0,2,2,7.0,1,1,0,1,0,0,12,2020,1,2,5,0,3.5,35.0,0,1714,1611,0,95734.0
3,0,0,1,1,2,5.0,3,1,0,1,1,0,10,2023,1,3,9,1,1.6666666666666667,45.0,0,1623,1567,0,105796.0
3,2,3,7,1,4,10.0,2,0,1,1,1,0,4,2025,1,3,8,1,3.333333333333333,80.0,0,1623,1551,0,130000.0
3,0,1,5,2,3,7.0,0,0,1,0,0,1,7,2026,1,2,4,0,3.5,28.0,0,1623,1531,0,142995.0
1,3,0,1,1,1,1.0,1,1,1,1,1,1,8,2022,0,5,13,1,0.2,13.0,1,1714,1567,0,92283.0
4,0,1,1,1,3,7.0,0,1,0,0,1,1,1,2020,0,3,9,0,2.333333333333333,63.0,0,1661,1531,0,128751.0
3,0,2,5,0,3,13.0,2,0,1,0,1,0,1,2021,0,2,5,0,6.5,65.0,0,1623,1595,0,113873.0
1,2,2,5,1,3,13.3,0,1,0,0,1,0,1,2023,0,2,6,0,6.65,79.80000000000001,0,1714,1595,0,114520.0
4,1,2,2,1,2,7.0,2,0,1,0,1,0,1,2022,1,2,5,0,3.5,35.0,0,1661,1595,0,72061.0
3,1,6,5,2,0,11.0,3,0,0,1,1,1,3,2021,1,3,10,1,3.6666666666666665,110.0,1,1623,676,0,92426.0
5,0,4,5,1,4,9.0,2,1,0,0,0,1,1,2024,0,2,5,0,4.5,45.0,0,1682,1611,0,103525.0
4,0,1,4,3,1,7.0,2,1,1,0,0,1,12,2025,0,3,6,0,2.333333333333333,42.0,0,1661,1531,0,84301.0
4,0,2,0,2,2,6.3,1,1,0,0,0,0,1,2021,0,1,2,0,6.3,12.6,0,1661,1595,1,202887.5
5,2,1,0,2,3,12.0,0,1,1,1,0,0,8,2024,0,3,6,0,4.0,72.0,0,1682,1531,0,156231.0
5,2,5,5,1,2,1.3,0,1,1,0,0,0,5,2020,0,2,3,0,0.65,3.9,0,1682,1494,0,114101.0
2,2,1,4,0,1,8.0,0,1,0,1,1,1,5,2024,0,4,12,1,2.0,96.0,1,1626,1531,0,113873.0
3,1,5,2,1,1,9.0,0,1,1,1,0,1,1,2023,2,4,9,0,2.25,81.0,1,1623,1494,0,61640.0
5,1,2,3,1,3,0.0,2,0,1,1,0,0,12,2023,2,2,4,0,0.0,0.0,0,1682,1595,0,113873.0
2,1,6,0,1,1,7.0,1,1,1,1,1,0,9,2024,2,4,10,1,1.75,70.0,0,1626,676,0,81773.0
0,1,0,2,0,1,8.0,3,1,1,0,1,1,2,2021,2,4,10,0,2.0,80.0,0,1679,1567,0,113311.0
0,0,5,3,2,2,8.0,1,1,1,0,0,1,1,2021,2,3,6,0,2.6666666666666665,48.0,0,1679,1494,0,142903.0
4,2,2,4,1,1,14.0,2,0,0,1,0,0,2,2020,2,1,3,0,14.0,42.0,0,1661,1595,0,65249.0
2,1,5,0,1,3,14.0,2,1,1,1,1,1,10,2021,2,5,13,1,2.8,182.0,1,1626,1494,0,127900.0
4,2,3,4,2,2,7.0,0,1,1,0,1,1,1,2021,2,4,10,0,1.75,70.0,0,1661,1551,0,104038.0
4,2,0,5,1,3,2.0,0,0,1,1,1,1,4,2025,2,4,11,1,0.5,22.0,1,1661,1567,0,127423.0
5,0,2,5,0,3,13.0,0,0,0,1,1,1,1,2020,2,3,10,1,4.333333333333333,130.0,1,1682,1595,0,113873.0
4,1,4,4,1,2,13.0,0,1,0,0,0,0,1,2025,2,1,2,0,13.0,26.0,0,1661,1611,0,75982.0
2,0,4,6,1,2,7.0,2,1,1,0,1,1,9,2022,2,4,10,0,1.75,70.0,0,1626,1611,0,93684.0
4,0,3,4,2,1,13.0,2,1,1,0,1,1,4,2024,2,4,10,0,3.25,130.0,0,1661,1551,0,92461.0
4,1,0,1,0,3,6.0,2,0,1,0,1,0,9,2021,2,2,5,0,3.0,30.0,0,1661,1567,0,118751.0
1,0,5,1,3,2,5.0,0,0,0,1,1,1,6,2020,2,3,10,1,1.6666666666666667,50.0,1,1714,1494,0,137744.0
5,0,1,6,0,1,14.0,2,0,1,0,0,1,11,2020,2,2,4,0,7.0,56.0,0,1682,1531,0,117882.0
2,2,4,3,0,1,3.0,3,1,0,1,0,1,7,2025,1,3,8,0,1.0,24.0,1,1626,1611,0,61640.0
2,1,0,6,0,2,7.0,1,1,1,1,0,0,12,2026,1,3,6,0,2.333333333333333,42.0,0,1626,1567,0,93120.0
4,1,5,6,2,2,2.0,0,0,1,1,0,1,1,2021,1,3,7,0,0.6666666666666666,14.0,1,1661,1494,0,98973.0
1,0,1,2,2,3,13.0,1,0,1,1,1,0,5,2021,0,3,8,1,4.333333333333333,104.0,0,1714,1531,1,202887.5
3,3,1,7,0,2,12.0,2,0,1,1,0,0,7,2020,0,2,4,0,6.0,48.0,0,1623,1531,0,126393.0
2,2,4,5,3,1,9.0,1,0,0,0,0,1,1,2025,0,1,3,0,9.0,27.0,0,1626,1611,0,61640.0
2,0,2,5,2,1,9.0,2,1,1,0,1,1,11,2020,0,4,10,0,2.25,90.0,0,1626,1595,0,92500.0
2,1,4,4,2,1,6.0,1,0,0,1,0,1,8,2020,1,2,6,0,3.0,36.0,1,1626,1611,0,62400.0
4,2,3,3,1,1,4.0,0,1,1,1,0,1,1,2024,1,4,9,0,1.0,36.0,1,1661,1551,0,75500.0
4,0,5,2,3,2,9.0,0,0,0,1,1,1,4,2026,1,3,10,1,3.0,90.0,1,1661,1494,0,114010.0
2,3,0,3,2,3,11.0,1,0,1,0,1,0,3,2022,1,2,5,0,5.5,55.0,0,1626,1567,0,110525.0
0,0,4,6,0,3,11.0,2,0,1,0,0,0,8,2021,1,1,1,0,11.0,11.0,0,1679,1611,0,158483.0
4,3,6,4,1,3,4.0,1,0,0,1,0,1,8,2025,1,2,6,0,2.0,24.0,1,1661,676,0,122953.0
2,2,4,0,1,2,5.0,1,1,0,1,0,0,5,2023,1,2,5,0,2.5,25.0,0,1626,1611,0,85700.0
3,2,1,6,1,1,14.0,2,0,1,1,1,1,2,2022,1,4,11,1,3.5,154.0,1,1623,1531,0,81306.0
5,2,1,1,2,2,14.0,2,0,1,0,0,1,2,2022,1,2,4,0,7.0,56.0,0,1682,1531,0,139815.0
0,0,2,0,2,1,8.0,1,1,1,1,0,0,5,2022,1,3,6,0,2.6666666666666665,48.0,0,1679,1595,0,129666.0
3,0,2,2,2,0,7.0,2,1,1,1,1,0,1,2026,1,4,10,1,1.75,70.0,0,1623,1595,0,82301.0
1,0,5,1,0,2,1.0,0,0,1,1,0,1,7,2026,1,3,7,0,0.3333333333333333,7.0,1,1714,1494,0,116990.0
0,0,5,1,2,4,14.0,1,1,1,0,0,0,3,2020,1,2,3,0,7.0,42.0,0,1679,1494,0,155785.0
0,2,1,6,0,2,3.3,2,0,1,1,1,1,1,2022,0,4,11,1,0.825,36.3,1,1679,1531,0,150728.0
1,0,0,0,0,3,8.0,0,1,1,1,0,1,10,2020,0,4,9,0,2.0,72.0,1,1714,1567,0,117425.0
3,2,2,0,0,3,6.0,2,1,0,0,0,1,10,2026,0,2,5,0,3.0,30.0,0,1623,1595,1,202887.5
0,2,4,3,1,3,13.0,1,1,0,1,0,1,4,2023,0,3,8,0,4.333333333333333,104.0,1,1679,1611,0,61640.0
5,2,6,2,0,1,6.0,0,1,1,1,1,1,3,2025,0,5,13,1,1.2,78.0,1,1682,676,0,113873.0
5,2,1,0,1,2,4.0,2,1,1,1,1,0,12,2026,0,4,10,1,1.0,40.0,0,1682,1531,0,142830.0
1,2,6,6,2,1,7.0,1,1,1,1,0,0,2,2024,0,3,6,0,2.333333333333333,42.0,0,1714,676,0,61640.0
5,0,4,1,2,4,3.0,1,0,1,1,0,1,5,2025,0,3,7,0,1.0,21.0,1,1682,1611,0,124928.0
3,1,2,3,1,2,1.0,1,1,1,0,1,0,10,2020,0,3,7,0,0.3333333333333333,7.0,0,1623,1595,0,92224.0
0,1,1,1,2,1,10.0,0,1,0,1,0,1,10,2023,0,3,8,0,3.333333333333333,80.0,1,1679,1531,0,132428.0
4,2,1,0,3,1,2.0,1,1,1,1,0,1,1,2022,0,4,9,0,0.5,18.0,1,1661,1531,0,83296.0
2,2,6,2,3,1,4.0,2,1,1,0,1,1,6,2026,0,4,10,0,1.0,40.0,0,1626,676,0,79360.0
0,0,2,2,1,3,7.0,2,0,1,1,0,1,6,2022,0,3,7,0,2.333333333333333,49.0,1,1679,1595,1,168519.0
4,1,3,3,0,2,10.0,0,0,1,0,0,0,2,2023,2,1,1,0,10.0,10.0,0,1661,1551,0,78079.0
1,0,0,3,2,1,11.0,3,0,1,0,0,1,2,2022,2,2,4,0,5.5,44.0,0,1714,1567,0,81060.0
3,0,3,6,0,1,1.0,2,0,0,0,1,1,9,2024,1,2,7,0,0.5,7.0,0,1623,1551,0,73847.0
0,1,0,6,2,1,7.0,2,1,0,0,0,1,8,2021,1,2,5,0,3.5,35.0,0,1679,1567,0,95721.0
5,1,5,3,0,2,0.0,0,1,0,1,0,1,1,2020,1,3,8,0,0.0,0.0,1,1682,1494,0,126992.0
4,1,0,2,1,2,11.0,1,1,0,1,1,1,1,2021,1,4,12,1,2.75,132.0,1,1661,1567,0,114200.0
2,0,2,3,3,2,7.0,1,0,1,1,1,1,7,2025,1,4,11,1,1.75,77.0,1,1626,1595,0,122419.0
2,0,5,0,1,2,7.0,1,0,0,1,0,0,7,2026,1,1,3,0,7.0,21.0,0,1626,1494,0,113436.0
0,2,3,1,0,3,3.0,0,1,1,0,0,1,8,2024,1,3,6,0,1.0,18.0,0,1679,1551,0,153938.0
0,2,2,2,0,3,12.2,1,0,0,0,1,0,8,2020,1,1,4,0,12.2,48.8,0,1679,1595,0,138359.0
2,0,3,6,0,1,1.0,0,1,0,1,0,1,1,2022,1,3,8,0,0.3333333333333333,8.0,1,1626,1551,0,113873.0
5,0,0,6,1,1,8.0,0,1,0,0,1,1,2,2022,1,3,9,0,2.6666666666666665,72.0,0,1682,1567,0,113873.0
5,0,0,7,1,3,5.0,2,0,0,1,1,0,12,2024,1,2,7,1,2.5,35.0,0,1682,1567,1,175083.0
1,1,1,3,2,4,7.0,1,1,0,1,1,1,1,2020,1,4,12,1,1.75,84.0,1,1714,1531,0,111275.0
0,1,3,2,1,3,7.0,2,0,1,1,1,1,9,2024,1,4,11,1,1.75,77.0,1,1679,1551,1,175186.0
3,2,1,5,2,2,4.0,2,0,0,1,1,1,1,2024,2,3,10,1,1.3333333333333333,40.0,1,1623,1531,0,116376.0
4,3,6,5,0,1,3.0,1,1,0,1,1,0,9,2022,2,3,9,1,1.0,27.0,0,1661,676,1,202887.5
3,1,2,0,2,4,0.0,2,0,0,0,0,1,7,2025,1,1,3,0,0.0,0.0,0,1623,1595,0,61640.0
1,1,6,2,0,2,7.0,0,1,1,0,0,0,5,2020,1,2,3,0,3.5,21.0,0,1714,676,0,71351.0
1,0,5,0,2,1,3.0,2,1,0,1,0,1,7,2024,1,3,8,0,1.0,24.0,1,1714,1494,0,96406.0
2,1,4,2,1,2,2.0,1,0,0,1,1,1,9,2021,0,3,10,1,0.6666666666666666,20.0,1,1626,1611,0,112075.0
1,0,4,4,1,3,11.0,1,0,1,1,0,0,8,2020,0,2,4,0,5.5,44.0,0,1714,1611,0,113873.0
1,2,1,5,3,1,11.0,0,1,1,1,0,0,5,2023,0,3,6,0,3.6666666666666665,66.0,0,1714,1531,0,64656.0
5,0,5,6,2,1,11.0,1,0,1,1,1,1,4,2026,0,4,11,1,2.75,121.0,1,1682,1494,0,133333.0
0,0,1,0,2,4,6.0,1,0,0,1,1,1,3,2021,0,3,10,1,2.0,60.0,1,1679,1531,0,61640.0
0,2,0,2,2,0,8.0,2,1,1,0,1,1,6,2026,2,4,10,0,2.0,80.0,0,1679,1567,0,118204.0
0,0,6,5,0,3,7.0,3,0,1,1,0,1,1,2025,2,3,7,0,2.333333333333333,49.0,1,1679,676,0,155658.0
4,0,4,6,2,1,13.0,1,1,1,0,0,0,8,2023,2,2,3,0,6.5,39.0,0,1661,1611,0,67576.0
1,0,3,1,2,2,7.0,1,0,1,1,0,1,3,2026,2,3,7,0,2.333333333333333,49.0,1,1714,1551,0,113873.0
3,1,2,3,2,1,5.0,1,0,0,1,1,1,3,2025,2,3,10,1,1.6666666666666667,50.0,1,1623,1595,0,93683.0
5,0,3,3,1,1,12.0,0,1,1,1,1,1,8,2026,0,5,13,1,2.4,156.0,1,1682,1551,0,146761.0
2,0,3,2,0,3,3.0,2,1,0,1,0,0,3,2020,0,2,5,0,1.5,15.0,0,1626,1551,0,104300.0
0,2,3,1,1,3,12.0,1,1,1,0,0,0,4,2020,0,2,3,0,6.0,36.0,0,1679,1551,1,202887.5
2,3,0,3,1,1,11.0,2,1,0,1,0,1,4,2021,0,3,8,0,3.6666666666666665,88.0,1,1626,1567,0,75400.0
5,2,4,3,1,3,7.0,1,0,0,1,1,1,1,2024,0,3,10,1,2.333333333333333,70.0,1,1682,1611,1,177907.0
1,0,1,3,3,1,7.0,3,1,1,1,0,0,6,2024,0,3,6,0,2.333333333333333,42.0,0,1714,1531,1,202887.5
2,0,3,0,0,3,0.0,1,1,1,1,0,0,1,2023,0,3,6,0,0.0,0.0,0,1626,1551,0,104670.0
4,0,0,1,0,1,6.0,1,0,0,1,0,1,9,2022,0,2,6,0,3.0,36.0,1,1661,1567,0,91119.0
2,2,4,1,1,0,5.0,2,1,0,1,1,0,6,2020,0,3,9,1,1.6666666666666667,45.0,0,1626,1611,0,76365.0
1,0,4,6,2,1,0.0,2,0,1,1,0,1,1,2023,0,3,7,0,0.0,0.0,1,1714,1611,0,92367.0
1,3,5,6,2,3,4.0,1,0,0,0,1,1,7,2025,0,2,7,0,2.0,28.0,0,1714,1494,0,113873.0
5,1,1,2,1,2,5.0,0,1,1,1,0,1,8,2023,0,4,9,0,1.25,45.0,1,1682,1531,0,139000.0
4,1,5,2,0,1,7.0,1,0,1,1,1,1,1,2024,0,4,11,1,1.75,77.0,1,1661,1494,0,86598.0
1,1,5,0,2,3,6.0,2,1,1,0,0,1,9,2020,0,3,6,0,2.0,36.0,0,1714,1494,0,114601.0
1,1,5,1,1,3,2.0,1,1,1,1,0,1,12,2024,0,4,9,0,0.5,18.0,1,1714,1494,0,128800.0
2,2,5,7,1,1,14.0,0,1,1,1,1,1,9,2024,0,5,13,1,2.8,182.0,1,1626,1494,0,86309.0
5,1,0,4,0,1,14.0,1,0,1,0,1,1,9,2025,0,3,8,0,4.666666666666667,112.0,0,1682,1567,0,112400.0
3,0,1,4,1,1,7.0,0,0,0,0,0,1,12,2024,0,1,3,0,7.0,21.0,0,1623,1531,0,83206.0
0,1,5,1,1,3,5.0,0,1,0,1,0,1,10,2023,1,3,8,0,1.6666666666666667,40.0,1,1679,1494,0,149152.0
5,0,5,4,2,3,11.0,1,0,0,1,0,0,9,2025,0,1,3,0,11.0,33.0,0,1682,1494,1,170071.0
5,2,3,0,0,3,5.0,0,0,0,1,0,1,6,2024,0,2,6,0,2.5,30.0,1,1682,1551,1,169062.0
5,0,2,4,0,1,0.0,2,1,0,1,1,1,6,2020,0,4,12,1,0.0,0.0,1,1682,1595,0,151095.0
3,2,4,1,0,3,5.0,0,1,1,1,0,0,10,2023,0,3,6,0,1.6666666666666667,30.0,0,1623,1611,0,119304.0
2,2,3,0,3,2,0.0,2,0,0,1,0,0,11,2021,0,1,3,0,0.0,0.0,0,1626,1551,0,106747.0
3,1,3,4,2,3,11.0,0,0,0,0,1,0,11,2023,0,1,4,0,11.0,44.0,0,1623,1551,0,112624.0
1,0,5,2,3,2,14.0,2,0,1,1,1,1,8,2024,0,4,11,1,3.5,154.0,1,1714,1494,0,113873.0
4,0,6,7,2,3,1.0,1,1,0,0,0,1,12,2025,1,2,5,0,0.5,5.0,0,1661,676,0,127643.0
4,2,6,7,1,3,7.0,2,0,0,0,1,1,8,2020,1,2,7,0,3.5,49.0,0,1661,676,0,61640.0
3,2,3,3,0,2,5.0,0,0,0,1,0,1,11,2021,1,2,6,0,2.5,30.0,1,1623,1551,0,99472.0
2,1,1,7,1,2,12.0,2,0,0,1,0,1,7,2021,1,2,6,0,6.0,72.0,1,1626,1531,0,103784.0
2,0,0,3,2,1,4.0,2,1,1,1,0,0,2,2025,1,3,6,0,1.3333333333333333,24.0,0,1626,1567,0,66327.0
3,3,3,3,1,3,11.0,0,0,1,0,0,0,6,2025,1,1,1,0,11.0,11.0,0,1623,1551,0,98167.0
0,0,6,6,1,1,7.0,0,0,1,0,1,1,2,2023,1,3,8,0,2.333333333333333,56.0,0,1679,676,0,114363.0
4,0,1,2,2,1,11.7,0,0,1,0,1,0,7,2023,1,2,5,0,5.85,58.5,0,1661,1531,0,80356.0
2,0,0,3,1,2,7.0,0,0,1,1,1,0,7,2021,1,3,8,1,2.333333333333333,56.0,0,1626,1567,0,90310.0
5,0,0,5,2,2,7.0,2,0,0,1,0,1,9,2022,1,2,6,0,3.5,42.0,1,1682,1567,0,158122.0
5,0,1,4,0,2,3.0,2,0,0,0,1,1,2,2026,1,2,7,0,1.5,21.0,0,1682,1531,0,158373.0
2,0,3,1,1,3,3.0,0,0,0,1,0,0,1,2024,1,1,3,0,3.0,9.0,0,1626,1551,0,128800.0
4,2,4,2,2,3,2.0,1,1,1,1,0,1,9,2021,1,4,9,0,0.5,18.0,1,1661,1611,0,113873.0
4,2,0,0,2,2,6.0,1,1,0,1,0,1,7,2022,1,3,8,0,2.0,48.0,1,1661,1567,0,104352.0
2,0,5,6,0,1,7.0,3,1,1,1,1,0,1,2020,1,4,10,1,1.75,70.0,0,1626,1494,0,77966.0
3,2,2,5,0,2,6.0,1,1,0,1,1,1,11,2022,1,4,12,1,1.5,72.0,1,1623,1595,0,101852.0
3,0,1,3,3,2,7.0,2,1,1,1,1,1,1,2023,1,5,13,1,1.4,91.0,1,1623,1531,0,114638.0
3,0,2,3,2,2,4.0,0,0,1,0,0,0,8,2023,1,1,1,0,4.0,4.0,0,1623,1595,0,113873.0
3,1,1,0,1,2,14.0,0,0,0,1,0,1,9,2020,1,2,6,0,7.0,84.0,1,1623,1531,0,98231.0
2,2,0,6,0,4,11.0,0,1,0,1,1,0,8,2020,1,3,9,1,3.6666666666666665,99.0,0,1626,1567,0,108809.0
3,2,3,0,0,3,5.0,0,1,0,1,1,1,8,2026,1,4,12,1,1.25,60.0,1,1623,1551,0,113873.0
1,0,2,1,1,1,12.0,1,0,1,1,0,0,2,2022,1,2,4,0,6.0,48.0,0,1714,1595,0,61640.0
3,0,4,5,0,2,5.0,1,0,0,0,1,1,2,2026,1,2,7,0,2.5,35.0,0,1623,1611,0,123453.0
1,1,2,5,1,3,13.0,1,1,1,1,1,1,3,2020,1,5,13,1,2.6,169.0,1,1714,1595,0,137309.0
1,2,4,4,2,3,5.0,3,1,1,1,1,1,8,2025,1,5,13,1,1.0,65.0,1,1714,1611,0,143012.0
1,1,0,6,3,3,7.0,2,0,1,0,1,1,11,2021,1,3,8,0,2.333333333333333,56.0,0,1714,1567,0,119168.0
1,0,1,5,2,3,6.0,1,0,1,1,1,1,1,2026,1,4,11,1,1.5,66.0,1,1714,1531,0,140489.0
1,1,0,0,2,2,14.0,1,0,1,1,1,0,11,2023,0,3,8,1,4.666666666666667,112.0,0,1714,1567,0,101976.0
1,1,0,6,0,3,10.0,0,0,1,0,0,0,4,2023,0,1,1,0,10.0,10.0,0,1714,1567,0,101873.0
0,0,1,1,0,1,13.0,1,1,0,1,1,1,4,2025,0,4,12,1,3.25,156.0,1,1679,1531,0,147466.0
5,1,5,3,2,0,7.0,2,0,1,1,0,1,1,2020,0,3,7,0,2.333333333333333,49.0,1,1682,1494,0,115847.0
1,3,6,4,2,1,5.0,2,1,0,1,1,1,10,2025,0,4,12,1,1.25,60.0,1,1714,676,0,92563.0
1,2,0,7,2,1,9.0,2,0,1,0,0,1,1,2020,0,2,4,0,4.5,36.0,0,1714,1567,0,61640.0
2,3,1,0,0,2,8.0,1,0,1,0,0,0,6,2023,0,1,1,0,8.0,8.0,0,1626,1531,0,95167.0
1,2,6,2,1,4,7.0,1,1,0,0,0,1,1,2025,0,2,5,0,3.5,35.0,0,1714,676,0,129551.0
5,1,2,5,1,2,14.0,2,1,1,1,1,1,6,2025,0,5,13,1,2.8,182.0,1,1682,1595,0,157508.0
4,3,4,4,1,1,3.0,0,0,0,1,1,1,4,2022,0,3,10,1,1.0,30.0,1,1661,1611,0,77385.0
1,0,3,6,1,2,11.0,1,0,1,0,0,1,3,2023,0,2,4,0,5.5,44.0,0,1714,1551,0,61640.0
5,0,4,6,0,1,7.0,1,0,1,1,0,0,9,2026,0,2,4,0,3.5,28.0,0,1682,1611,0,110430.0
5,2,2,6,2,3,12.0,1,0,0,0,1,1,1,2020,0,2,7,0,6.0,84.0,0,1682,1595,0,161192.0
4,0,2,7,0,3,13.5,2,0,1,1,0,1,3,2025,2,3,7,0,4.5,94.5,1,1661,1595,0,141472.0
0,1,3,1,0,2,10.0,2,0,1,0,0,1,2,2021,2,2,4,0,5.0,40.0,0,1679,1551,0,113629.0
2,0,2,2,2,1,5.0,0,0,1,1,0,0,12,2021,2,2,4,0,2.5,20.0,0,1626,1595,0,81999.0
1,2,5,7,1,2,10.0,2,1,0,1,0,1,1,2021,2,3,8,0,3.333333333333333,80.0,1,1714,1494,0,101505.0
2,1,5,5,1,1,1.0,1,0,0,0,0,1,1,2022,2,1,3,0,1.0,3.0,0,1626,1494,0,61640.0
5,2,0,6,2,4,13.0,0,0,1,1,0,1,5,2022,2,3,7,0,4.333333333333333,91.0,1,1682,1567,0,112449.0
4,1,6,4,2,3,6.0,1,0,0,0,1,0,8,2020,2,1,4,0,6.0,24.0,0,1661,676,0,116515.0
1,3,3,2,2,1,13.0,2,1,0,1,0,1,1,2020,2,3,8,0,4.333333333333333,104.0,1,1714,1551,0,72854.0
0,1,1,6,0,3,0.0,1,0,0,0,0,1,9,2022,2,1,3,0,0.0,0.0,0,1679,1531,0,148244.0
0,2,1,4,2,1,6.0,0,0,0,0,1,1,3,2026,2,2,7,0,3.0,42.0,0,1679,1531,0,110782.0
4,1,0,3,0,3,0.0,1,1,1,1,1,0,5,2025,2,4,10,1,0.0,0.0,0,1661,1567,0,117285.0
1,3,2,5,1,4,0.0,1,0,0,1,1,0,3,2024,2,2,7,1,0.0,0.0,0,1714,1595,0,113873.0
3,1,5,2,2,3,6.0,0,0,0,1,0,1,5,2021,1,2,6,0,3.0,36.0,1,1623,1494,0,128900.0
0,3,4,3,0,1,7.0,3,1,0,0,0,1,7,2024,1,2,5,0,3.5,35.0,0,1679,1611,0,104174.0
5,1,2,2,0,1,13.0,2,0,1,0,0,1,8,2020,1,2,4,0,6.5,52.0,0,1682,1595,0,98046.0
5,0,1,6,3,2,7.0,0,1,1,1,0,0,1,2021,1,3,6,0,2.333333333333333,42.0,0,1682,1531,0,129163.0
0,0,4,4,1,4,5.0,1,0,0,1,0,0,1,2026,1,1,3,0,5.0,15.0,0,1679,1611,0,124255.0
5,1,2,4,1,3,8.0,3,1,1,0,0,0,10,2024,1,2,3,0,4.0,24.0,0,1682,1595,0,139956.0
2,2,5,5,1,2,1.0,2,0,0,0,1,1,6,2026,1,2,7,0,0.5,7.0,0,1626,1494,0,101456.0
4,1,4,7,0,3,8.0,2,0,1,1,0,1,6,2020,1,3,7,0,2.6666666666666665,56.0,1,1661,1611,0,112168.0
5,3,1,4,1,1,12.0,1,1,0,1,1,0,11,2024,1,3,9,1,4.0,108.0,0,1682,1531,0,117296.0
0,2,5,3,3,4,6.0,2,0,1,0,0,1,8,2026,1,2,4,0,3.0,24.0,0,1679,1494,0,148924.0
1,2,5,1,1,1,9.0,0,0,1,0,1,0,1,2020,2,2,5,0,4.5,45.0,0,1714,1494,0,64900.00000000001
0,2,3,4,0,4,11.0,1,0,1,1,1,1,1,2024,2,4,11,1,2.75,121.0,1,1679,1551,0,143343.0
5,1,4,6,2,2,7.0,0,0,0,1,1,0,11,2021,2,2,7,1,3.5,49.0,0,1682,1611,0,146300.0
5,1,6,4,1,1,13.0,1,0,1,0,1,1,8,2021,2,3,8,0,4.333333333333333,104.0,0,1682,676,0,109161.0
1,0,0,7,1,2,2.0,2,0,1,0,0,1,10,2024,1,2,4,0,1.0,8.0,0,1714,1567,0,104700.0
3,0,3,4,3,3,14.0,0,0,1,0,1,0,2,2026,1,2,5,0,7.0,70.0,0,1623,1551,0,130890.0
2,2,4,1,1,1,0.0,0,0,1,1,0,1,1,2021,1,3,7,0,0.0,0.0,1,1626,1611,0,70104.0
2,1,6,3,2,3,5.0,3,0,0,1,0,1,8,2023,1,2,6,0,2.5,30.0,1,1626,676,0,112525.0
4,1,2,0,0,2,3.0,0,0,1,1,0,0,11,2020,1,2,4,0,1.5,12.0,0,1661,1595,0,71521.0
1,1,1,2,2,4,2.0,0,1,0,1,1,1,3,2021,1,4,12,1,0.5,24.0,1,1714,1531,0,92114.0
5,1,2,5,2,3,5.0,0,1,0,1,0,0,11,2020,1,2,5,0,2.5,25.0,0,1682,1595,0,156141.0
4,0,2,3,2,0,0.0,0,0,1,1,0,0,7,2022,0,2,4,0,0.0,0.0,0,1661,1595,0,61640.0
4,2,3,1,1,3,12.0,1,0,1,0,0,1,1,2022,0,2,4,0,6.0,48.0,0,1661,1551,0,108599.0
2,1,3,7,2,1,9.0,2,0,1,0,0,1,12,2021,0,2,4,0,4.5,36.0,0,1626,1551,0,113873.0
5,2,3,0,3,3,11.0,1,1,1,1,1,1,8,2024,0,5,13,1,2.2,143.0,1,1682,1551,1,177300.0
4,0,0,5,2,1,2.0,2,0,0,0,1,1,1,2022,0,2,7,0,1.0,14.0,0,1661,1567,0,65182.0
5,0,5,4,2,2,5.0,0,1,0,0,1,1,3,2022,0,3,9,0,1.6666666666666667,45.0,0,1682,1494,0,158173.0
0,2,2,2,1,1,6.0,0,0,1,1,0,1,11,2020,0,3,7,0,2.0,42.0,1,1679,1595,0,110394.0
5,3,5,6,2,2,7.0,2,0,0,0,0,1,10,2022,0,1,3,0,7.0,21.0,0,1682,1494,1,202887.5
4,0,5,5,1,3,3.0,2,0,0,1,1,1,8,2022,0,3,10,1,1.0,30.0,1,1661,1494,0,141613.0
2,0,2,5,0,3,11.0,1,0,1,1,0,0,5,2026,0,2,4,0,5.5,44.0,0,1626,1595,0,131114.0
2,0,1,4,0,4,14.0,2,0,1,1,1,1,9,2021,0,4,11,1,3.5,154.0,1,1626,1531,0,124808.0
0,3,4,4,1,1,5.0,2,0,1,0,1,1,4,2022,0,3,8,0,1.6666666666666667,40.0,0,1679,1611,0,110815.0
3,0,3,0,1,2,2.0,2,1,1,0,1,0,1,2026,0,3,7,0,0.6666666666666666,14.0,0,1623,1551,0,85438.0
4,0,0,0,1,3,8.0,1,1,0,1,0,0,5,2026,0,2,5,0,4.0,40.0,0,1661,1567,0,119537.0
5,0,5,5,3,4,5.0,3,0,0,0,0,1,3,2026,0,1,3,0,5.0,15.0,0,1682,1494,0,144969.0
4,0,1,2,1,3,7.0,2,1,0,1,1,1,1,2021,0,4,12,1,1.75,84.0,1,1661,1531,0,138388.0
0,1,2,1,2,2,11.0,1,0,0,0,0,1,5,2024,2,1,3,0,11.0,33.0,0,1679,1595,0,142834.0
4,0,1,1,2,2,12.0,3,1,1,1,0,1,5,2022,2,4,9,0,3.0,108.0,1,1661,1531,0,116501.0
3,1,1,3,2,3,5.0,2,1,1,1,0,0,9,2022,2,3,6,0,1.6666666666666667,30.0,0,1623,1531,0,113497.0
0,0,3,0,2,3,10.0,0,0,0,0,1,1,6,2020,2,2,7,0,5.0,70.0,0,1679,1551,1,167470.0
2,3,4,5,1,2,13.7,0,1,1,1,0,1,1,2021,2,4,9,0,3.425,123.3,1,1626,1611,0,104668.0
5,1,4,6,0,2,7.0,2,0,1,1,1,1,3,2021,2,4,11,1,1.75,77.0,1,1682,1611,0,144864.0
2,0,4,4,2,2,14.0,1,0,0,0,0,1,5,2020,2,1,3,0,14.0,42.0,0,1626,1611,0,76722.0
0,2,4,6,1,1,6.0,2,1,1,0,1,1,10,2020,2,4,10,0,1.5,60.0,0,1679,1611,0,116945.0
4,1,2,3,0,3,6.0,2,1,0,0,1,0,10,2022,2,2,6,0,3.0,36.0,0,1661,1595,0,110107.0
2,0,1,4,0,3,10.0,2,1,0,0,0,1,8,2024,2,2,5,0,5.0,50.0,0,1626,1531,0,112740.0
3,0,2,1,1,2,3.0,0,1,1,0,0,0,8,2026,2,2,3,0,1.5,9.0,0,1623,1595,0,74354.0
2,2,6,0,0,1,10.0,2,0,0,0,0,1,7,2020,2,1,3,0,10.0,30.0,0,1626,676,0,61640.0
5,2,1,5,1,2,9.0,1,0,0,0,1,1,9,2025,2,2,7,0,4.5,63.0,0,1682,1531,0,140124.0
1,0,0,3,2,3,13.0,2,0,1,1,1,0,7,2021,2,3,8,1,4.333333333333333,104.0,0,1714,1567,0,125693.0
5,2,5,5,1,2,5.0,1,0,1,1,1,1,1,2020,2,4,11,1,1.25,55.0,1,1682,1494,0,136173.0
1,2,0,5,2,2,14.6,2,1,0,1,0,0,11,2026,2,2,5,0,7.3,73.0,0,1714,1567,0,91766.0
0,1,3,6,2,1,10.0,2,0,0,0,1,1,1,2020,2,2,7,0,5.0,70.0,0,1679,1551,0,113447.0
3,1,3,4,0,1,9.0,2,0,1,0,1,0,4,2026,2,2,5,0,4.5,45.0,0,1623,1551,0,65569.0
4,0,1,5,1,2,13.0,1,0,1,0,0,0,6,2022,2,1,1,0,13.0,13.0,0,1661,1531,0,95247.0
6,0,5,2,0,2,4.7,2,1,1,0,1,1,2,2023,2,4,10,0,1.175,47.0,0,40,1494,0,100245.0
3,0,2,1,1,2,11.0,2,0,0,1,0,1,2,2026,2,2,6,0,5.5,66.0,1,1623,1595,0,95863.0
2,0,3,4,1,2,8.0,0,0,1,1,0,1,10,2026,2,3,7,0,2.6666666666666665,56.0,1,1626,1551,1,202887.5
4,2,1,3,2,0,3.0,0,0,1,0,0,0,12,2021,2,1,1,0,3.0,3.0,0,1661,1531,0,66242.0
0,2,1,2,0,1,9.0,0,1,0,1,1,1,12,2023,2,4,12,1,2.25,108.0,1,1679,1531,0,125754.0
3,0,3,5,1,1,4.0,2,1,0,0,0,1,2,2024,2,2,5,0,2.0,20.0,0,1623,1551,0,82676.0
0,1,0,2,1,2,9.0,1,0,0,1,1,1,12,2022,2,3,10,1,3.0,90.0,1,1679,1567,0,145171.0
2,0,1,3,0,3,9.0,2,0,1,1,0,0,12,2024,2,2,4,0,4.5,36.0,0,1626,1531,0,139900.0
1,3,1,0,2,2,7.0,2,0,0,1,1,1,7,2021,2,3,10,1,2.333333333333333,70.0,1,1714,1531,0,116473.0
0,0,6,2,0,2,13.0,2,0,1,1,1,1,10,2023,2,4,11,1,3.25,143.0,1,1679,676,0,61640.0
2,2,2,2,0,2,4.0,0,0,0,1,1,1,10,2026,0,3,10,1,1.3333333333333333,40.0,1,1626,1595,1,202887.5
1,0,2,1,2,1,14.0,1,1,1,0,1,1,8,2023,0,4,10,0,3.5,140.0,0,1714,1595,0,99500.0
0,0,5,6,1,2,8.0,0,0,0,0,1,1,6,2025,0,2,7,0,4.0,56.0,0,1679,1494,0,117700.0
3,0,0,5,1,3,1.0,1,0,0,1,0,1,11,2024,0,2,6,0,0.5,6.0,1,1623,1567,0,141829.0
1,0,0,2,0,1,10.0,1,0,0,0,0,1,12,2020,0,1,3,0,10.0,30.0,0,1714,1567,0,61640.0
0,0,4,4,2,2,4.8,0,0,1,0,0,1,8,2023,0,2,4,0,2.4,19.2,0,1679,1611,0,149614.0
4,0,5,3,1,3,7.0,2,0,1,0,0,1,1,2024,0,2,4,0,3.5,28.0,0,1661,1494,0,142942.0
3,2,4,3,2,1,13.0,2,1,1,1,0,0,1,2023,0,3,6,0,4.333333333333333,78.0,0,1623,1611,0,61757.0
5,2,2,6,0,3,5.0,1,0,0,1,1,1,2,2021,0,3,10,1,1.6666666666666667,50.0,1,1682,1595,1,170835.0
0,0,5,6,1,2,14.0,0,0,0,1,0,0,12,2024,2,1,3,0,14.0,42.0,0,1679,1494,0,148325.0
5,0,2,7,0,3,4.0,2,0,1,1,1,0,5,2022,0,3,8,1,1.3333333333333333,32.0,0,1682,1595,1,172165.0
1,2,1,0,1,4,5.0,2,0,0,1,1,0,3,2022,0,2,7,1,2.5,35.0,0,1714,1531,0,130080.0
1,2,0,5,2,1,10.0,2,1,0,0,1,0,6,2020,2,2,6,0,5.0,60.0,0,1714,1567,0,64288.0
4,0,2,3,0,1,5.7,2,0,0,1,1,1,6,2025,2,3,10,1,1.9,57.0,1,1661,1595,0,113873.0
2,0,3,6,1,2,4.0,1,1,0,1,1,1,4,2024,2,4,12,1,1.0,48.0,1,1626,1551,0,135512.0
2,0,4,5,1,3,7.0,2,0,1,1,1,1,1,2025,2,4,11,1,1.75,77.0,1,1626,1611,0,135081.0
0,1,4,7,1,1,13.0,0,0,0,1,0,1,6,2021,2,2,6,0,6.5,78.0,1,1679,1611,0,114432.0
1,0,3,2,1,1,7.0,2,1,1,1,0,1,2,2020,2,4,9,0,1.75,63.0,1,1714,1551,0,75000.0
2,3,1,6,1,2,10.0,0,0,1,1,1,1,11,2021,2,4,11,1,2.5,110.0,1,1626,1531,0,115268.0
2,3,0,1,2,3,10.0,0,0,1,0,0,0,8,2021,2,1,1,0,10.0,10.0,0,1626,1567,0,104039.0
4,1,3,1,1,2,6.0,0,0,1,0,0,1,4,2026,1,2,4,0,3.0,24.0,0,1661,1551,1,202887.5
3,1,5,6,1,1,7.0,1,1,1,1,0,0,10,2023,1,3,6,0,2.333333333333333,42.0,0,1623,1494,0,63710.0
4,3,0,3,1,1,7.0,1,0,1,0,1,1,1,2023,0,3,8,0,2.333333333333333,56.0,0,1661,1567,0,73290.0
5,0,2,0,3,3,7.0,0,0,0,0,1,0,8,2021,0,1,4,0,7.0,28.0,0,1682,1595,1,187110.0
2,2,2,7,2,3,0.0,3,1,0,1,0,0,10,2025,0,2,5,0,0.0,0.0,0,1626,1595,0,112251.0
1,0,1,2,0,4,7.0,2,0,1,0,1,1,10,2022,0,3,8,0,2.333333333333333,56.0,0,1714,1531,0,110564.0
4,2,2,1,1,2,6.0,1,1,1,1,0,0,9,2020,0,3,6,0,2.0,36.0,0,1661,1595,0,87472.0
4,0,0,4,2,1,3.0,1,0,1,1,0,1,1,2026,0,3,7,0,1.0,21.0,1,1661,1567,0,113873.0
2,2,4,3,0,2,14.0,0,0,1,0,1,0,7,2024,0,2,5,0,7.0,70.0,0,1626,1611,0,87866.0
1,0,3,7,0,2,13.0,2,1,0,0,0,0,6,2023,0,1,2,0,13.0,26.0,0,1714,1551,0,92235.0
3,0,2,5,0,2,4.0,2,1,0,1,0,0,5,2026,1,2,5,0,2.0,20.0,0,1623,1595,0,92286.0
0,1,0,7,1,3,9.0,1,1,0,0,1,1,12,2026,1,3,9,0,3.0,81.0,0,1679,1567,1,165164.0
3,0,5,3,1,2,13.0,2,0,1,1,0,1,2,2026,2,3,7,0,4.333333333333333,91.0,1,1623,1494,0,106100.0
1,3,0,5,3,1,8.0,1,0,1,0,0,1,2,2023,2,2,4,0,4.0,32.0,0,1714,1567,0,61640.0
5,2,2,0,2,3,8.0,0,1,1,1,1,1,3,2026,2,5,13,1,1.6,104.0,1,1682,1595,1,182076.0
4,1,1,2,2,2,10.0,0,0,0,1,0,1,9,2021,2,2,6,0,5.0,60.0,1,1661,1531,0,114771.0
4,1,5,6,1,2,0.0,0,0,1,1,0,1,5,2021,0,3,7,0,0.0,0.0,1,1661,1494,0,100315.0
3,0,4,1,0,2,7.0,2,0,1,1,0,0,4,2020,0,2,4,0,3.5,28.0,0,1623,1611,0,108320.0
5,3,0,4,3,2,10.0,0,1,0,1,0,1,12,2026,0,3,8,0,3.333333333333333,80.0,1,1682,1567,1,202887.5
5,1,5,3,2,1,7.0,0,1,1,1,0,1,11,2023,0,4,9,0,1.75,63.0,1,1682,1494,0,119087.0
3,2,5,4,2,1,12.0,1,0,0,0,1,0,9,2024,0,1,4,0,12.0,48.0,0,1623,1494,0,67330.0
4,0,2,4,0,4,11.0,2,0,0,0,1,1,12,2022,0,2,7,0,5.5,77.0,0,1661,1595,0,76819.0
1,0,3,0,0,3,7.0,0,1,0,1,0,0,1,2022,0,2,5,0,3.5,35.0,0,1714,1551,0,125467.0
5,0,3,6,2,3,4.0,1,0,1,0,0,1,1,2020,0,2,4,0,2.0,16.0,0,1682,1551,0,161493.0
5,0,4,4,0,1,12.0,1,0,0,1,1,0,5,2025,0,2,7,1,6.0,84.0,0,1682,1611,0,118460.0
2,3,5,5,0,3,0.0,2,0,1,1,0,0,5,2020,0,2,4,0,0.0,0.0,0,1626,1494,0,118580.0
3,3,5,1,1,2,11.0,1,0,1,0,1,1,7,2023,0,3,8,0,3.6666666666666665,88.0,0,1623,1494,0,104806.0
3,0,2,4,1,3,7.0,1,0,0,0,0,1,1,2022,0,1,3,0,7.0,21.0,0,1623,1595,0,105989.0
2,2,4,3,0,1,10.0,1,1,0,0,0,0,1,2025,0,1,2,0,10.0,20.0,0,1626,1611,0,61640.0
2,0,3,7,0,3,6.0,1,1,1,1,1,1,4,2024,0,5,13,1,1.2,78.0,1,1626,1551,0,120458.0
0,2,4,4,1,1,2.0,0,1,0,0,1,1,1,2026,1,3,9,0,0.6666666666666666,18.0,0,1679,1611,0,102796.0
5,0,3,1,0,2,8.0,2,0,1,1,1,1,9,2026,1,4,11,1,2.0,88.0,1,1682,1551,0,147179.0
3,0,4,0,2,3,7.0,0,0,0,0,0,1,12,2021,1,1,3,0,7.0,21.0,0,1623,1611,0,136722.0
0,2,2,7,1,3,0.0,1,0,1,1,1,0,1,2023,0,3,8,1,0.0,0.0,0,1679,1595,1,170690.0
2,0,5,0,2,3,13.0,1,0,0,1,1,1,6,2022,0,3,10,1,4.333333333333333,130.0,1,1626,1494,0,139156.0
4,0,0,7,2,2,1.0,1,1,0,1,0,1,6,2023,0,3,8,0,0.3333333333333333,8.0,1,1661,1567,0,122839.0
4,2,3,4,0,1,13.1,3,0,0,1,1,0,7,2022,0,2,7,1,6.55,91.7,0,1661,1551,0,78000.0
1,0,3,6,2,2,9.2,2,1,1,0,1,0,12,2025,0,3,7,0,3.0666666666666664,64.39999999999999,0,1714,1551,0,87447.0
3,3,0,7,2,1,4.4,2,0,1,0,0,1,1,2025,0,2,4,0,2.2,17.6,0,1623,1567,0,61640.0
1,2,0,4,2,1,0.0,1,1,0,1,0,0,12,2023,0,2,5,0,0.0,0.0,0,1714,1567,0,68719.0
2,0,5,0,0,1,10.0,2,1,1,0,1,1,5,2023,2,4,10,0,2.5,100.0,0,1626,1494,0,70442.0
3,1,4,7,2,1,5.0,0,1,1,0,0,1,10,2020,1,3,6,0,1.6666666666666667,30.0,0,1623,1611,0,61640.0
2,0,5,1,0,1,6.0,0,0,1,1,1,0,5,2021,1,3,8,1,2.0,48.0,0,1626,1494,0,113873.0
5,2,5,6,2,1,6.0,2,1,0,0,0,1,4,2020,1,2,5,0,3.0,30.0,0,1682,1494,0,113873.0
3,1,1,1,0,2,14.0,1,1,0,0,0,1,10,2021,1,2,5,0,7.0,70.0,0,1623,1531,0,87476.0
1,0,6,6,0,2,7.0,1,0,0,1,0,1,7,2021,1,2,6,0,3.5,42.0,1,1714,676,0,113873.0
1,0,3,0,1,3,7.0,0,1,1,1,1,0,11,2022,1,4,10,1,1.75,70.0,0,1714,1551,0,147948.0
5,2,5,3,0,2,6.0,1,0,1,1,1,0,2,2024,0,3,8,1,2.0,48.0,0,1682,1494,0,147619.0
4,2,4,3,3,2,1.0,2,1,1,0,1,0,3,2023,0,3,7,0,0.3333333333333333,7.0,0,1661,1611,0,92566.0
1,0,2,4,1,2,13.0,1,1,1,1,1,0,1,2024,0,4,10,1,3.25,130.0,0,1714,1595,0,108000.0
0,1,2,2,1,1,2.5,2,1,1,1,0,0,4,2022,0,3,6,0,0.8333333333333334,15.0,0,1679,1595,0,100322.0
0,0,3,1,2,1,3.0,2,1,1,0,0,1,4,2026,0,3,6,0,1.0,18.0,0,1679,1551,1,202887.5
3,0,0,4,1,4,3.0,0,0,1,1,0,1,7,2026,0,3,7,0,1.0,21.0,1,1623,1567,0,113985.0
4,0,3,1,1,3,6.2,1,1,1,0,0,0,1,2026,0,2,3,0,3.1,18.6,0,1661,1551,0,101665.0
4,0,2,5,0,2,7.0,2,1,1,1,1,1,5,2021,0,5,13,1,1.4,91.0,1,1661,1595,0,139218.0
3,0,3,5,1,3,14.0,0,0,0,1,1,1,11,2021,0,3,10,1,4.666666666666667,140.0,1,1623,1551,1,163638.0
5,1,1,2,2,4,7.0,1,1,0,1,0,0,9,2024,0,2,5,0,3.5,35.0,0,1682,1531,0,131399.0
2,0,4,2,1,1,6.0,2,1,0,1,0,1,4,2023,0,3,8,0,2.0,48.0,1,1626,1611,1,202887.5
2,0,0,5,0,3,5.0,1,1,1,0,0,1,12,2025,0,3,6,0,1.6666666666666667,30.0,0,1626,1567,0,126603.0
4,1,5,0,1,2,7.0,2,0,0,1,1,0,1,2020,0,2,7,1,3.5,49.0,0,1661,1494,1,202887.5
0,0,0,7,2,4,13.0,2,0,1,0,1,1,7,2023,0,3,8,0,4.333333333333333,104.0,0,1679,1567,0,100335.0
4,0,1,0,3,3,0.0,1,0,1,0,0,0,1,2023,0,1,1,0,0.0,0.0,0,1661,1531,0,103027.0
3,0,2,3,0,1,5.0,2,0,0,1,1,0,7,2026,0,2,7,1,2.5,35.0,0,1623,1595,0,85653.0
5,3,0,6,0,1,6.0,0,0,1,0,0,1,6,2021,0,2,4,0,3.0,24.0,0,1682,1567,0,104450.0
3,1,3,5,1,1,7.0,0,1,1,0,1,0,7,2025,0,3,7,0,2.333333333333333,49.0,0,1623,1551,0,66036.0
3,1,5,1,1,2,6.0,0,0,1,1,1,1,3,2022,0,4,11,1,1.5,66.0,1,1623,1494,0,113873.0
1,2,5,5,1,3,7.0,2,1,1,1,1,0,8,2020,0,4,10,1,1.75,70.0,0,1714,1494,0,127560.0
5,1,5,7,0,3,0.0,2,1,1,1,0,1,9,2025,1,4,9,0,0.0,0.0,1,1682,1494,1,169856.0
3,0,6,1,1,3,7.0,2,1,1,1,1,0,6,2024,1,4,10,1,1.75,70.0,0,1623,676,0,131204.0
4,0,6,3,1,2,13.0,0,1,1,0,1,0,7,2024,2,3,7,0,4.333333333333333,91.0,0,1661,676,0,89707.0
3,2,3,3,1,1,7.0,1,0,1,1,1,0,8,2024,2,3,8,1,2.333333333333333,56.0,0,1623,1551,0,75825.0
1,0,4,4,1,2,0.0,1,0,1,0,0,1,2,2026,2,2,4,0,0.0,0.0,0,1714,1611,0,86194.0
0,0,4,1,2,1,7.0,2,0,0,1,1,1,1,2026,2,3,10,1,2.333333333333333,70.0,1,1679,1611,0,127756.0
1,2,0,1,3,2,4.0,0,0,0,1,0,1,9,2026,2,2,6,0,2.0,24.0,1,1714,1567,0,104980.0
0,0,1,5,0,3,10.0,3,0,0,1,0,1,5,2024,2,2,6,0,5.0,60.0,1,1679,1531,0,162158.0
0,0,4,0,2,1,7.0,2,0,1,1,1,1,3,2021,2,4,11,1,1.75,77.0,1,1679,1611,0,152100.0
4,2,2,6,0,3,9.0,0,1,1,1,0,1,10,2021,2,4,9,0,2.25,81.0,1,1661,1595,0,113873.0
5,2,4,3,1,3,13.0,1,0,0,0,1,0,7,2021,2,1,4,0,13.0,52.0,0,1682,1611,0,159812.0
2,2,1,0,0,2,0.0,2,0,1,0,1,0,12,2021,1,2,5,0,0.0,0.0,0,1626,1531,0,90264.0
3,0,0,2,2,1,10.0,1,0,0,1,0,0,4,2021,1,1,3,0,10.0,30.0,0,1623,1567,0,113873.0
5,2,5,5,1,3,0.0,0,1,0,0,1,1,9,2022,1,3,9,0,0.0,0.0,0,1682,1494,0,160700.0
2,2,1,4,1,2,10.0,1,0,0,1,0,0,12,2022,1,1,3,0,10.0,30.0,0,1626,1531,0,92661.0
5,0,2,1,1,4,1.0,0,1,1,0,1,0,5,2025,1,3,7,0,0.3333333333333333,7.0,0,1682,1595,0,157000.0
3,1,5,3,3,2,7.0,3,1,1,1,0,1,5,2020,1,4,9,0,1.75,63.0,1,1623,1494,0,89449.0
0,2,5,4,2,3,11.0,1,0,1,1,0,1,1,2020,1,3,7,0,3.6666666666666665,77.0,1,1679,1494,0,113873.0
1,2,5,5,1,3,7.0,2,1,1,1,0,1,4,2022,1,4,9,0,1.75,63.0,1,1714,1494,0,122884.0
1,0,5,0,0,3,10.0,2,0,1,1,0,1,11,2021,1,3,7,0,3.333333333333333,70.0,1,1714,1494,0,61640.0
4,0,0,1,2,3,1.0,1,0,1,0,1,0,10,2021,1,2,5,0,0.5,5.0,0,1661,1567,0,117401.0
3,0,1,0,1,2,13.0,0,1,1,0,0,0,6,2025,1,2,3,0,6.5,39.0,0,1623,1531,0,73558.0
2,0,4,5,1,1,7.0,2,0,1,0,1,1,8,2022,1,3,8,0,2.333333333333333,56.0,0,1626,1611,0,97866.0
1,2,0,2,3,4,13.0,1,1,1,1,1,1,11,2026,1,5,13,1,2.6,169.0,1,1714,1567,0,100852.0
0,0,0,0,1,1,9.0,0,1,1,0,0,1,11,2024,1,3,6,0,3.0,54.0,0,1679,1567,0,120127.0
0,0,1,0,0,4,12.0,1,1,1,0,0,1,6,2026,1,3,6,0,4.0,72.0,0,1679,1531,0,121000.0
2,1,1,7,0,2,4.0,2,0,1,1,0,1,1,2022,1,3,7,0,1.3333333333333333,28.0,1,1626,1531,0,113873.0
0,1,3,2,2,3,8.0,2,0,1,0,0,1,11,2026,1,2,4,0,4.0,32.0,0,1679,1551,0,148454.0
2,2,3,4,1,3,2.0,0,0,0,0,1,0,7,2026,1,1,4,0,2.0,8.0,0,1626,1551,0,116936.0
1,1,6,1,1,4,7.0,2,1,1,1,0,1,4,2022,1,4,9,0,1.75,63.0,1,1714,676,0,128699.0
0,2,4,0,1,3,7.0,2,0,0,1,1,0,4,2026,1,2,7,1,3.5,49.0,0,1679,1611,1,166046.0
4,3,6,1,1,2,14.0,0,0,0,1,0,1,4,2024,0,2,6,0,7.0,84.0,1,1661,676,0,115794.0
4,0,1,3,1,3,14.0,2,1,1,0,0,1,1,2023,0,3,6,0,4.666666666666667,84.0,0,1661,1531,0,128406.0
2,2,4,1,0,2,2.0,3,0,0,1,0,1,8,2020,0,2,6,0,1.0,12.0,1,1626,1611,0,95794.0
5,0,1,0,1,3,7.0,1,1,1,1,0,1,5,2023,0,4,9,0,1.75,63.0,1,1682,1531,1,185009.0
2,2,1,2,1,3,7.0,2,0,1,1,1,1,3,2023,0,4,11,1,1.75,77.0,1,1626,1531,0,142856.0
4,0,3,2,0,1,1.0,2,0,1,1,0,1,4,2022,1,3,7,0,0.3333333333333333,7.0,1,1661,1551,0,91577.0
2,0,4,7,3,3,10.0,2,1,0,0,0,0,1,2022,0,1,2,0,10.0,20.0,0,1626,1611,0,101195.0
1,3,6,5,2,3,9.0,1,1,1,0,1,1,3,2024,0,4,10,0,2.25,90.0,0,1714,676,0,114718.0
2,0,3,5,1,1,6.0,1,0,1,1,1,1,11,2024,0,4,11,1,1.5,66.0,1,1626,1551,0,88372.0
4,2,6,4,0,1,12.0,1,1,1,0,1,1,4,2026,0,4,10,0,3.0,120.0,0,1661,676,0,113873.0
4,1,2,2,2,1,11.0,1,0,1,1,0,1,6,2023,0,3,7,0,3.6666666666666665,77.0,1,1661,1595,0,73549.0
1,0,1,5,0,3,1.0,1,1,1,0,1,1,12,2023,0,4,10,0,0.25,10.0,0,1714,1531,0,128665.0
1,2,5,7,2,2,1.0,1,1,1,0,0,0,11,2025,0,2,3,0,0.5,3.0,0,1714,1494,0,75871.0
5,0,5,3,3,3,5.0,2,1,0,0,0,0,11,2020,0,1,2,0,5.0,10.0,0,1682,1494,0,139131.0
0,2,4,5,2,1,0.0,2,0,1,1,0,1,12,2025,0,3,7,0,0.0,0.0,1,1679,1611,0,110887.0
2,1,0,5,1,2,12.0,0,1,0,1,0,0,12,2022,0,2,5,0,6.0,60.0,0,1626,1567,0,91600.0
0,1,4,0,0,1,1.0,2,0,1,1,1,0,11,2022,1,3,8,1,0.3333333333333333,8.0,0,1679,1611,0,104242.0
0,0,0,4,1,1,14.0,2,0,0,0,0,1,6,2022,1,1,3,0,14.0,42.0,0,1679,1567,0,100867.0
0,2,5,2,2,3,7.0,2,0,1,0,1,0,2,2022,1,2,5,0,3.5,35.0,0,1679,1494,0,153061.0
4,0,4,3,0,2,14.0,1,0,1,0,0,0,6,2023,1,1,1,0,14.0,14.0,0,1661,1611,0,95013.0
2,2,4,3,2,2,7.0,1,0,1,1,0,1,12,2026,1,3,7,0,2.333333333333333,49.0,1,1626,1611,0,103315.0
3,0,3,7,0,2,10.4,2,1,1,0,0,1,6,2026,1,3,6,0,3.466666666666667,62.400000000000006,0,1623,1551,0,85941.0
1,1,2,0,1,1,13.0,1,1,0,1,0,0,2,2023,1,2,5,0,6.5,65.0,0,1714,1595,0,69055.0
2,1,2,3,1,3,14.0,0,0,1,0,1,1,3,2022,1,3,8,0,4.666666666666667,112.0,0,1626,1595,0,120115.0
3,2,1,2,1,4,4.0,1,1,0,1,1,1,5,2026,1,4,12,1,1.0,48.0,1,1623,1531,0,105623.0
3,2,2,3,1,3,7.0,0,0,0,1,1,0,3,2022,1,2,7,1,3.5,49.0,0,1623,1595,0,131748.0
0,0,5,4,2,1,5.0,3,1,1,1,0,0,3,2025,1,3,6,0,1.6666666666666667,30.0,0,1679,1494,0,86818.0
3,1,2,0,2,4,9.0,0,0,1,1,0,1,2,2023,0,3,7,0,3.0,63.0,1,1623,1595,0,89056.0
5,0,3,6,2,2,13.0,0,0,1,1,0,1,7,2025,2,3,7,0,4.333333333333333,91.0,1,1682,1551,0,138961.0
4,0,0,5,2,3,13.0,0,0,0,1,0,1,9,2024,0,2,6,0,6.5,78.0,1,1661,1567,0,148619.0
1,0,2,2,3,3,7.0,2,1,0,1,0,1,7,2025,0,3,8,0,2.333333333333333,56.0,1,1714,1595,0,126981.0
1,1,2,5,0,3,7.0,3,0,1,0,0,0,11,2020,0,1,1,0,7.0,7.0,0,1714,1595,0,103276.0
5,1,2,0,0,3,10.0,2,1,0,0,0,0,8,2020,0,1,2,0,10.0,20.0,0,1682,1595,0,136055.0
3,2,1,5,3,2,1.0,2,0,0,0,1,1,6,2022,0,2,7,0,0.5,7.0,0,1623,1531,0,101273.0
5,2,5,6,1,3,3.4,3,0,0,1,1,0,2,2020,0,2,7,1,1.7,23.8,0,1682,1494,0,151795.0
1,0,0,0,0,2,10.0,0,1,0,1,1,1,1,2025,0,4,12,1,2.5,120.0,1,1714,1567,0,113082.0
3,2,5,6,2,3,6.0,0,0,1,0,1,0,1,2023,0,2,5,0,3.0,30.0,0,1623,1494,0,116317.0
3,0,1,7,1,3,7.0,2,0,0,1,1,1,4,2025,0,3,10,1,2.333333333333333,70.0,1,1623,1531,0,155461.0
0,1,5,2,0,1,9.0,2,1,1,0,0,0,5,2024,2,2,3,0,4.5,27.0,0,1679,1494,0,61640.0
0,2,3,5,0,1,3.0,1,1,0,0,0,1,8,2021,2,2,5,0,1.5,15.0,0,1679,1551,0,94434.0
1,3,4,6,2,2,7.0,0,0,0,0,1,0,4,2021,2,1,4,0,7.0,28.0,0,1714,1611,1,202887.5
4,0,1,1,0,2,11.0,1,0,0,1,1,0,2,2021,0,2,7,1,5.5,77.0,0,1661,1531,0,121049.0
5,0,4,0,1,1,5.0,2,1,1,0,1,1,5,2025,0,4,10,0,1.25,50.0,0,1682,1611,0,114835.0
5,0,4,3,0,2,5.0,2,0,1,1,0,1,5,2024,0,3,7,0,1.6666666666666667,35.0,1,1682,1611,0,135383.0
2,0,4,6,0,2,0.0,1,0,0,1,0,0,3,2025,1,1,3,0,0.0,0.0,0,1626,1611,0,107969.0
1,1,3,4,2,0,8.4,2,0,1,0,0,1,10,2024,1,2,4,0,4.2,33.6,0,1714,1551,0,61640.0
4,0,0,6,1,1,11.0,1,1,1,0,1,1,5,2026,1,4,10,0,2.75,110.0,0,1661,1567,0,91833.0
1,2,3,1,0,1,7.0,0,1,1,1,1,1,11,2024,0,5,13,1,1.4,91.0,1,1714,1551,0,88833.0
4,0,0,0,0,1,11.0,1,0,1,1,0,1,11,2020,0,3,7,0,3.6666666666666665,77.0,1,1661,1567,0,94149.0
5,1,5,4,2,3,5.0,3,0,0,1,1,1,6,2024,0,3,10,1,1.6666666666666667,50.0,1,1682,1494,1,172239.0
3,2,5,7,0,3,8.0,2,1,0,1,0,1,6,2020,2,3,8,0,2.6666666666666665,64.0,1,1623,1494,0,127860.0
0,2,0,4,0,1,7.3,1,0,1,1,1,1,10,2021,2,4,11,1,1.825,80.3,1,1679,1567,0,133645.0
4,0,4,7,0,1,10.0,1,1,0,1,1,1,3,2021,2,4,12,1,2.5,120.0,1,1661,1611,0,114991.0
5,0,5,1,2,3,7.0,2,0,0,0,0,1,12,2022,2,1,3,0,7.0,21.0,0,1682,1494,0,157000.0
0,2,5,7,0,1,9.0,2,0,1,1,0,1,10,2022,2,3,7,0,3.0,63.0,1,1679,1494,0,115204.0
5,0,4,3,0,1,7.0,1,0,1,1,1,1,1,2023,2,4,11,1,1.75,77.0,1,1682,1611,0,61640.0
1,0,3,3,0,1,7.0,2,0,0,0,0,1,10,2026,2,1,3,0,7.0,21.0,0,1714,1551,0,84018.0
5,0,4,3,1,1,8.0,2,1,0,1,1,1,4,2020,2,4,12,1,2.0,96.0,1,1682,1611,0,113225.0
5,1,4,4,0,3,14.0,0,1,1,1,1,1,8,2020,2,5,13,1,2.8,182.0,1,1682,1611,1,175574.0
1,2,2,2,0,2,1.0,1,1,0,0,1,1,3,2020,2,3,9,0,0.3333333333333333,9.0,0,1714,1595,0,103907.0
2,2,3,6,1,4,3.0,0,1,1,0,0,1,5,2024,2,3,6,0,1.0,18.0,0,1626,1551,0,87452.0
1,0,6,6,0,2,7.0,3,0,0,1,1,0,2,2026,2,2,7,1,3.5,49.0,0,1714,676,0,105000.0
4,1,5,5,3,3,10.0,1,1,0,1,1,1,4,2025,2,4,12,1,2.5,120.0,1,1661,1494,0,129338.0
3,0,3,2,2,1,12.0,1,1,0,0,0,0,7,2023,2,1,2,0,12.0,24.0,0,1623,1551,0,67307.0
1,2,6,5,2,2,5.0,1,0,1,0,1,0,2,2024,2,2,5,0,2.5,25.0,0,1714,676,0,90741.0
5,2,3,3,2,1,4.0,0,0,0,1,0,0,1,2021,2,1,3,0,4.0,12.0,0,1682,1551,0,92580.0
4,1,2,0,0,3,7.0,1,0,0,0,0,1,7,2021,2,1,3,0,7.0,21.0,0,1661,1595,0,106224.0
3,0,2,4,1,3,11.0,0,1,0,0,0,0,6,2025,2,1,2,0,11.0,22.0,0,1623,1595,0,113873.0
2,1,3,3,0,3,7.0,2,1,1,0,1,1,4,2025,2,4,10,0,1.75,70.0,0,1626,1551,0,120192.0
1,0,2,1,2,2,7.0,2,0,1,1,1,0,11,2021,2,3,8,1,2.333333333333333,56.0,0,1714,1595,0,124677.0
1,3,0,7,2,3,11.0,0,1,1,1,0,1,1,2025,2,4,9,0,2.75,99.0,1,1714,1567,0,125199.0
5,0,5,6,2,2,13.0,1,0,1,0,1,0,6,2020,2,2,5,0,6.5,65.0,0,1682,1494,0,154097.0
5,2,3,6,1,2,7.0,1,1,1,0,1,1,1,2023,2,4,10,0,1.75,70.0,0,1682,1551,0,141622.0
0,0,1,1,1,2,2.0,0,0,0,1,0,1,1,2023,2,2,6,0,1.0,12.0,1,1679,1531,0,149721.0
3,0,6,3,0,1,14.0,2,0,1,0,0,0,12,2021,2,1,1,0,14.0,14.0,0,1623,676,0,113873.0
4,0,1,7,0,2,7.0,2,0,1,0,0,1,9,2023,2,2,4,0,3.5,28.0,0,1661,1531,0,106105.0
3,3,0,6,0,3,12.0,2,0,1,1,1,1,8,2022,2,4,11,1,3.0,132.0,1,1623,1567,1,202887.5
1,1,3,0,0,3,0.0,1,0,1,0,0,0,2,2025,2,1,1,0,0.0,0.0,0,1714,1551,0,101473.0
3,1,6,6,2,2,12.0,0,1,1,1,0,1,4,2020,0,4,9,0,3.0,108.0,1,1623,676,0,98102.0
1,0,2,0,2,1,9.0,3,1,0,0,1,1,10,2026,0,3,9,0,3.0,81.0,0,1714,1595,0,69243.0
1,0,2,6,1,3,3.0,1,1,1,0,1,1,10,2023,1,4,10,0,0.75,30.0,0,1714,1595,0,122765.0
1,0,0,4,3,3,2.0,1,0,1,1,0,1,8,2024,1,3,7,0,0.6666666666666666,14.0,1,1714,1567,0,143892.0
5,1,3,2,0,2,14.0,1,1,0,0,1,0,2,2026,1,2,6,0,7.0,84.0,0,1682,1551,0,133038.0
5,2,5,0,1,4,11.0,0,1,1,1,1,1,2,2022,1,5,13,1,2.2,143.0,1,1682,1494,0,113873.0
2,2,3,3,0,1,6.0,1,1,1,0,0,1,6,2025,1,3,6,0,2.0,36.0,0,1626,1551,0,113873.0
0,2,6,5,0,3,2.0,1,1,1,1,1,0,1,2020,1,4,10,1,0.5,20.0,0,1679,676,1,178384.0
5,0,1,4,2,3,3.0,1,0,1,1,0,0,1,2023,1,2,4,0,1.5,12.0,0,1682,1531,1,194486.0
3,0,4,5,3,2,10.0,0,1,1,1,0,1,9,2024,1,4,9,0,2.5,90.0,1,1623,1611,0,124800.0
3,0,5,7,1,2,14.0,1,0,0,0,0,1,8,2026,1,1,3,0,14.0,42.0,0,1623,1494,0,88054.0
2,2,4,1,0,4,0.0,1,1,0,0,0,0,6,2020,1,1,2,0,0.0,0.0,0,1626,1611,0,99428.0
4,0,0,6,1,3,8.0,2,0,1,1,0,1,9,2021,1,3,7,0,2.6666666666666665,56.0,1,1661,1567,0,144448.0
1,0,6,2,1,4,1.0,0,0,0,1,1,1,10,2024,1,3,10,1,0.3333333333333333,10.0,1,1714,676,0,113960.0
2,0,0,7,1,1,5.0,1,1,0,1,0,1,10,2026,1,3,8,0,1.6666666666666667,40.0,1,1626,1567,0,98044.0
4,2,6,7,1,1,7.0,2,0,1,1,0,1,10,2020,1,3,7,0,2.333333333333333,49.0,1,1661,676,0,89376.0
1,0,2,1,0,2,2.0,0,0,1,1,1,0,3,2023,1,3,8,1,0.6666666666666666,16.0,0,1714,1595,0,61640.0
3,0,2,0,0,2,0.0,1,0,0,0,0,1,3,2021,1,1,3,0,0.0,0.0,0,1623,1595,0,84976.0
4,0,3,6,0,3,8.0,0,0,1,0,0,0,3,2022,2,1,1,0,8.0,8.0,0,1661,1551,0,101731.0
3,1,0,4,1,1,7.0,1,0,0,0,0,1,12,2026,2,1,3,0,7.0,21.0,0,1623,1567,0,61640.0
2,0,2,5,2,2,13.0,1,0,1,1,1,0,2,2026,0,3,8,1,4.333333333333333,104.0,0,1626,1595,0,127443.0
1,3,4,6,2,2,5.0,0,0,1,0,0,0,8,2026,0,1,1,0,5.0,5.0,0,1714,1611,0,76400.0
3,1,2,7,2,2,1.0,3,0,0,1,0,1,10,2020,1,2,6,0,0.5,6.0,1,1623,1595,0,97600.0
0,0,0,0,1,4,13.0,0,1,1,1,0,1,10,2023,1,4,9,0,3.25,117.0,1,1679,1567,1,168405.0
4,3,4,0,0,3,2.0,2,0,1,1,0,0,1,2026,1,2,4,0,1.0,8.0,0,1661,1611,0,112702.0
2,2,5,0,2,1,7.0,2,0,0,1,0,0,10,2023,1,1,3,0,7.0,21.0,0,1626,1494,0,113873.0
5,0,4,1,0,1,0.0,3,0,1,1,1,1,8,2023,1,4,11,1,0.0,0.0,1,1682,1611,0,154511.0
5,3,2,6,0,2,7.0,2,0,0,0,0,1,2,2026,1,1,3,0,7.0,21.0,0,1682,1595,1,202887.5
5,2,4,4,0,2,2.0,0,1,0,1,1,1,8,2020,0,4,12,1,0.5,24.0,1,1682,1611,0,153355.0
5,1,5,2,2,3,7.0,2,0,1,0,0,1,8,2020,0,2,4,0,3.5,28.0,0,1682,1494,0,151976.0
5,2,2,2,2,1,4.0,2,0,1,1,1,0,7,2025,0,3,8,1,1.3333333333333333,32.0,0,1682,1595,0,116750.0
2,0,3,7,2,1,13.8,0,0,0,1,0,0,7,2023,0,1,3,0,13.8,41.400000000000006,0,1626,1551,1,202887.5
0,0,5,1,0,2,0.0,0,1,0,1,0,1,5,2022,0,3,8,0,0.0,0.0,1,1679,1494,0,151285.0
6,0,6,1,1,1,12.0,0,0,1,0,0,1,12,2022,0,2,4,0,6.0,48.0,0,40,676,0,119450.0
4,2,6,1,0,2,0.0,2,0,1,0,0,1,12,2020,0,2,4,0,0.0,0.0,0,1661,676,0,87700.0
2,0,5,5,0,3,4.0,2,0,1,1,1,1,6,2026,0,4,11,1,1.0,44.0,1,1626,1494,0,138055.0
1,0,3,2,1,1,7.0,1,1,0,1,0,1,2,2022,0,3,8,0,2.333333333333333,56.0,1,1714,1551,0,113873.0
1,2,1,0,1,1,8.0,0,0,0,0,0,1,4,2020,0,1,3,0,8.0,24.0,0,1714,1531,0,78835.0
3,1,3,3,2,3,13.0,2,0,0,0,0,1,10,2024,2,1,3,0,13.0,39.0,0,1623,1551,0,109240.0
0,0,4,6,0,0,13.0,2,0,1,0,1,1,10,2021,2,3,8,0,4.333333333333333,104.0,0,1679,1611,0,114339.0
4,0,2,3,1,1,13.0,1,1,0,0,1,1,1,2026,2,3,9,0,4.333333333333333,117.0,0,1661,1595,0,96938.0
5,2,5,6,2,3,11.0,3,1,1,1,1,0,3,2025,2,4,10,1,2.75,110.0,0,1682,1494,1,171965.0
0,0,2,7,3,3,5.0,3,1,1,1,1,0,1,2023,2,4,10,1,1.25,50.0,0,1679,1595,1,170020.0
4,1,0,7,2,3,7.0,1,0,1,0,0,0,1,2020,2,1,1,0,7.0,7.0,0,1661,1567,0,98664.0
4,0,0,5,3,3,8.0,0,1,0,1,1,1,1,2023,2,4,12,1,2.0,96.0,1,1661,1567,0,138483.0
2,0,4,4,1,3,1.1,2,0,1,0,1,0,1,2020,2,2,5,0,0.55,5.5,0,1626,1611,0,139930.0
0,0,5,1,3,3,7.0,1,1,1,1,1,1,5,2022,2,5,13,1,1.4,91.0,1,1679,1494,1,176970.0
4,0,2,6,0,1,4.0,2,0,1,1,1,0,11,2025,2,3,8,1,1.3333333333333333,32.0,0,1661,1595,0,103414.0
3,0,4,3,2,1,4.0,0,0,1,1,0,1,5,2023,1,3,7,0,1.3333333333333333,28.0,1,1623,1611,0,85710.0
5,0,4,4,0,1,9.0,1,1,0,1,1,0,3,2026,1,3,9,1,3.0,81.0,0,1682,1611,0,116725.0
2,2,2,4,0,1,0.0,2,1,1,1,0,1,9,2021,1,4,9,0,0.0,0.0,1,1626,1595,0,76781.0
0,0,4,4,2,3,7.0,2,0,1,0,0,1,12,2026,1,2,4,0,3.5,28.0,0,1679,1611,1,172174.0
3,1,0,1,1,2,14.0,1,1,0,1,1,0,1,2020,1,3,9,1,4.666666666666667,126.0,0,1623,1567,0,109941.0
0,1,1,6,1,2,13.0,2,1,1,1,0,1,9,2023,1,4,9,0,3.25,117.0,1,1679,1531,0,113873.0
0,1,5,1,1,2,5.0,2,1,0,1,1,1,4,2023,1,4,12,1,1.25,60.0,1,1679,1494,0,113873.0
0,2,4,3,1,4,9.0,1,1,0,0,0,1,1,2025,1,2,5,0,4.5,45.0,0,1679,1611,0,127146.0
4,0,0,3,0,3,3.0,2,0,0,1,1,1,6,2025,1,3,10,1,1.0,30.0,1,1661,1567,0,61640.0
5,0,0,4,3,1,11.0,0,1,0,1,1,1,1,2025,1,4,12,1,2.75,132.0,1,1682,1567,0,147230.0
2,0,5,2,3,1,9.0,1,1,1,0,1,1,11,2023,2,4,10,0,2.25,90.0,0,1626,1494,0,93100.0
2,1,6,7,0,1,9.0,2,0,1,0,0,1,11,2025,2,2,4,0,4.5,36.0,0,1626,676,0,61640.0
0,1,0,3,0,3,3.0,0,1,1,1,0,0,6,2025,2,3,6,0,1.0,18.0,0,1679,1567,0,113873.0
1,0,3,6,1,3,2.0,0,1,1,1,0,1,3,2021,2,4,9,0,0.5,18.0,1,1714,1551,0,111610.0
5,1,0,6,3,3,7.0,0,0,1,1,1,1,5,2021,2,4,11,1,1.75,77.0,1,1682,1567,1,179016.0
0,1,4,3,2,4,7.0,3,0,0,0,1,1,6,2023,2,2,7,0,3.5,49.0,0,1679,1611,1,164250.0
0,0,3,4,0,3,3.0,3,1,0,0,0,1,8,2022,2,2,5,0,1.5,15.0,0,1679,1551,1,168256.0
3,1,4,4,0,2,0.7,1,0,0,0,0,1,5,2020,2,1,3,0,0.7,2.1,0,1623,1611,0,89545.0
3,0,2,6,3,3,3.0,2,1,1,1,0,1,1,2022,1,4,9,0,0.75,27.0,1,1623,1595,0,122658.0
0,1,1,0,2,4,10.0,2,1,1,1,0,0,8,2020,1,3,6,0,3.333333333333333,60.0,0,1679,1531,0,102300.0
5,0,2,3,0,2,7.0,1,1,0,0,1,0,3,2022,1,2,6,0,3.5,42.0,0,1682,1595,0,127092.0
2,1,2,2,1,2,5.0,0,0,1,0,0,0,6,2024,1,1,1,0,5.0,5.0,0,1626,1595,0,72499.0
0,0,6,3,1,3,2.0,0,0,1,1,1,1,10,2024,1,4,11,1,0.5,22.0,1,1679,676,1,202887.5
5,2,0,0,2,2,1.0,3,0,1,1,1,0,1,2020,1,3,8,1,0.3333333333333333,8.0,0,1682,1567,0,149100.0
2,2,5,6,1,1,7.0,3,0,1,0,0,0,8,2022,1,1,1,0,7.0,7.0,0,1626,1494,1,202887.5
1,0,0,1,1,1,1.0,1,1,1,0,0,1,3,2023,1,3,6,0,0.3333333333333333,6.0,0,1714,1567,0,61640.0
4,0,0,0,3,4,8.0,0,0,1,1,1,0,4,2021,1,3,8,1,2.6666666666666665,64.0,0,1661,1567,0,154433.0
1,0,0,0,0,2,10.0,2,0,0,0,0,1,4,2026,1,1,3,0,10.0,30.0,0,1714,1567,0,105789.0
1,1,1,5,1,1,7.0,0,1,1,1,1,1,9,2023,1,5,13,1,1.4,91.0,1,1714,1531,0,93704.0
4,1,1,3,1,1,0.0,0,0,1,1,1,0,12,2023,0,3,8,1,0.0,0.0,0,1661,1531,0,83715.0
1,0,1,3,0,1,8.0,2,0,1,0,0,0,5,2023,0,1,1,0,8.0,8.0,0,1714,1531,1,202887.5
1,0,1,2,2,0,3.0,1,1,1,1,0,1,9,2025,1,4,9,0,0.75,27.0,1,1714,1531,0,94504.0
0,0,1,0,2,3,2.0,2,0,1,0,0,0,9,2022,1,1,1,0,2.0,2.0,0,1679,1531,0,135815.0
0,0,1,6,2,1,2.0,2,1,1,0,1,1,9,2021,1,4,10,0,0.5,20.0,0,1679,1531,0,61640.0
0,0,2,7,2,2,7.3,2,1,0,1,0,1,6,2023,1,3,8,0,2.433333333333333,58.4,1,1679,1595,0,113873.0
4,0,0,4,1,3,10.0,0,1,1,1,0,1,7,2022,1,4,9,0,2.5,90.0,1,1661,1567,0,128711.0
3,1,3,0,0,1,12.0,1,1,1,0,1,1,1,2020,2,4,10,0,3.0,120.0,0,1623,1551,0,73023.0
1,3,5,5,2,2,10.0,1,1,0,1,0,0,7,2023,2,2,5,0,5.0,50.0,0,1714,1494,0,85284.0
3,0,2,2,0,2,7.0,0,1,0,0,1,0,5,2022,2,2,6,0,3.5,42.0,0,1623,1595,0,91765.0
4,2,6,6,0,3,3.0,1,0,1,0,1,0,8,2021,2,2,5,0,1.5,15.0,0,1661,676,0,112900.0
1,1,0,6,2,2,10.9,0,0,0,1,1,1,1,2026,2,3,10,1,3.633333333333333,109.0,1,1714,1567,0,114115.0
4,1,6,7,0,2,7.0,2,0,0,0,1,1,10,2026,2,2,7,0,3.5,49.0,0,1661,676,0,99077.0
2,0,2,6,3,1,7.0,0,1,0,0,0,1,8,2026,2,2,5,0,3.5,35.0,0,1626,1595,0,61640.0
4,3,3,4,0,1,13.0,0,1,1,0,0,1,1,2021,2,3,6,0,4.333333333333333,78.0,0,1661,1551,0,61640.0
2,2,1,4,1,3,7.0,0,1,0,1,1,1,1,2025,2,4,12,1,1.75,84.0,1,1626,1531,0,113873.0
3,0,5,5,2,2,9.0,1,1,1,0,1,0,1,2021,2,3,7,0,3.0,63.0,0,1623,1494,0,112273.0
3,2,0,2,2,1,14.0,3,0,1,1,1,1,5,2021,2,4,11,1,3.5,154.0,1,1623,1567,0,91002.0
3,0,4,1,1,1,8.0,2,1,1,1,1,1,9,2021,2,5,13,1,1.6,104.0,1,1623,1611,0,83823.0
3,2,0,0,2,3,14.0,2,0,1,0,0,0,4,2020,2,1,1,0,14.0,14.0,0,1623,1567,0,112257.0
4,2,0,1,1,4,11.0,2,1,1,1,1,1,4,2020,2,5,13,1,2.2,143.0,1,1661,1567,0,90807.0
5,3,1,3,2,4,4.0,3,0,0,0,1,1,4,2020,2,2,7,0,2.0,28.0,0,1682,1531,0,116205.0
3,1,3,7,1,3,7.0,0,0,0,1,0,1,5,2022,2,2,6,0,3.5,42.0,1,1623,1551,0,111239.0
5,2,1,5,2,4,9.0,1,0,1,1,1,1,1,2023,2,4,11,1,2.25,99.0,1,1682,1531,1,175212.0
4,0,4,4,1,3,5.0,0,1,1,0,0,1,12,2021,2,3,6,0,1.6666666666666667,30.0,0,1661,1611,0,126469.0
3,0,3,5,2,1,12.0,0,0,1,0,0,1,9,2020,2,2,4,0,6.0,48.0,0,1623,1551,0,61640.0
5,1,1,1,1,3,14.0,1,0,1,1,1,1,8,2021,2,4,11,1,3.5,154.0,1,1682,1531,1,163420.0
0,3,3,0,1,1,5.0,3,1,1,1,1,0,2,2022,0,4,10,1,1.25,50.0,0,1679,1551,0,105199.0
1,0,4,4,1,3,11.0,2,1,0,1,1,0,8,2023,0,3,9,1,3.6666666666666665,99.0,0,1714,1611,0,151392.0
1,0,4,3,3,3,0.0,0,1,0,1,1,1,9,2024,0,4,12,1,0.0,0.0,1,1714,1611,0,138542.0
5,0,1,1,0,3,0.0,2,0,0,0,0,1,9,2022,0,1,3,0,0.0,0.0,0,1682,1531,0,113873.0
1,1,2,1,0,2,0.0,0,1,1,1,1,0,1,2022,0,4,10,1,0.0,0.0,0,1714,1595,0,106713.0
0,0,1,2,1,2,13.3,1,0,0,1,0,0,11,2025,0,1,3,0,13.3,39.900000000000006,0,1679,1531,0,150290.0
4,0,5,2,1,2,13.0,3,0,1,1,1,0,11,2020,0,3,8,1,4.333333333333333,104.0,0,1661,1494,0,120034.0
0,0,2,2,0,3,14.0,0,0,0,0,1,0,5,2026,0,1,4,0,14.0,56.0,0,1679,1595,1,193443.0
2,2,0,5,2,2,11.0,2,0,1,0,1,0,4,2025,0,2,5,0,5.5,55.0,0,1626,1567,0,90371.0
0,1,4,2,0,1,10.0,0,0,0,1,0,0,11,2020,0,1,3,0,10.0,30.0,0,1679,1611,0,113873.0
1,0,4,1,0,3,12.0,0,0,0,0,1,1,4,2025,0,2,7,0,6.0,84.0,0,1714,1611,0,123664.0
4,2,3,6,1,2,0.0,2,1,0,1,0,0,1,2023,0,2,5,0,0.0,0.0,0,1661,1551,0,77763.0
5,3,0,4,0,3,14.3,2,0,1,1,1,1,9,2020,0,4,11,1,3.575,157.3,1,1682,1567,1,188047.0
1,1,3,1,1,1,4.0,3,0,0,1,1,1,10,2023,0,3,10,1,1.3333333333333333,40.0,1,1714,1551,0,87153.0
3,2,4,3,0,3,7.0,1,1,0,1,1,1,10,2022,0,4,12,1,1.75,84.0,1,1623,1611,0,127561.0
2,1,5,6,2,0,7.0,0,1,1,0,1,0,10,2022,0,3,7,0,2.333333333333333,49.0,0,1626,1494,0,62686.0
5,0,4,5,1,3,13.0,0,0,1,0,0,0,3,2024,0,1,1,0,13.0,13.0,0,1682,1611,0,155407.0
2,2,1,2,0,1,0.0,2,1,0,0,1,1,4,2022,0,3,9,0,0.0,0.0,0,1626,1531,0,72929.0
1,2,5,6,2,1,11.0,3,1,0,1,0,0,10,2023,0,2,5,0,5.5,55.0,0,1714,1494,0,65015.0
0,1,4,1,0,3,0.0,0,0,0,0,0,1,10,2023,0,1,3,0,0.0,0.0,0,1679,1611,1,202887.5
2,0,0,4,1,1,9.0,2,0,0,1,1,1,8,2024,0,3,10,1,3.0,90.0,1,1626,1567,0,92368.0
4,1,4,3,2,2,7.0,2,0,1,0,1,1,4,2020,0,3,8,0,2.333333333333333,56.0,0,1661,1611,0,98640.0
2,0,6,3,0,3,10.0,2,0,1,1,0,0,1,2026,0,2,4,0,5.0,40.0,0,1626,676,0,135265.0
3,0,3,4,1,2,9.0,0,1,0,0,0,1,12,2025,2,2,5,0,4.5,45.0,0,1623,1551,0,85698.0
4,0,6,6,1,1,5.0,2,1,0,0,0,1,3,2024,0,2,5,0,2.5,25.0,0,1661,676,0,68303.0
4,1,5,0,1,1,11.0,1,1,0,0,0,0,1,2024,0,1,2,0,11.0,22.0,0,1661,1494,0,61640.0
2,1,0,3,2,2,7.0,2,1,1,0,0,0,12,2020,0,2,3,0,3.5,21.0,0,1626,1567,0,77409.0
5,2,4,7,1,2,6.0,2,0,0,1,1,1,12,2020,0,3,10,1,2.0,60.0,1,1682,1611,0,113873.0
4,1,1,7,0,2,14.0,0,0,1,1,0,1,12,2020,0,3,7,0,4.666666666666667,98.0,1,1661,1531,1,202887.5
3,0,0,4,1,3,8.0,2,0,0,1,1,0,1,2024,0,2,7,1,4.0,56.0,0,1623,1567,0,150570.0
2,2,5,2,1,1,9.0,1,1,1,1,1,1,1,2020,0,5,13,1,1.8,117.0,1,1626,1494,0,93162.0
3,0,4,1,2,2,1.0,0,1,1,0,0,1,1,2025,0,3,6,0,0.3333333333333333,6.0,0,1623,1611,1,202887.5
0,2,3,3,2,4,7.0,1,0,1,1,1,1,5,2024,0,4,11,1,1.75,77.0,1,1679,1551,0,157992.0
5,2,1,1,2,2,14.0,2,0,1,0,1,1,2,2025,0,3,8,0,4.666666666666667,112.0,0,1682,1531,0,139815.0
4,2,5,0,2,2,7.0,1,0,0,0,0,1,2,2025,0,1,3,0,7.0,21.0,0,1661,1494,0,88370.0
5,0,1,3,1,2,12.0,1,0,0,1,0,0,5,2025,2,1,3,0,12.0,36.0,0,1682,1531,1,202887.5
4,0,5,2,1,2,7.0,0,0,0,0,0,1,12,2021,2,1,3,0,7.0,21.0,0,1661,1494,0,107663.0
4,2,2,3,2,1,6.0,1,0,1,0,1,1,9,2024,2,3,8,0,2.0,48.0,0,1661,1595,0,77803.0
1,0,1,1,0,3,7.0,2,0,1,1,0,1,9,2025,2,3,7,0,2.333333333333333,49.0,1,1714,1531,0,141537.0
2,0,6,1,0,3,7.0,2,1,0,0,0,0,9,2023,2,1,2,0,7.0,14.0,0,1626,676,0,124010.0
4,1,0,6,3,1,0.8,3,0,1,1,0,1,4,2022,2,3,7,0,0.2666666666666666,5.6000000000000005,1,1661,1567,0,61640.0
3,2,1,1,1,2,4.0,3,1,1,0,0,0,8,2025,2,2,3,0,2.0,12.0,0,1623,1531,0,74393.0
0,0,0,3,2,2,0.0,2,0,0,0,1,1,6,2023,2,2,7,0,0.0,0.0,0,1679,1567,0,61640.0
0,1,0,4,1,1,10.0,2,0,1,0,0,1,1,2021,2,2,4,0,5.0,40.0,0,1679,1567,1,202887.5
5,0,2,5,2,1,6.0,1,0,1,1,0,0,1,2025,2,2,4,0,3.0,24.0,0,1682,1595,0,122049.0
0,1,1,6,0,3,3.0,0,0,0,1,0,0,5,2023,2,1,3,0,3.0,9.0,0,1679,1531,0,158335.0
0,2,5,1,2,1,12.0,2,0,0,1,0,1,6,2023,2,2,6,0,6.0,72.0,1,1679,1494,0,112195.0
1,0,6,2,1,1,8.0,2,0,0,0,0,1,7,2024,2,1,3,0,8.0,24.0,0,1714,676,0,113873.0
2,2,2,6,1,4,7.0,2,1,1,1,0,1,7,2022,2,4,9,0,1.75,63.0,1,1626,1595,0,118193.0
4,0,5,0,0,2,8.0,2,0,1,0,0,0,2,2023,2,1,1,0,8.0,8.0,0,1661,1494,0,93985.0
2,0,1,5,1,2,11.0,0,1,1,0,0,0,1,2021,2,2,3,0,5.5,33.0,0,1626,1531,0,88776.0
3,0,6,4,1,3,7.0,2,0,1,0,1,1,12,2021,2,3,8,0,2.333333333333333,56.0,0,1623,676,0,126500.0
4,0,3,4,1,3,9.0,0,1,0,1,0,1,9,2022,2,3,8,0,3.0,72.0,1,1661,1551,0,114814.0
3,0,6,4,1,2,4.0,1,0,1,0,1,0,7,2025,2,2,5,0,2.0,20.0,0,1623,676,0,117965.0
3,2,4,2,1,2,9.0,0,0,0,1,0,1,7,2022,2,2,6,0,4.5,54.0,1,1623,1611,0,87649.0
3,0,1,5,3,2,13.0,0,0,1,0,1,0,7,2024,2,2,5,0,6.5,65.0,0,1623,1531,0,92800.0
5,2,2,5,1,3,7.0,1,0,0,1,0,0,7,2023,2,1,3,0,7.0,21.0,0,1682,1595,0,113873.0
3,0,4,0,1,1,14.9,2,0,0,1,0,1,4,2021,2,2,6,0,7.45,89.4,1,1623,1611,0,113873.0
5,0,4,3,2,2,4.0,2,0,1,0,0,1,10,2023,2,2,4,0,2.0,16.0,0,1682,1611,0,117817.0
4,1,5,5,0,1,1.0,0,1,1,1,1,0,10,2026,2,4,10,1,0.25,10.0,0,1661,1494,0,76446.0
4,0,1,4,0,2,6.0,2,1,1,1,1,1,12,2022,2,5,13,1,1.2,78.0,1,1661,1531,0,113873.0
5,1,1,4,1,1,1.0,2,0,0,0,1,1,1,2020,2,2,7,0,0.5,7.0,0,1682,1531,0,118724.0
5,0,2,5,1,3,1.0,1,0,0,1,0,0,8,2024,2,1,3,0,1.0,3.0,0,1682,1595,1,202887.5
2,0,5,1,2,3,7.0,0,0,1,1,1,1,2,2025,2,4,11,1,1.75,77.0,1,1626,1494,1,163405.0
5,2,3,4,0,3,7.0,3,0,0,1,1,1,1,2020,2,3,10,1,2.333333333333333,70.0,1,1682,1551,0,61640.0
5,1,4,7,1,1,0.0,2,1,0,1,1,1,8,2020,2,4,12,1,0.0,0.0,1,1682,1611,0,116346.0
0,0,0,4,2,2,7.0,1,0,1,0,1,0,7,2024,2,2,5,0,3.5,35.0,0,1679,1567,0,126406.0
5,1,1,1,1,0,8.0,0,1,1,1,1,0,12,2023,2,4,10,1,2.0,80.0,0,1682,1531,0,120569.0
4,1,6,7,2,1,0.0,0,1,0,0,0,1,8,2026,1,2,5,0,0.0,0.0,0,1661,676,0,61640.0
1,2,3,1,0,1,10.0,1,1,1,1,0,0,6,2024,1,3,6,0,3.333333333333333,60.0,0,1714,1551,0,65267.0
2,2,4,1,1,1,2.0,0,0,1,0,0,0,5,2024,1,1,1,0,2.0,2.0,0,1626,1611,0,61640.0
1,0,6,1,1,3,6.0,0,1,1,1,0,0,9,2020,1,3,6,0,2.0,36.0,0,1714,676,0,134847.0
3,0,3,0,1,3,2.0,1,0,1,1,1,1,1,2020,1,4,11,1,0.5,22.0,1,1623,1551,0,136617.0
2,1,4,7,2,3,8.0,2,0,1,1,0,1,7,2024,0,3,7,0,2.6666666666666665,56.0,1,1626,1611,0,113873.0
5,2,5,3,1,4,7.0,1,0,1,0,1,1,11,2023,0,3,8,0,2.333333333333333,56.0,0,1682,1494,0,116519.0
0,0,4,1,2,3,7.0,1,1,0,1,1,0,12,2021,0,3,9,1,2.333333333333333,63.0,0,1679,1611,1,192865.0
3,0,4,4,2,2,7.0,0,0,0,1,0,0,9,2020,0,1,3,0,7.0,21.0,0,1623,1611,0,107056.0
4,1,5,2,2,3,3.0,2,1,1,0,0,1,2,2025,0,3,6,0,1.0,18.0,0,1661,1494,0,112029.0
3,0,1,5,1,2,10.0,3,0,0,0,1,1,2,2021,0,2,7,0,5.0,70.0,0,1623,1531,0,115678.0
3,0,1,5,1,1,1.0,1,1,0,0,1,0,3,2026,0,2,6,0,0.5,6.0,0,1623,1531,0,71736.0
2,0,3,6,0,2,4.0,0,1,1,1,0,1,12,2021,0,4,9,0,1.0,36.0,1,1626,1551,0,113041.0
3,0,5,5,2,1,11.0,1,0,1,1,0,0,3,2023,0,2,4,0,5.5,44.0,0,1623,1494,1,202887.5
5,0,3,3,1,2,8.0,2,0,1,0,1,0,3,2021,0,2,5,0,4.0,40.0,0,1682,1551,0,113873.0
2,0,1,4,2,2,7.0,2,0,1,1,0,1,8,2025,0,3,7,0,2.333333333333333,49.0,1,1626,1531,0,118491.0
1,1,2,7,2,1,0.0,3,0,0,1,1,0,1,2022,0,2,7,1,0.0,0.0,0,1714,1595,0,61640.0
3,0,6,6,2,3,0.0,1,1,1,1,1,0,10,2025,0,4,10,1,0.0,0.0,0,1623,676,0,151485.0
3,2,2,1,1,2,12.0,1,0,1,0,0,1,11,2025,2,2,4,0,6.0,48.0,0,1623,1595,0,86500.0
1,2,4,4,2,4,7.1,2,0,1,1,0,1,6,2025,2,3,7,0,2.3666666666666667,49.7,1,1714,1611,0,96180.0
2,0,2,0,2,4,7.0,1,0,0,0,1,0,1,2025,2,1,4,0,7.0,28.0,0,1626,1595,0,116316.0
3,1,6,1,0,2,12.0,2,1,1,0,0,0,6,2022,1,2,3,0,6.0,36.0,0,1623,676,0,76635.0
4,0,3,0,1,1,8.7,2,0,1,0,0,1,6,2022,1,2,4,0,4.35,34.8,0,1661,1551,0,61640.0
4,0,1,1,2,3,2.0,0,0,1,1,0,1,1,2026,1,3,7,0,0.6666666666666666,14.0,1,1661,1531,0,125260.0
0,2,5,2,1,2,1.0,1,0,0,0,1,1,10,2024,1,2,7,0,0.5,7.0,0,1679,1494,0,140775.0
1,0,2,4,1,2,12.0,0,0,1,1,1,1,11,2022,1,4,11,1,3.0,132.0,1,1714,1595,0,61640.0
0,2,0,3,1,1,7.0,2,1,1,1,1,1,10,2020,0,5,13,1,1.4,91.0,1,1679,1567,0,126221.0
2,2,3,4,3,3,1.0,3,1,0,1,0,1,1,2024,0,3,8,0,0.3333333333333333,8.0,1,1626,1551,0,128935.0
5,0,6,6,0,2,11.0,1,1,1,0,1,1,10,2020,0,4,10,0,2.75,110.0,0,1682,676,0,156892.0
3,0,4,6,0,1,8.0,2,0,1,0,1,0,7,2026,0,2,5,0,4.0,40.0,0,1623,1611,0,83047.0
1,2,2,1,2,3,7.0,1,0,0,1,1,1,2,2022,0,3,10,1,2.333333333333333,70.0,1,1714,1595,0,143188.0
4,1,5,5,0,1,6.0,2,0,1,0,0,0,2,2024,0,1,1,0,6.0,6.0,0,1661,1494,0,66285.0
1,2,2,1,1,0,12.0,1,1,0,0,0,1,2,2021,0,2,5,0,6.0,60.0,0,1714,1595,0,63714.0
2,0,2,0,1,1,6.0,1,0,0,0,0,1,3,2020,1,1,3,0,6.0,18.0,0,1626,1595,0,72666.0
4,1,0,0,2,2,1.0,1,0,0,1,1,1,3,2021,1,3,10,1,0.3333333333333333,10.0,1,1661,1567,0,61640.0
2,0,0,3,1,1,7.0,1,0,0,0,0,1,1,2025,1,1,3,0,7.0,21.0,0,1626,1567,0,97953.0
5,0,3,4,3,1,4.0,0,1,0,1,1,1,4,2021,1,4,12,1,1.0,48.0,1,1682,1551,0,133116.0
4,2,3,4,2,1,0.0,0,0,1,0,1,1,2,2025,1,3,8,0,0.0,0.0,0,1661,1551,0,76834.0
2,2,0,6,0,3,7.0,0,1,1,0,1,1,3,2021,1,4,10,0,1.75,70.0,0,1626,1567,0,123833.0
4,2,4,2,2,2,11.0,1,0,1,1,0,0,9,2024,1,2,4,0,5.5,44.0,0,1661,1611,0,87500.0
2,1,6,5,0,3,7.0,1,1,0,1,0,1,3,2026,1,3,8,0,2.333333333333333,56.0,1,1626,676,0,129773.0
2,1,3,0,2,3,7.0,0,0,1,1,0,1,12,2022,1,3,7,0,2.333333333333333,49.0,1,1626,1551,0,128302.0
5,3,1,4,0,1,5.0,0,0,0,1,0,0,1,2022,1,1,3,0,5.0,15.0,0,1682,1531,0,93505.0
0,0,5,3,1,3,9.0,0,0,1,0,0,0,11,2023,1,1,1,0,9.0,9.0,0,1679,1494,0,142398.0
1,0,5,7,0,3,13.0,1,1,0,1,0,1,1,2026,1,3,8,0,4.333333333333333,104.0,1,1714,1494,0,127233.0
2,1,6,4,0,3,13.0,2,0,1,0,0,0,5,2020,1,1,1,0,13.0,13.0,0,1626,676,0,101374.0
2,2,1,6,1,1,14.0,1,1,1,1,0,1,4,2021,1,4,9,0,3.5,126.0,1,1626,1531,0,113873.0
2,2,3,5,1,3,11.0,2,0,1,1,0,0,6,2024,1,2,4,0,5.5,44.0,0,1626,1551,0,119148.0
4,1,2,3,2,4,2.0,2,0,1,1,1,1,3,2026,0,4,11,1,0.5,22.0,1,1661,1595,0,86753.0
2,0,0,2,0,2,5.0,2,0,1,1,1,0,3,2024,0,3,8,1,1.6666666666666667,40.0,0,1626,1567,0,120588.0
3,1,4,5,2,1,11.0,1,0,1,1,0,1,4,2021,0,3,7,0,3.6666666666666665,77.0,1,1623,1611,0,76295.0
4,0,0,4,3,3,10.0,1,1,1,0,0,1,1,2021,0,3,6,0,3.333333333333333,60.0,0,1661,1567,0,106189.0
1,0,0,2,2,1,10.0,3,0,0,0,0,1,3,2020,0,1,3,0,10.0,30.0,0,1714,1567,0,75242.0
4,3,2,1,3,1,0.0,2,0,1,1,1,0,11,2026,0,3,8,1,0.0,0.0,0,1661,1595,0,86187.0
4,2,1,0,1,2,1.0,0,0,1,0,1,1,8,2022,0,3,8,0,0.3333333333333333,8.0,0,1661,1531,0,92282.0
2,2,1,4,2,3,12.0,1,0,1,0,0,0,9,2020,0,1,1,0,12.0,12.0,0,1626,1531,0,95434.0
3,0,0,4,2,3,10.0,1,0,0,0,1,1,2,2024,0,2,7,0,5.0,70.0,0,1623,1567,0,124415.0
2,1,1,4,0,1,3.0,2,0,1,0,1,0,6,2021,0,2,5,0,1.5,15.0,0,1626,1531,0,62260.0
4,3,6,0,2,3,2.0,0,1,0,1,0,0,6,2025,0,2,5,0,1.0,10.0,0,1661,676,0,112135.0
4,2,3,0,1,2,4.0,0,0,1,1,0,1,3,2023,0,3,7,0,1.3333333333333333,28.0,1,1661,1551,0,97420.0
4,1,4,5,2,1,4.0,2,1,1,1,1,1,3,2023,0,5,13,1,0.8,52.0,1,1661,1611,0,87536.0
4,0,5,4,2,1,7.0,2,0,1,1,1,1,6,2023,0,4,11,1,1.75,77.0,1,1661,1494,0,90370.0
5,0,4,1,2,3,11.0,1,0,1,0,0,0,4,2020,0,1,1,0,11.0,11.0,0,1682,1611,0,160180.0
0,1,3,0,1,3,8.0,2,0,0,1,0,1,8,2020,0,2,6,0,4.0,48.0,1,1679,1551,1,180263.0
5,2,0,2,1,3,1.0,0,0,1,1,0,0,12,2024,1,2,4,0,0.5,4.0,0,1682,1567,0,156200.0
1,0,6,0,2,3,5.0,1,1,1,0,0,1,6,2024,1,3,6,0,1.6666666666666667,30.0,0,1714,676,0,113148.0
2,0,1,6,1,2,12.3,1,0,1,0,0,0,10,2026,1,1,1,0,12.3,12.3,0,1626,1531,0,72094.0
1,0,2,0,1,4,8.0,0,1,1,0,1,1,2,2026,1,4,10,0,2.0,80.0,0,1714,1595,0,122892.0
3,0,4,6,0,3,9.0,1,0,0,1,1,0,12,2025,1,2,7,1,4.5,63.0,0,1623,1611,0,132382.0
3,1,6,2,1,2,12.0,0,1,1,0,0,1,6,2022,1,3,6,0,4.0,72.0,0,1623,676,0,113873.0
2,1,5,6,2,2,13.0,2,0,0,1,0,1,5,2023,1,2,6,0,6.5,78.0,1,1626,1494,0,103382.0
3,2,3,6,0,2,14.0,3,1,0,0,0,1,8,2023,1,2,5,0,7.0,70.0,0,1623,1551,0,84695.0
4,2,1,5,2,1,10.0,0,0,1,0,1,1,1,2023,1,3,8,0,3.333333333333333,80.0,0,1661,1531,0,74700.0
4,1,2,5,2,2,8.0,2,1,0,0,0,0,6,2022,1,1,2,0,8.0,16.0,0,1661,1595,0,71600.0
1,0,3,2,0,4,0.0,0,1,0,1,1,1,4,2026,1,4,12,1,0.0,0.0,1,1714,1551,0,158187.0
3,0,1,1,0,3,5.0,2,0,0,0,1,0,9,2025,1,1,4,0,5.0,20.0,0,1623,1531,0,130227.0
4,0,2,2,0,2,14.0,0,1,1,0,1,0,1,2025,1,3,7,0,4.666666666666667,98.0,0,1661,1595,0,90506.0
1,0,5,4,0,3,5.0,2,1,0,1,1,0,2,2023,1,3,9,1,1.6666666666666667,45.0,0,1714,1494,0,133190.0
3,0,3,0,0,4,9.3,0,0,1,0,0,1,2,2023,1,2,4,0,4.65,37.2,0,1623,1551,0,107063.0
0,2,5,4,0,3,0.0,2,0,0,0,1,0,11,2021,1,1,4,0,0.0,0.0,0,1679,1494,1,202887.5
5,2,3,2,1,3,13.0,1,0,0,0,0,1,1,2026,1,1,3,0,13.0,39.0,0,1682,1551,0,153756.0
3,2,1,5,3,4,7.0,2,1,0,1,0,1,12,2025,1,3,8,0,2.333333333333333,56.0,1,1623,1531,0,64400.00000000001
6,0,6,7,2,3,5.0,0,0,1,1,0,0,3,2022,1,2,4,0,2.5,20.0,0,40,676,0,158520.0
0,1,0,1,1,1,0.0,0,0,0,1,0,0,9,2022,1,1,3,0,0.0,0.0,0,1679,1567,0,92925.0
0,1,4,3,2,2,5.0,2,0,1,0,0,1,2,2020,0,2,4,0,2.5,20.0,0,1679,1611,0,126924.0
0,1,1,0,0,3,11.0,3,0,1,0,1,0,5,2025,0,2,5,0,5.5,55.0,0,1679,1531,0,155108.0
5,1,0,4,0,2,3.4,1,0,1,1,1,1,1,2022,0,4,11,1,0.85,37.4,1,1682,1567,0,152254.0
3,2,0,3,0,3,7.0,0,1,1,0,0,1,1,2023,0,3,6,0,2.333333333333333,42.0,0,1623,1567,0,123700.0
2,1,4,4,0,1,12.3,1,0,1,1,0,0,1,2022,0,2,4,0,6.15,49.2,0,1626,1611,0,61640.0
2,3,1,1,2,2,5.0,0,0,1,0,0,0,1,2022,0,1,1,0,5.0,5.0,0,1626,1531,0,78387.0
0,0,6,5,2,0,13.0,2,0,0,0,1,0,12,2025,2,1,4,0,13.0,52.0,0,1679,676,0,125374.0
3,0,1,7,2,2,9.0,0,0,1,0,1,1,1,2020,2,3,8,0,3.0,72.0,0,1623,1531,0,99385.0
1,2,3,2,1,2,2.0,1,1,1,1,0,1,12,2024,2,4,9,0,0.5,18.0,1,1714,1551,0,88993.0
4,0,1,7,1,3,7.0,2,1,0,1,0,1,1,2026,1,3,8,0,2.333333333333333,56.0,1,1661,1531,0,141100.0
2,0,5,3,0,1,0.0,2,1,1,1,0,0,5,2021,1,3,6,0,0.0,0.0,0,1626,1494,0,85965.0
5,2,4,5,1,1,2.0,0,0,0,1,0,1,3,2026,0,2,6,0,1.0,12.0,1,1682,1611,0,100103.0
4,0,0,3,2,2,12.0,3,1,0,0,0,0,1,2020,0,1,2,0,12.0,24.0,0,1661,1567,0,96422.0
3,0,1,4,2,1,7.0,1,0,0,1,0,0,9,2026,0,1,3,0,7.0,21.0,0,1623,1531,0,84719.0
0,2,3,5,0,1,11.0,1,1,0,1,1,1,1,2026,0,4,12,1,2.75,132.0,1,1679,1551,0,61640.0
2,1,0,5,2,2,6.0,1,0,0,1,0,1,4,2022,0,2,6,0,3.0,36.0,1,1626,1567,0,100477.0
5,0,2,0,3,1,14.0,2,0,0,1,0,1,4,2022,0,2,6,0,7.0,84.0,1,1682,1595,0,133924.0
3,0,4,2,0,3,4.0,3,0,1,1,1,0,4,2024,0,3,8,1,1.3333333333333333,32.0,0,1623,1611,0,154854.0
2,0,1,0,0,3,11.0,0,0,1,0,0,1,7,2022,0,2,4,0,5.5,44.0,0,1626,1531,0,111498.0
4,2,0,6,1,2,10.0,1,0,0,1,0,1,8,2023,0,2,6,0,5.0,60.0,1,1661,1567,1,202887.5
1,0,1,3,2,3,8.0,0,0,0,1,0,1,11,2026,0,2,6,0,4.0,48.0,1,1714,1531,0,149236.0
2,2,2,1,0,2,8.0,1,1,0,0,0,0,9,2022,0,1,2,0,8.0,16.0,0,1626,1595,0,75402.0
2,0,2,1,2,2,2.0,1,0,1,1,1,1,4,2020,0,4,11,1,0.5,22.0,1,1626,1595,0,113030.0
4,1,2,2,2,1,12.0,2,1,0,0,1,1,4,2025,0,3,9,0,4.0,108.0,0,1661,1595,0,67198.0
1,0,0,2,1,2,1.0,0,1,1,1,0,1,2,2024,0,4,9,0,0.25,9.0,1,1714,1567,0,97901.0
1,0,4,2,1,3,14.0,0,0,0,1,0,0,3,2022,0,1,3,0,14.0,42.0,0,1714,1611,0,134999.0
1,3,2,4,1,3,8.0,1,0,0,1,0,1,11,2020,0,2,6,0,4.0,48.0,1,1714,1595,1,202887.5
3,0,4,7,3,2,9.0,0,0,0,0,0,1,9,2022,0,1,3,0,9.0,27.0,0,1623,1611,0,81335.0
5,2,5,3,1,3,2.0,0,0,1,0,1,0,4,2021,0,2,5,0,1.0,10.0,0,1682,1494,0,156136.0
0,0,1,7,2,2,13.0,0,1,1,1,0,1,1,2024,2,4,9,0,3.25,117.0,1,1679,1531,0,143390.0
0,0,0,1,2,3,7.0,1,0,0,1,0,1,3,2021,1,2,6,0,3.5,42.0,1,1679,1567,1,165835.0
2,2,2,2,0,0,4.0,2,0,1,1,0,1,8,2022,1,3,7,0,1.3333333333333333,28.0,1,1626,1595,0,113873.0
4,0,4,6,1,1,14.0,2,1,1,0,0,1,10,2022,1,3,6,0,4.666666666666667,84.0,0,1661,1611,0,61640.0
1,0,2,5,1,4,4.0,0,1,1,1,0,1,11,2025,1,4,9,0,1.0,36.0,1,1714,1595,0,71233.0
5,0,0,5,0,3,6.0,1,1,0,1,1,0,6,2023,1,3,9,1,2.0,54.0,0,1682,1567,1,190084.0
2,1,1,1,0,1,7.0,3,0,1,0,1,1,1,2025,1,3,8,0,2.333333333333333,56.0,0,1626,1531,0,90896.0
4,2,5,4,3,2,7.0,3,0,1,0,1,0,6,2021,1,2,5,0,3.5,35.0,0,1661,1494,0,100035.0
5,0,0,6,2,1,7.0,1,1,0,1,0,0,11,2022,0,2,5,0,3.5,35.0,0,1682,1567,0,113873.0
5,0,1,4,2,1,2.0,0,0,1,0,0,1,7,2023,0,2,4,0,1.0,8.0,0,1682,1531,0,135535.0
2,2,2,1,0,3,14.0,0,0,1,0,0,1,1,2023,0,2,4,0,7.0,56.0,0,1626,1595,0,113873.0
2,1,0,6,2,2,3.0,1,0,1,1,1,0,9,2025,0,3,8,1,1.0,24.0,0,1626,1567,0,107700.0
0,1,5,0,2,3,6.0,1,1,0,0,0,0,3,2024,0,1,2,0,6.0,12.0,0,1679,1494,0,135857.0
1,2,3,3,0,3,9.0,1,1,1,0,1,0,9,2026,0,3,7,0,3.0,63.0,0,1714,1551,0,115529.0
4,2,0,4,1,2,1.0,1,1,0,1,1,1,9,2026,0,4,12,1,0.25,12.0,1,1661,1567,0,114484.0
0,0,0,7,3,3,7.0,2,0,1,1,0,0,1,2025,0,2,4,0,3.5,28.0,0,1679,1567,0,158884.0
0,0,0,0,0,3,10.2,1,1,0,0,1,0,12,2023,0,2,6,0,5.1,61.2,0,1679,1567,1,179442.0
3,2,5,1,3,1,10.0,0,0,0,1,0,1,10,2023,0,2,6,0,5.0,60.0,1,1623,1494,0,70671.0
2,1,6,0,1,3,4.0,0,1,1,1,0,1,5,2026,0,4,9,0,1.0,36.0,1,1626,676,0,128998.0
0,1,0,1,0,1,9.0,0,1,1,0,0,1,4,2024,2,3,6,0,3.0,54.0,0,1679,1567,0,97415.0
3,3,0,4,1,1,13.0,0,1,0,0,1,1,3,2022,2,3,9,0,4.333333333333333,117.0,0,1623,1567,0,72831.0
2,3,6,5,1,3,1.0,0,0,0,1,1,1,2,2026,0,3,10,1,0.3333333333333333,10.0,1,1626,676,0,129307.0
5,1,1,5,1,2,2.0,2,1,1,1,0,0,7,2021,0,3,6,0,0.6666666666666666,12.0,0,1682,1531,0,126397.0
5,0,2,0,2,1,7.0,0,0,0,0,0,1,1,2020,0,1,3,0,7.0,21.0,0,1682,1595,0,96050.0
4,1,1,5,1,3,4.0,3,0,0,0,1,0,8,2020,0,1,4,0,4.0,16.0,0,1661,1531,0,113873.0
0,1,4,0,0,1,1.0,2,0,0,0,1,1,7,2026,0,2,7,0,0.5,7.0,0,1679,1611,0,116974.0
3,2,2,7,0,3,5.0,1,1,0,1,1,1,1,2025,0,4,12,1,1.25,60.0,1,1623,1595,0,139997.0
5,2,4,5,0,3,7.0,0,1,0,1,0,0,6,2020,0,2,5,0,3.5,35.0,0,1682,1611,0,158008.0
3,0,4,3,1,1,6.0,2,1,0,1,1,1,5,2026,0,4,12,1,1.5,72.0,1,1623,1611,1,202887.5
4,0,2,5,1,2,7.0,1,0,1,0,0,1,10,2025,0,2,4,0,3.5,28.0,0,1661,1595,0,96675.0
2,1,4,1,0,1,3.0,1,0,1,0,1,1,3,2021,0,3,8,0,1.0,24.0,0,1626,1611,0,94645.0
1,0,2,4,1,2,7.0,1,0,0,1,0,1,12,2021,0,2,6,0,3.5,42.0,1,1714,1595,0,103527.0
5,0,2,7,0,2,11.0,0,0,1,1,0,1,1,2021,0,3,7,0,3.6666666666666665,77.0,1,1682,1595,0,134676.0
0,0,2,7,2,1,7.0,1,0,1,0,0,1,10,2021,0,2,4,0,3.5,28.0,0,1679,1595,0,113873.0
0,0,0,1,2,2,13.0,2,0,1,0,0,1,2,2021,0,2,4,0,6.5,52.0,0,1679,1567,0,113873.0
2,0,1,1,0,3,7.0,0,1,1,1,0,0,5,2020,0,3,6,0,2.333333333333333,42.0,0,1626,1531,0,135664.0
1,0,2,6,0,1,13.0,1,0,1,1,1,0,11,2021,2,3,8,1,4.333333333333333,104.0,0,1714,1595,1,202887.5
4,0,6,0,1,1,7.0,3,1,1,0,1,0,4,2022,2,3,7,0,2.333333333333333,49.0,0,1661,676,0,64500.0
3,2,0,1,0,3,7.0,1,1,1,1,1,1,8,2026,2,5,13,1,1.4,91.0,1,1623,1567,0,113873.0
2,0,4,5,1,2,10.1,0,0,1,0,1,0,3,2026,2,2,5,0,5.05,50.5,0,1626,1611,0,113873.0
6,2,1,4,0,2,8.2,1,0,1,1,1,1,3,2024,2,4,11,1,2.05,90.2,1,40,1531,1,202887.5
2,1,2,3,3,3,2.0,1,1,1,1,1,0,1,2020,2,4,10,1,0.5,20.0,0,1626,1595,0,126512.0
3,1,2,0,2,3,14.0,3,1,0,1,1,1,8,2022,2,4,12,1,3.5,168.0,1,1623,1595,1,202887.5
3,0,5,0,0,1,12.0,1,0,0,1,0,1,12,2022,2,2,6,0,6.0,72.0,1,1623,1494,0,77978.0
4,0,1,1,0,1,9.0,1,0,0,0,0,1,1,2024,2,1,3,0,9.0,27.0,0,1661,1531,0,83436.0
3,2,3,6,1,1,6.0,0,1,0,0,0,0,2,2024,2,1,2,0,6.0,12.0,0,1623,1551,0,61640.0
3,1,0,7,1,4,10.0,1,0,1,1,1,1,2,2025,2,4,11,1,2.5,110.0,1,1623,1567,0,128072.0
3,0,2,5,0,1,7.0,0,1,0,0,1,1,1,2022,2,3,9,0,2.333333333333333,63.0,0,1623,1595,0,84877.0
4,3,1,3,2,2,5.0,0,0,1,1,0,1,12,2025,2,3,7,0,1.6666666666666667,35.0,1,1661,1531,0,95394.0
5,0,4,3,2,1,14.0,3,1,1,0,1,1,6,2023,2,4,10,0,3.5,140.0,0,1682,1611,1,202887.5
2,1,0,6,0,2,12.0,1,0,1,0,0,1,11,2026,2,2,4,0,6.0,48.0,0,1626,1567,0,87008.0
2,1,0,7,0,2,14.2,3,0,0,1,1,0,4,2026,2,2,7,1,7.1,99.4,0,1626,1567,0,61640.0
0,0,2,0,1,1,7.0,0,0,1,1,1,0,9,2026,2,3,8,1,2.333333333333333,56.0,0,1679,1595,0,143352.0
3,0,3,3,1,1,5.0,2,0,1,1,0,1,6,2022,2,3,7,0,1.6666666666666667,35.0,1,1623,1551,0,71908.0
5,1,1,0,0,1,0.0,0,1,0,0,1,0,1,2024,1,2,6,0,0.0,0.0,0,1682,1531,0,108098.0
4,0,1,7,0,1,2.0,0,1,1,0,0,0,1,2024,1,2,3,0,1.0,6.0,0,1661,1531,0,61640.0
3,0,2,4,0,2,4.0,2,1,0,0,0,1,8,2025,1,2,5,0,2.0,20.0,0,1623,1595,0,103012.0
5,0,5,0,0,1,11.0,2,0,0,0,1,1,1,2020,1,2,7,0,5.5,77.0,0,1682,1494,0,138933.0
2,0,2,3,2,2,9.0,1,0,1,0,1,0,5,2025,1,2,5,0,4.5,45.0,0,1626,1595,0,113873.0
4,0,2,0,1,2,7.0,2,1,1,1,1,1,4,2021,1,5,13,1,1.4,91.0,1,1661,1595,0,119046.0
3,0,4,1,1,2,3.0,0,1,1,0,0,1,1,2022,1,3,6,0,1.0,18.0,0,1623,1611,0,121388.0
2,2,4,6,2,2,2.0,1,1,1,1,1,1,7,2022,1,5,13,1,0.4,26.0,1,1626,1611,1,202887.5
2,2,2,5,0,1,7.0,0,0,0,0,1,1,12,2024,1,2,7,0,3.5,49.0,0,1626,1595,0,77641.0
3,2,2,5,0,2,7.0,0,1,0,1,1,1,3,2023,1,4,12,1,1.75,84.0,1,1623,1595,0,113873.0
4,0,6,6,2,2,13.0,1,1,1,0,1,0,1,2020,1,3,7,0,4.333333333333333,91.0,0,1661,676,0,86537.0
0,2,4,1,3,1,0.0,1,1,1,1,1,1,1,2026,1,5,13,1,0.0,0.0,1,1679,1611,0,130053.0
5,0,5,4,1,2,10.0,1,1,1,0,0,0,1,2025,1,2,3,0,5.0,30.0,0,1682,1494,0,130416.0
1,1,1,3,1,1,7.0,1,0,1,1,1,0,5,2021,1,3,8,1,2.333333333333333,56.0,0,1714,1531,0,83355.0
2,0,0,1,0,1,9.0,0,0,0,1,0,0,3,2020,1,1,3,0,9.0,27.0,0,1626,1567,0,98880.0
1,0,3,5,2,3,13.0,2,1,1,0,1,1,9,2020,2,4,10,0,3.25,130.0,0,1714,1551,0,120710.0
0,0,5,5,1,3,13.0,0,0,0,0,1,0,6,2024,2,1,4,0,13.0,52.0,0,1679,1494,0,150339.0
1,0,4,5,2,3,7.0,1,0,0,1,1,1,2,2022,2,3,10,1,2.333333333333333,70.0,1,1714,1611,0,123330.0
0,2,0,5,0,3,7.0,1,0,0,1,1,0,7,2022,2,2,7,1,3.5,49.0,0,1679,1567,1,165193.0
2,2,2,3,2,1,3.0,1,1,1,1,0,0,3,2021,2,3,6,0,1.0,18.0,0,1626,1595,0,63742.0
3,1,3,5,2,3,3.0,0,1,1,0,0,1,6,2021,2,3,6,0,1.0,18.0,0,1623,1551,0,124117.0
3,2,4,6,2,1,5.0,2,0,1,1,0,1,10,2025,2,3,7,0,1.6666666666666667,35.0,1,1623,1611,0,61691.0
0,2,5,2,1,2,10.0,1,0,1,1,1,1,4,2025,2,4,11,1,2.5,110.0,1,1679,1494,0,158900.0
1,0,5,1,1,1,7.0,0,1,1,1,1,1,8,2021,1,5,13,1,1.4,91.0,1,1714,1494,0,77302.0
4,1,3,5,0,2,10.0,0,0,1,1,1,0,12,2021,1,3,8,1,3.333333333333333,80.0,0,1661,1551,0,107433.0
5,0,4,1,0,3,7.0,0,1,0,1,1,1,9,2024,0,4,12,1,1.75,84.0,1,1682,1611,1,199833.0
5,2,0,5,1,2,14.0,3,0,1,1,1,0,2,2025,0,3,8,1,4.666666666666667,112.0,0,1682,1567,0,125977.0
3,0,3,4,1,2,8.0,0,0,0,0,1,1,11,2020,0,2,7,0,4.0,56.0,0,1623,1551,0,123057.0
0,2,6,6,2,1,6.0,1,0,0,0,1,1,7,2024,0,2,7,0,3.0,42.0,0,1679,676,0,114046.0
5,1,5,3,2,3,11.0,0,0,1,1,0,1,10,2022,0,3,7,0,3.6666666666666665,77.0,1,1682,1494,1,163667.0
4,3,0,0,2,1,0.0,1,0,0,1,0,0,2,2025,1,1,3,0,0.0,0.0,0,1661,1567,0,61640.0
5,2,3,3,0,3,3.0,2,0,1,1,0,0,7,2020,1,2,4,0,1.5,12.0,0,1682,1551,0,154059.0
3,0,3,6,1,4,12.0,3,1,1,0,1,1,8,2020,1,4,10,0,3.0,120.0,0,1623,1551,0,124416.0
0,0,0,7,1,3,10.0,1,1,0,0,0,0,10,2020,1,1,2,0,10.0,20.0,0,1679,1567,0,150827.0
0,2,2,6,2,3,6.0,1,1,0,0,1,1,4,2021,1,3,9,0,2.0,54.0,0,1679,1595,1,168290.0
3,0,5,3,0,4,7.0,2,0,0,1,1,1,1,2026,1,3,10,1,2.333333333333333,70.0,1,1623,1494,0,137036.0
1,1,0,6,0,3,0.0,2,0,0,0,1,0,3,2026,1,1,4,0,0.0,0.0,0,1714,1567,0,113700.0
2,2,1,3,0,1,10.0,0,0,1,1,0,0,5,2020,1,2,4,0,5.0,40.0,0,1626,1531,0,61640.0
4,0,4,0,3,2,12.0,2,1,0,1,1,0,10,2023,1,3,9,1,4.0,108.0,0,1661,1611,0,113873.0
1,3,3,3,2,3,14.0,0,0,1,0,0,0,1,2022,2,1,1,0,14.0,14.0,0,1714,1551,0,101050.0
5,1,4,4,2,4,13.0,0,0,0,0,0,1,10,2023,2,1,3,0,13.0,39.0,0,1682,1611,0,127497.0
0,2,3,3,1,3,7.0,0,1,1,1,0,1,10,2021,2,4,9,0,1.75,63.0,1,1679,1551,1,168823.0
0,2,6,7,2,3,2.0,1,0,0,0,0,1,6,2024,2,1,3,0,2.0,6.0,0,1679,676,0,158322.0
4,2,6,5,2,1,1.0,2,1,0,0,1,0,8,2020,2,2,6,0,0.5,6.0,0,1661,676,0,61640.0
0,0,6,1,0,3,7.0,1,0,0,1,0,1,8,2026,2,2,6,0,3.5,42.0,1,1679,676,1,189066.0
2,2,5,0,1,4,5.0,1,1,1,1,0,1,11,2025,2,4,9,0,1.25,45.0,1,1626,1494,0,78861.0
1,1,3,1,2,3,8.0,2,0,1,0,0,1,11,2020,2,2,4,0,4.0,32.0,0,1714,1551,0,109271.0
5,0,3,4,0,0,5.0,1,0,0,1,0,1,11,2021,2,2,6,0,2.5,30.0,1,1682,1551,0,139244.0
2,2,1,3,2,1,7.0,2,0,1,1,0,0,2,2025,2,2,4,0,3.5,28.0,0,1626,1531,0,62768.0
3,0,1,5,2,2,8.0,0,0,1,1,1,0,10,2020,2,3,8,1,2.6666666666666665,64.0,0,1623,1531,0,113873.0
5,0,1,2,2,1,7.0,1,1,1,1,1,0,1,2020,2,4,10,1,1.75,70.0,0,1682,1531,0,140509.0
0,0,2,1,2,2,7.0,0,0,0,0,0,1,11,2025,2,1,3,0,7.0,21.0,0,1679,1595,0,143493.0
1,0,4,4,1,3,9.0,1,0,1,1,0,1,1,2022,2,3,7,0,3.0,63.0,1,1714,1611,0,124748.0
2,0,3,5,2,1,11.0,0,0,1,1,0,1,7,2024,2,3,7,0,3.6666666666666665,77.0,1,1626,1551,0,64436.0
0,1,5,1,0,2,13.3,2,1,1,0,1,0,7,2022,2,3,7,0,4.433333333333334,93.1,0,1679,1494,0,133181.0
3,0,1,6,2,1,7.0,0,1,0,1,1,1,5,2020,0,4,12,1,1.75,84.0,1,1623,1531,0,85695.0
3,1,2,0,1,0,12.0,1,1,1,1,0,0,5,2020,0,3,6,0,4.0,72.0,0,1623,1595,0,61647.0
0,2,0,5,1,1,2.0,0,0,1,1,0,1,1,2020,0,3,7,0,0.6666666666666666,14.0,1,1679,1567,0,116197.0
5,0,3,2,1,2,3.0,2,1,0,1,0,0,1,2022,0,2,5,0,1.5,15.0,0,1682,1551,0,133954.0
2,0,5,7,1,2,7.0,1,0,1,1,1,0,2,2021,0,3,8,1,2.333333333333333,56.0,0,1626,1494,0,91090.0
0,2,5,2,2,2,10.0,1,0,0,0,0,1,4,2020,0,1,3,0,10.0,30.0,0,1679,1494,0,126251.0
4,3,3,2,0,2,5.0,1,1,1,1,0,0,10,2021,0,3,6,0,1.6666666666666667,30.0,0,1661,1551,0,111873.0
0,1,0,1,2,2,7.0,0,1,0,1,1,1,6,2025,0,4,12,1,1.75,84.0,1,1679,1567,0,143588.0
2,2,0,3,2,2,6.0,2,1,0,1,0,0,1,2024,0,2,5,0,3.0,30.0,0,1626,1567,1,202887.5
3,0,3,2,0,3,6.0,2,0,0,1,0,1,1,2023,0,2,6,0,3.0,36.0,1,1623,1551,0,148710.0
5,1,4,4,1,3,6.0,0,0,1,1,0,0,9,2026,0,2,4,0,3.0,24.0,0,1682,1611,0,113873.0
1,0,3,3,2,3,0.0,3,0,1,0,1,1,2,2025,0,3,8,0,0.0,0.0,0,1714,1551,0,113873.0
0,0,3,4,1,3,7.0,1,1,0,0,1,1,10,2026,0,3,9,0,2.333333333333333,63.0,0,1679,1551,1,202887.5
5,1,2,6,1,3,7.0,0,0,0,0,0,1,10,2026,0,1,3,0,7.0,21.0,0,1682,1595,0,150778.0
1,1,4,4,2,2,5.0,2,1,1,1,0,1,12,2025,0,4,9,0,1.25,45.0,1,1714,1611,0,87765.0
1,1,2,4,1,3,13.0,0,1,1,0,1,0,3,2025,0,3,7,0,4.333333333333333,91.0,0,1714,1595,0,119816.0
4,0,5,5,1,3,6.0,0,0,0,1,0,0,12,2026,1,1,3,0,6.0,18.0,0,1661,1494,0,114183.0
2,1,6,7,2,1,3.0,0,0,1,1,0,0,12,2024,1,2,4,0,1.5,12.0,0,1626,676,0,78692.0
5,0,5,0,1,4,1.0,1,0,0,1,0,0,3,2022,1,1,3,0,1.0,3.0,0,1682,1494,1,170500.0
1,0,0,5,1,3,12.0,2,0,0,0,0,1,8,2020,2,1,3,0,12.0,36.0,0,1714,1567,0,103100.0
0,2,5,0,2,1,2.4,2,0,1,1,1,1,7,2022,2,4,11,1,0.6,26.4,1,1679,1494,0,61640.0
5,2,1,4,0,1,2.0,1,0,0,0,0,1,7,2026,2,1,3,0,2.0,6.0,0,1682,1531,0,61640.0
0,0,3,6,1,1,2.0,0,0,1,1,1,0,1,2026,2,3,8,1,0.6666666666666666,16.0,0,1679,1551,0,142262.0
4,2,1,2,1,3,4.0,0,0,1,1,1,0,1,2026,2,3,8,1,1.3333333333333333,32.0,0,1661,1531,0,131377.0
1,2,1,1,1,1,4.0,0,0,0,0,1,0,7,2022,2,1,4,0,4.0,16.0,0,1714,1531,0,61640.0
0,0,4,5,1,1,14.0,0,0,0,1,0,0,7,2020,2,1,3,0,14.0,42.0,0,1679,1611,0,136182.0
2,2,4,6,1,3,7.0,1,1,1,1,1,1,11,2021,2,5,13,1,1.4,91.0,1,1626,1611,0,140430.0
1,0,3,0,2,2,3.0,1,1,0,1,1,1,1,2026,2,4,12,1,0.75,36.0,1,1714,1551,0,138351.0
5,0,2,5,2,2,12.0,0,1,1,1,0,1,3,2024,2,4,9,0,3.0,108.0,1,1682,1595,0,150121.0
1,2,4,3,1,2,7.0,3,0,1,1,0,0,4,2020,2,2,4,0,3.5,28.0,0,1714,1611,0,87792.0
0,0,2,5,0,3,7.0,0,1,1,1,1,1,2,2023,2,5,13,1,1.4,91.0,1,1679,1595,1,165535.0
2,0,5,2,0,1,7.0,0,0,1,1,1,0,4,2022,2,3,8,1,2.333333333333333,56.0,0,1626,1494,0,67347.0
4,1,2,6,0,1,6.0,1,0,1,0,0,0,9,2025,1,1,1,0,6.0,6.0,0,1661,1595,0,61640.0
0,1,1,0,0,3,11.0,0,0,1,1,1,0,5,2025,1,3,8,1,3.6666666666666665,88.0,0,1679,1531,0,155108.0
2,0,1,1,0,4,14.0,2,1,0,1,0,1,5,2023,1,3,8,0,4.666666666666667,112.0,1,1626,1531,0,95843.0
1,0,5,4,2,3,11.0,2,1,0,1,1,0,3,2021,1,3,9,1,3.6666666666666665,99.0,0,1714,1494,0,113873.0
0,0,3,2,3,2,5.9,3,1,1,0,0,0,4,2022,1,2,3,0,2.95,17.700000000000003,0,1679,1551,0,113873.0
0,1,5,1,0,4,9.0,1,0,0,0,1,1,1,2024,1,2,7,0,4.5,63.0,0,1679,1494,0,113873.0
1,1,0,6,2,2,7.0,1,0,1,0,1,1,9,2025,1,3,8,0,2.333333333333333,56.0,0,1714,1567,0,103098.0
2,0,2,5,1,1,4.0,3,1,0,1,0,1,8,2023,0,3,8,0,1.3333333333333333,32.0,1,1626,1595,0,78392.0
4,1,3,2,2,2,9.0,1,0,1,1,0,0,9,2025,0,2,4,0,4.5,36.0,0,1661,1551,0,91863.0
0,1,3,4,2,3,11.0,0,0,0,0,1,0,10,2020,0,1,4,0,11.0,44.0,0,1679,1551,0,151185.0
0,0,0,5,0,2,2.0,2,1,1,1,1,0,6,2020,0,4,10,1,0.5,20.0,0,1679,1567,1,167237.0
5,0,6,4,0,2,6.0,1,1,0,1,1,0,11,2023,0,3,9,1,2.0,54.0,0,1682,676,0,143259.0
1,0,2,4,1,3,7.0,0,1,1,0,0,0,2,2023,2,2,3,0,3.5,21.0,0,1714,1595,0,118759.0
0,1,5,1,3,1,0.0,1,0,0,1,0,1,4,2026,2,2,6,0,0.0,0.0,1,1679,1494,0,117553.0
1,0,0,0,0,2,7.0,0,1,1,1,0,1,10,2023,2,4,9,0,1.75,63.0,1,1714,1567,0,119609.0
5,1,4,3,1,3,7.0,3,1,1,1,1,0,12,2022,2,4,10,1,1.75,70.0,0,1682,1611,1,173206.0
5,0,1,6,2,1,7.0,1,1,1,1,0,1,6,2026,2,4,9,0,1.75,63.0,1,1682,1531,0,133086.0
3,0,5,3,2,4,12.0,2,1,0,0,0,0,12,2022,2,1,2,0,12.0,24.0,0,1623,1494,1,202887.5
1,0,5,5,2,2,7.0,0,0,1,0,0,1,11,2023,2,2,4,0,3.5,28.0,0,1714,1494,0,108812.0
1,0,4,4,1,1,10.0,1,0,1,0,1,1,6,2024,2,3,8,0,3.333333333333333,80.0,0,1714,1611,0,85673.0
2,2,2,3,2,1,7.7,2,1,1,1,1,1,12,2023,2,5,13,1,1.54,100.1,1,1626,1595,0,72000.0
5,0,6,0,0,1,7.0,1,0,0,1,1,1,10,2021,2,3,10,1,2.333333333333333,70.0,1,1682,676,0,138866.0
4,0,3,3,2,2,7.0,1,1,0,0,0,0,10,2024,2,1,2,0,7.0,14.0,0,1661,1551,0,72384.0
3,0,1,2,1,1,4.0,2,0,0,1,1,1,9,2023,2,3,10,1,1.3333333333333333,40.0,1,1623,1531,0,110587.0
4,2,2,4,0,2,2.0,0,1,0,1,0,0,4,2023,2,2,5,0,1.0,10.0,0,1661,1595,0,92079.0
1,2,0,2,2,2,5.1,1,1,1,0,0,1,5,2023,2,3,6,0,1.7,30.6,0,1714,1567,0,80965.0
4,0,4,7,3,3,11.0,0,1,1,0,1,1,7,2026,2,4,10,0,2.75,110.0,0,1661,1611,0,127019.0
4,1,2,5,1,3,8.0,2,1,1,0,0,0,4,2021,2,2,3,0,4.0,24.0,0,1661,1595,0,103469.0
5,2,1,5,1,2,3.0,2,1,1,1,1,1,11,2024,2,5,13,1,0.6,39.0,1,1682,1531,0,151307.0
2,0,1,6,1,2,2.0,0,0,1,1,0,0,10,2021,2,2,4,0,1.0,8.0,0,1626,1531,0,121954.0
2,3,1,7,0,2,8.0,0,1,0,1,0,0,11,2025,2,2,5,0,4.0,40.0,0,1626,1531,0,113991.0
5,3,6,4,0,4,14.0,0,1,1,1,1,1,6,2025,2,5,13,1,2.8,182.0,1,1682,676,1,196128.0
4,2,2,7,1,4,7.0,3,1,0,1,0,1,12,2022,2,3,8,0,2.333333333333333,56.0,1,1661,1595,0,97270.0
4,0,5,4,1,3,9.0,2,1,0,1,0,1,7,2021,2,3,8,0,3.0,72.0,1,1661,1494,0,142202.0
1,2,6,1,2,3,2.0,0,0,1,0,0,0,6,2020,2,1,1,0,2.0,2.0,0,1714,676,0,102722.0
5,0,0,4,2,1,1.0,0,0,0,1,1,1,10,2024,2,3,10,1,0.3333333333333333,10.0,1,1682,1567,0,153138.0
0,1,5,3,2,1,7.0,2,0,1,1,0,1,12,2020,0,3,7,0,2.333333333333333,49.0,1,1679,1494,0,113873.0
0,0,1,5,0,1,7.0,2,0,0,1,0,1,5,2025,0,2,6,0,3.5,42.0,1,1679,1531,0,136842.0
1,0,5,1,1,3,4.0,2,0,1,0,1,1,1,2021,0,3,8,0,1.3333333333333333,32.0,0,1714,1494,0,158120.0
0,0,5,7,2,2,12.0,1,0,1,0,1,1,10,2025,0,3,8,0,4.0,96.0,0,1679,1494,0,145517.0
1,0,1,7,1,2,4.0,2,1,1,1,0,1,9,2026,0,4,9,0,1.0,36.0,1,1714,1531,0,110604.0
0,1,6,5,1,3,7.0,0,0,1,1,0,0,12,2023,0,2,4,0,3.5,28.0,0,1679,676,0,159563.0
4,2,2,0,2,1,8.0,2,0,0,1,1,1,10,2021,0,3,10,1,2.6666666666666665,80.0,1,1661,1595,0,91712.0
5,0,0,5,1,1,11.1,3,1,0,0,0,1,6,2020,0,2,5,0,5.55,55.5,0,1682,1567,0,61640.0
0,0,1,0,2,2,0.0,2,0,1,0,1,1,8,2020,1,3,8,0,0.0,0.0,0,1679,1531,0,157952.0
1,0,1,1,0,3,10.0,0,0,0,1,1,1,1,2021,2,3,10,1,3.333333333333333,100.0,1,1714,1531,0,105382.0
3,1,3,0,0,1,3.0,3,1,0,1,0,1,7,2020,1,3,8,0,1.0,24.0,1,1623,1551,0,61640.0
0,2,1,0,2,3,12.0,0,0,1,0,0,1,2,2025,1,2,4,0,6.0,48.0,0,1679,1531,0,152800.0
3,2,0,5,0,3,9.0,1,1,0,0,0,1,4,2025,1,2,5,0,4.5,45.0,0,1623,1567,0,107475.0
0,0,1,2,3,3,5.0,1,1,1,0,0,0,4,2021,1,2,3,0,2.5,15.0,0,1679,1531,1,163799.0
0,1,0,3,1,1,9.0,2,1,0,1,0,1,4,2021,1,3,8,0,3.0,72.0,1,1679,1567,1,202887.5
2,2,6,1,1,2,6.0,0,0,0,0,1,1,1,2021,1,2,7,0,3.0,42.0,0,1626,676,0,113873.0
4,0,2,5,0,2,12.0,2,0,1,1,0,1,7,2021,1,3,7,0,4.0,84.0,1,1661,1595,0,117226.0
0,1,2,7,0,2,0.0,2,0,1,1,0,1,1,2024,1,3,7,0,0.0,0.0,1,1679,1595,0,141908.0
1,2,3,5,2,2,10.0,1,1,1,1,0,0,8,2025,1,3,6,0,3.333333333333333,60.0,0,1714,1551,0,94800.0
0,0,5,0,0,3,7.0,1,0,1,0,0,0,8,2025,1,1,1,0,7.0,7.0,0,1679,1494,0,158600.0
4,0,3,3,0,3,11.0,2,0,0,1,0,0,1,2022,1,1,3,0,11.0,33.0,0,1661,1551,0,112730.0
1,0,4,1,1,2,7.0,1,0,1,1,0,1,5,2021,1,3,7,0,2.333333333333333,49.0,1,1714,1611,0,79863.0
4,3,5,5,3,1,11.0,0,0,0,1,1,0,12,2022,1,2,7,1,5.5,77.0,0,1661,1494,0,84734.0
5,0,5,4,0,1,3.0,2,1,1,0,1,0,12,2026,0,3,7,0,1.0,21.0,0,1682,1494,0,123151.0
5,2,0,3,1,1,4.0,0,1,1,1,0,0,6,2022,0,3,6,0,1.3333333333333333,24.0,0,1682,1567,0,61640.0
0,1,0,7,0,1,3.0,3,1,1,1,0,1,2,2025,0,4,9,0,0.75,27.0,1,1679,1567,0,115171.0
3,0,0,6,2,1,4.0,1,0,1,1,0,0,9,2022,1,2,4,0,2.0,16.0,0,1623,1567,0,74177.0
0,3,0,5,2,1,14.0,2,1,0,0,1,0,1,2024,1,2,6,0,7.0,84.0,0,1679,1567,0,61640.0
4,2,1,6,0,1,7.0,1,0,1,1,0,1,10,2024,1,3,7,0,2.333333333333333,49.0,1,1661,1531,0,63129.0
2,3,2,2,2,3,0.0,0,1,0,1,1,1,4,2025,1,4,12,1,0.0,0.0,1,1626,1595,0,140904.0
3,1,5,0,1,2,12.0,2,0,0,0,1,0,10,2025,1,1,4,0,12.0,48.0,0,1623,1494,0,91914.0
3,2,1,1,2,2,7.0,1,0,0,1,1,0,1,2020,1,2,7,1,3.5,49.0,0,1623,1531,0,104828.0
5,0,1,4,2,1,8.0,2,1,0,0,0,1,1,2022,1,2,5,0,4.0,40.0,0,1682,1531,0,123217.0
3,1,0,5,0,2,7.0,2,1,0,0,1,0,11,2021,0,2,6,0,3.5,42.0,0,1623,1567,0,101300.0
0,3,5,0,1,3,1.0,0,0,1,1,1,0,5,2021,0,3,8,1,0.3333333333333333,8.0,0,1679,1494,0,157658.0
3,3,1,4,0,3,14.0,1,0,1,0,0,1,1,2023,0,2,4,0,7.0,56.0,0,1623,1531,0,129016.0
4,2,1,2,1,2,7.0,0,1,0,1,0,0,1,2023,0,2,5,0,3.5,35.0,0,1661,1531,0,86979.0
2,0,0,2,2,1,6.0,2,0,1,0,0,1,1,2021,0,2,4,0,3.0,24.0,0,1626,1567,0,61640.0
5,1,2,4,0,1,0.0,1,0,0,1,1,1,1,2020,0,3,10,1,0.0,0.0,1,1682,1595,0,134210.0
3,0,2,1,3,3,5.0,1,1,0,1,0,1,3,2022,0,3,8,0,1.6666666666666667,40.0,1,1623,1595,0,132941.0
0,0,2,2,2,1,10.0,1,1,0,0,1,0,12,2022,0,2,6,0,5.0,60.0,0,1679,1595,0,113873.0
2,0,3,3,0,3,0.0,0,0,1,1,1,0,3,2020,1,3,8,1,0.0,0.0,0,1626,1551,0,111024.0
1,0,3,1,2,3,8.3,1,0,0,1,1,1,1,2023,1,3,10,1,2.766666666666667,83.0,1,1714,1551,0,136500.0
3,0,0,7,2,2,4.0,0,0,0,1,0,1,9,2020,1,2,6,0,2.0,24.0,1,1623,1567,0,122065.0
1,2,1,4,0,1,7.0,0,1,1,1,0,0,3,2024,1,3,6,0,2.333333333333333,42.0,0,1714,1531,0,81847.0
2,0,2,2,1,2,1.0,1,1,1,0,0,1,2,2021,1,3,6,0,0.3333333333333333,6.0,0,1626,1595,1,202887.5
0,1,3,1,0,3,0.0,1,0,0,1,1,0,2,2026,1,2,7,1,0.0,0.0,0,1679,1551,1,167187.0
1,0,0,1,1,2,1.0,3,1,1,1,0,1,6,2023,1,4,9,0,0.25,9.0,1,1714,1567,0,123720.0
1,2,3,5,0,3,11.0,2,1,0,1,0,1,6,2024,1,3,8,0,3.6666666666666665,88.0,1,1714,1551,0,117330.0
4,1,4,6,2,3,1.0,0,0,0,0,0,1,6,2025,1,1,3,0,1.0,3.0,0,1661,1611,0,109500.0
4,2,3,0,0,4,0.0,0,1,0,1,0,0,1,2026,1,2,5,0,0.0,0.0,0,1661,1551,0,75052.0
1,0,1,6,2,2,7.0,1,1,0,1,0,1,10,2022,1,3,8,0,2.333333333333333,56.0,1,1714,1531,0,113873.0
1,3,5,2,0,3,5.0,2,0,1,1,0,1,1,2025,1,3,7,0,1.6666666666666667,35.0,1,1714,1494,0,120812.0
0,1,4,4,2,1,14.0,1,0,1,0,0,1,1,2021,1,2,4,0,7.0,56.0,0,1679,1611,0,61640.0
3,2,0,6,1,1,7.0,3,1,1,1,0,1,1,2023,1,4,9,0,1.75,63.0,1,1623,1567,0,78298.0
0,0,1,2,1,3,8.0,1,0,1,1,0,1,11,2021,1,3,7,0,2.6666666666666665,56.0,1,1679,1531,0,113873.0
2,2,0,6,2,3,8.0,1,1,0,0,1,0,10,2022,1,2,6,0,4.0,48.0,0,1626,1567,0,119556.0
5,0,0,3,0,3,7.0,1,1,1,0,0,0,5,2020,1,2,3,0,3.5,21.0,0,1682,1567,0,138896.0
4,3,1,6,0,2,7.0,0,0,0,1,1,1,6,2025,1,3,10,1,2.333333333333333,70.0,1,1661,1531,0,115446.0
5,2,1,4,2,1,7.0,0,1,1,1,1,0,4,2021,1,4,10,1,1.75,70.0,0,1682,1531,0,124890.0
5,2,3,1,0,2,3.0,2,0,0,1,0,0,2,2022,1,1,3,0,3.0,9.0,0,1682,1551,0,133282.0
2,2,0,2,1,2,12.0,2,0,1,1,0,1,5,2021,1,3,7,0,4.0,84.0,1,1626,1567,0,87155.0
1,1,3,4,0,1,11.0,0,0,1,1,1,0,12,2020,1,3,8,1,3.6666666666666665,88.0,0,1714,1551,0,77692.0
0,0,4,6,1,2,7.0,1,1,0,1,1,0,2,2025,0,3,9,1,2.333333333333333,63.0,0,1679,1611,0,113873.0
2,2,2,5,2,1,12.0,3,0,0,0,1,0,3,2025,0,1,4,0,12.0,48.0,0,1626,1595,0,64993.0
2,1,6,6,1,3,9.0,1,0,0,1,1,0,8,2025,0,2,7,1,4.5,63.0,0,1626,676,0,117160.0
1,3,5,7,1,1,1.0,1,0,0,1,1,1,2,2023,0,3,10,1,0.3333333333333333,10.0,1,1714,1494,0,99600.0
2,2,4,3,3,3,6.0,0,0,0,0,0,1,9,2026,0,1,3,0,6.0,18.0,0,1626,1611,0,107374.0
2,0,5,1,2,2,8.0,2,1,0,0,1,1,2,2021,0,3,9,0,2.6666666666666665,72.0,0,1626,1494,0,113873.0
2,2,1,0,1,2,6.0,1,0,1,1,0,1,12,2022,0,3,7,0,2.0,42.0,1,1626,1531,0,86451.0
5,2,4,6,1,1,0.0,0,1,1,1,0,1,1,2022,0,4,9,0,0.0,0.0,1,1682,1611,0,116606.0
5,2,3,1,3,1,9.0,0,1,0,0,0,0,10,2026,0,1,2,0,9.0,18.0,0,1682,1551,0,107163.0
1,0,4,1,2,4,10.0,3,1,0,1,0,1,9,2021,0,3,8,0,3.333333333333333,80.0,1,1714,1611,0,121693.0
1,1,2,6,0,1,7.0,0,0,1,0,1,0,8,2022,0,2,5,0,3.5,35.0,0,1714,1595,0,63659.0
1,0,0,6,0,4,8.0,1,0,1,0,1,1,2,2021,0,3,8,0,2.6666666666666665,64.0,0,1714,1567,0,131900.0
3,0,2,6,1,1,3.8,2,1,1,0,1,1,9,2023,1,4,10,0,0.95,38.0,0,1623,1595,0,66097.0
5,1,3,3,3,3,3.0,2,0,1,1,0,0,9,2022,1,2,4,0,1.5,12.0,0,1682,1551,0,150571.0
5,1,1,7,0,3,12.0,2,1,1,1,1,1,7,2020,1,5,13,1,2.4,156.0,1,1682,1531,0,160656.0
4,1,0,6,2,1,6.0,3,0,0,1,1,1,7,2022,1,3,10,1,2.0,60.0,1,1661,1567,0,86958.0
0,0,0,0,1,3,4.0,2,0,0,1,0,0,1,2022,0,1,3,0,4.0,12.0,0,1679,1567,0,113873.0
3,0,4,1,0,3,13.0,1,1,0,0,1,1,3,2021,0,3,9,0,4.333333333333333,117.0,0,1623,1611,0,61640.0
1,0,4,4,1,3,7.0,1,0,1,1,1,1,10,2022,0,4,11,1,1.75,77.0,1,1714,1611,0,139817.0
4,2,3,6,1,3,5.0,2,1,1,1,0,1,1,2022,0,4,9,0,1.25,45.0,1,1661,1551,0,107598.0
0,0,3,3,1,2,11.0,0,0,0,1,0,0,10,2021,0,1,3,0,11.0,33.0,0,1679,1551,0,61640.0
0,0,5,6,1,1,13.0,1,1,1,1,0,1,10,2025,0,4,9,0,3.25,117.0,1,1679,1494,0,131044.0
2,0,5,7,2,0,3.0,0,0,0,0,0,1,5,2020,0,1,3,0,3.0,9.0,0,1626,1494,0,66689.0
1,1,1,6,2,2,1.0,0,1,0,1,1,0,9,2020,0,3,9,1,0.3333333333333333,9.0,0,1714,1531,1,202887.5
2,2,3,4,2,1,10.0,0,1,1,0,1,1,4,2021,2,4,10,0,2.5,100.0,0,1626,1551,0,113873.0
3,2,4,7,0,3,1.1,2,0,0,1,0,1,5,2021,2,2,6,0,0.55,6.6000000000000005,1,1623,1611,0,113784.0
2,0,0,6,1,1,3.0,0,1,0,0,0,1,6,2025,2,2,5,0,1.5,15.0,0,1626,1567,0,61640.0
4,1,5,2,3,2,14.6,0,1,1,1,0,0,2,2025,2,3,6,0,4.866666666666666,87.6,0,1661,1494,0,90566.0
3,2,0,7,1,2,0.0,1,0,0,1,0,1,1,2022,2,2,6,0,0.0,0.0,1,1623,1567,0,96688.0
0,2,0,3,1,1,11.0,2,1,0,1,1,1,1,2026,2,4,12,1,2.75,132.0,1,1679,1567,0,110944.0
5,2,4,4,1,3,5.0,0,0,0,1,0,1,11,2020,2,2,6,0,2.5,30.0,1,1682,1611,1,166953.0
3,0,2,4,1,1,7.0,2,0,1,0,1,0,1,2023,2,2,5,0,3.5,35.0,0,1623,1595,0,83447.0
2,1,5,5,2,2,2.0,0,1,0,0,0,0,1,2023,2,1,2,0,2.0,4.0,0,1626,1494,0,75888.0
4,0,6,1,1,3,13.3,1,0,1,1,1,1,3,2021,2,4,11,1,3.325,146.3,1,1661,676,0,139703.0
0,1,5,0,2,2,8.8,2,1,1,0,0,1,4,2024,2,3,6,0,2.9333333333333336,52.8,0,1679,1494,0,144478.0
5,2,5,3,1,2,7.0,2,0,1,1,0,0,10,2020,0,2,4,0,3.5,28.0,0,1682,1494,0,113360.0
3,2,4,0,2,3,7.0,0,1,1,1,1,0,12,2026,0,4,10,1,1.75,70.0,0,1623,1611,0,129214.0
2,1,0,7,0,3,7.0,1,1,0,1,1,1,4,2024,0,4,12,1,1.75,84.0,1,1626,1567,0,143305.0
2,0,5,5,2,3,2.0,1,1,1,1,0,1,5,2021,0,4,9,0,0.5,18.0,1,1626,1494,0,123593.0
0,1,4,3,1,3,0.0,3,0,0,1,1,0,2,2024,0,2,7,1,0.0,0.0,0,1679,1611,1,167693.0
5,2,2,6,2,2,13.0,3,1,0,1,0,0,5,2022,0,2,5,0,6.5,65.0,0,1682,1595,0,130578.0
1,0,2,3,2,1,9.0,2,0,0,0,0,1,12,2023,0,1,3,0,9.0,27.0,0,1714,1595,0,71397.0
0,2,0,6,0,1,7.0,2,1,1,1,0,1,6,2023,1,4,9,0,1.75,63.0,1,1679,1567,0,119100.0
4,3,4,6,0,1,2.0,0,0,1,1,0,0,5,2021,1,2,4,0,1.0,8.0,0,1661,1611,0,61640.0
1,2,1,6,1,3,7.0,2,1,0,1,1,1,7,2022,1,4,12,1,1.75,84.0,1,1714,1531,0,135044.0
4,0,5,7,0,2,3.0,0,1,0,0,0,0,7,2021,1,1,2,0,3.0,6.0,0,1661,1494,0,92314.0
1,0,5,4,0,2,10.0,2,1,0,1,0,0,10,2025,2,2,5,0,5.0,50.0,0,1714,1494,0,94249.0
3,2,1,6,2,3,7.0,3,0,1,1,0,0,1,2026,0,2,4,0,3.5,28.0,0,1623,1531,0,130164.0
4,0,1,0,1,1,12.0,1,0,1,0,1,0,1,2022,0,2,5,0,6.0,60.0,0,1661,1531,0,84525.0
0,0,0,2,1,3,7.0,2,0,0,0,0,1,10,2024,0,1,3,0,7.0,21.0,0,1679,1567,1,174535.0
2,0,0,4,2,2,7.0,3,1,0,0,0,1,2,2024,0,2,5,0,3.5,35.0,0,1626,1567,0,76844.0
2,2,4,6,2,3,10.0,0,0,1,1,0,0,7,2026,0,2,4,0,5.0,40.0,0,1626,1611,0,133861.0
3,0,1,7,1,3,6.0,3,1,1,1,0,1,1,2021,0,4,9,0,1.5,54.0,1,1623,1531,0,122506.0
5,1,0,7,1,1,7.0,0,1,0,0,1,1,1,2023,0,3,9,0,2.333333333333333,63.0,0,1682,1567,0,113180.0
1,1,3,0,1,1,8.0,1,1,1,1,0,1,1,2025,0,4,9,0,2.0,72.0,1,1714,1551,0,73985.0
3,0,0,4,0,1,1.0,1,1,0,1,1,1,4,2024,0,4,12,1,0.25,12.0,1,1623,1567,0,79946.0
0,0,6,0,3,3,8.0,0,1,1,1,0,0,5,2024,0,3,6,0,2.6666666666666665,48.0,0,1679,676,1,175146.0
2,0,3,5,2,3,4.0,0,0,1,0,0,1,5,2024,1,2,4,0,2.0,16.0,0,1626,1551,0,107011.0
0,2,2,4,0,1,2.0,1,0,1,1,1,0,5,2025,1,3,8,1,0.6666666666666666,16.0,0,1679,1595,0,121245.0
0,2,2,3,0,1,1.0,0,1,0,1,0,1,7,2025,1,3,8,0,0.3333333333333333,8.0,1,1679,1595,1,202887.5
5,0,3,2,2,2,7.0,0,0,0,0,1,0,1,2026,1,1,4,0,7.0,28.0,0,1682,1551,0,127297.0
5,0,0,0,1,2,9.0,2,0,1,1,1,1,9,2020,1,4,11,1,2.25,99.0,1,1682,1567,0,156247.0
3,0,2,6,2,2,6.0,1,1,1,0,0,1,10,2023,1,3,6,0,2.0,36.0,0,1623,1595,0,80646.0
0,1,2,4,2,3,9.0,2,1,1,1,0,1,2,2026,0,4,9,0,2.25,81.0,1,1679,1595,1,169738.0
3,2,3,5,0,2,3.0,1,0,1,0,1,1,6,2026,0,3,8,0,1.0,24.0,0,1623,1551,0,99272.0
5,0,2,1,3,2,9.0,2,0,0,1,0,1,10,2025,0,2,6,0,4.5,54.0,1,1682,1595,0,162084.0
4,1,6,5,2,4,7.0,3,0,0,1,0,0,10,2021,1,1,3,0,7.0,21.0,0,1661,676,0,64700.0
4,1,1,6,0,2,0.0,2,0,1,0,1,0,1,2021,1,2,5,0,0.0,0.0,0,1661,1531,0,94987.0
5,1,2,0,3,3,10.0,1,0,1,1,0,1,3,2026,1,3,7,0,3.333333333333333,70.0,1,1682,1595,0,139732.0
1,0,1,3,0,2,0.0,3,0,1,1,0,1,10,2022,1,3,7,0,0.0,0.0,1,1714,1531,0,110620.0
1,1,0,3,1,3,10.0,0,1,1,1,0,0,8,2024,1,3,6,0,3.333333333333333,60.0,0,1714,1567,0,114182.0
4,0,4,7,1,4,8.0,0,0,1,0,1,1,10,2023,1,3,8,0,2.6666666666666665,64.0,0,1661,1611,0,96096.0
2,0,3,3,2,2,11.0,1,0,0,0,1,1,8,2023,1,2,7,0,5.5,77.0,0,1626,1551,0,98606.0
1,0,4,6,2,2,12.0,2,0,0,0,0,1,3,2023,1,1,3,0,12.0,36.0,0,1714,1611,0,89305.0
1,0,0,5,0,3,7.0,1,0,0,1,1,0,5,2021,1,2,7,1,3.5,49.0,0,1714,1567,0,112096.0
5,1,4,5,2,1,5.0,2,0,1,0,0,0,1,2021,1,1,1,0,5.0,5.0,0,1682,1611,0,88372.0
4,0,4,7,0,3,7.0,0,0,0,1,0,1,3,2021,0,2,6,0,3.5,42.0,1,1661,1611,0,147161.0
5,0,1,7,1,1,9.0,3,1,1,1,0,0,1,2023,0,3,6,0,3.0,54.0,0,1682,1531,0,127645.0
3,0,1,3,2,3,7.0,1,0,1,1,0,1,8,2025,0,3,7,0,2.333333333333333,49.0,1,1623,1531,0,147234.0
4,1,0,6,0,2,9.0,2,0,1,0,1,1,2,2022,2,3,8,0,3.0,72.0,0,1661,1567,0,86700.0
3,2,0,5,1,3,3.0,1,1,1,1,0,1,7,2022,2,4,9,0,0.75,27.0,1,1623,1567,0,135200.0
3,1,1,3,1,2,12.0,1,1,1,0,1,1,8,2023,2,4,10,0,3.0,120.0,0,1623,1531,0,104382.0
0,2,1,6,1,1,3.0,1,1,0,0,0,1,4,2026,2,2,5,0,1.5,15.0,0,1679,1531,0,102261.0
1,2,2,6,1,4,12.6,2,0,0,1,0,1,10,2024,2,2,6,0,6.3,75.6,1,1714,1595,0,102160.0
3,0,6,1,2,4,3.0,0,0,0,1,1,0,11,2026,2,2,7,1,1.5,21.0,0,1623,676,1,202887.5
2,2,3,6,2,1,7.0,2,1,1,1,0,1,11,2025,2,4,9,0,1.75,63.0,1,1626,1551,0,113873.0
0,0,3,3,0,3,2.0,1,0,1,1,0,1,7,2025,2,3,7,0,0.6666666666666666,14.0,1,1679,1551,1,194990.0
5,0,6,5,0,2,10.0,1,1,1,1,0,0,7,2020,2,3,6,0,3.333333333333333,60.0,0,1682,676,0,152665.0
0,1,4,6,1,1,2.0,1,1,0,1,1,1,11,2021,2,4,12,1,0.5,24.0,1,1679,1611,0,129475.0
5,1,1,5,0,2,7.0,1,0,1,1,1,0,12,2024,2,3,8,1,2.333333333333333,56.0,0,1682,1531,0,148326.0
1,2,5,6,2,1,7.0,1,0,1,1,0,1,4,2024,2,3,7,0,2.333333333333333,49.0,1,1714,1494,0,61640.0
5,2,4,7,2,3,14.0,2,0,1,0,1,1,9,2023,2,3,8,0,4.666666666666667,112.0,0,1682,1611,1,164944.0
1,0,2,2,0,2,13.0,1,0,1,1,0,0,1,2023,2,2,4,0,6.5,52.0,0,1714,1595,0,110557.0
3,0,3,2,0,3,2.0,1,0,1,0,1,1,10,2023,2,3,8,0,0.6666666666666666,16.0,0,1623,1551,0,128435.0
5,3,1,3,1,3,3.0,1,1,0,1,1,1,4,2023,2,4,12,1,0.75,36.0,1,1682,1531,1,199735.0
3,1,0,6,0,3,14.0,0,1,1,0,1,0,6,2023,2,3,7,0,4.666666666666667,98.0,0,1623,1567,0,110580.0
2,1,4,1,3,3,8.0,2,0,1,1,0,1,3,2025,2,3,7,0,2.6666666666666665,56.0,1,1626,1611,0,122203.0
0,0,6,5,1,1,12.0,0,1,1,1,1,0,12,2026,2,4,10,1,3.0,120.0,0,1679,676,0,127300.0
3,0,2,3,0,3,2.0,2,1,1,1,1,0,9,2023,2,4,10,1,0.5,20.0,0,1623,1595,0,130058.0
4,0,5,4,0,2,2.0,1,1,1,1,0,0,3,2024,2,3,6,0,0.6666666666666666,12.0,0,1661,1494,0,121665.0
0,1,2,5,2,3,1.0,1,0,1,1,0,0,2,2020,2,2,4,0,0.5,4.0,0,1679,1595,0,157344.0
4,2,4,3,1,3,2.0,2,1,0,1,1,1,5,2022,1,4,12,1,0.5,24.0,1,1661,1611,0,127490.0
4,1,1,1,2,3,1.0,0,0,0,1,1,0,11,2022,1,2,7,1,0.5,7.0,0,1661,1531,0,133230.0
3,2,2,1,1,3,7.0,0,0,1,1,0,0,11,2024,1,2,4,0,3.5,28.0,0,1623,1595,0,114644.0
5,0,5,1,0,4,7.0,1,1,0,0,0,0,2,2021,1,1,2,0,7.0,14.0,0,1682,1494,0,134690.0
4,2,1,0,1,2,8.0,1,0,1,1,0,1,2,2024,2,3,7,0,2.6666666666666665,56.0,1,1661,1531,0,97452.0
5,3,5,5,0,2,2.0,2,1,0,0,1,0,3,2026,2,2,6,0,1.0,12.0,0,1682,1494,1,202887.5
1,0,3,6,1,2,4.0,0,0,1,0,0,0,12,2020,2,1,1,0,4.0,4.0,0,1714,1551,0,88538.0
3,3,2,6,2,2,2.0,2,1,1,0,1,0,11,2024,2,3,7,0,0.6666666666666666,14.0,0,1623,1595,0,89033.0
6,0,4,6,2,1,7.0,0,1,0,1,1,1,12,2020,1,4,12,1,1.75,84.0,1,40,1611,0,79980.0
0,2,4,4,1,3,14.0,0,0,1,1,0,0,1,2026,1,2,4,0,7.0,56.0,0,1679,1611,1,202887.5
4,0,2,3,1,2,13.0,1,1,0,0,0,0,10,2020,1,1,2,0,13.0,26.0,0,1661,1595,0,81878.0
2,1,4,1,1,2,3.0,1,1,1,0,1,1,10,2021,1,4,10,0,0.75,30.0,0,1626,1611,0,104864.0
0,2,5,6,0,3,13.0,0,1,0,0,0,0,7,2020,1,1,2,0,13.0,26.0,0,1679,1494,0,141710.0
0,0,5,2,1,1,1.0,1,0,1,1,1,1,3,2020,1,4,11,1,0.25,11.0,1,1679,1494,0,117792.0
1,0,4,6,2,2,7.0,2,1,0,0,0,1,11,2021,1,2,5,0,3.5,35.0,0,1714,1611,0,113873.0
5,0,1,5,1,3,14.0,2,1,0,0,0,0,4,2023,1,1,2,0,14.0,28.0,0,1682,1531,0,156096.0
3,0,0,7,2,1,13.0,3,1,1,1,0,0,5,2026,1,3,6,0,4.333333333333333,78.0,0,1623,1567,0,69137.0
5,0,5,2,0,1,3.0,2,0,1,1,0,0,5,2026,1,2,4,0,1.5,12.0,0,1682,1494,0,105300.0
0,1,3,6,1,3,7.0,2,1,0,0,1,0,6,2023,1,2,6,0,3.5,42.0,0,1679,1551,0,157400.0
3,0,6,6,1,1,10.0,2,0,1,1,0,0,12,2023,1,2,4,0,5.0,40.0,0,1623,676,0,69136.0
3,0,0,3,0,1,0.0,2,0,1,1,0,0,2,2023,1,2,4,0,0.0,0.0,0,1623,1567,0,61961.0
1,0,3,6,0,1,11.4,1,0,0,0,0,1,2,2022,1,1,3,0,11.4,34.2,0,1714,1551,0,81331.0
1,1,3,4,0,2,7.0,1,1,1,0,0,0,1,2020,1,2,3,0,3.5,21.0,0,1714,1551,0,71944.0
5,2,0,0,0,1,10.0,2,0,0,0,1,0,1,2023,1,1,4,0,10.0,40.0,0,1682,1567,0,107758.0
1,0,4,2,0,2,2.0,2,0,1,1,0,1,10,2020,1,3,7,0,0.6666666666666666,14.0,1,1714,1611,0,96779.0
1,0,4,2,3,2,6.0,2,0,1,0,1,0,11,2021,1,2,5,0,3.0,30.0,0,1714,1611,0,88680.0
1,0,5,3,1,3,9.0,2,1,1,1,1,1,11,2021,1,5,13,1,1.8,117.0,1,1714,1494,0,155100.0
1,0,0,0,2,2,0.0,1,0,1,0,1,0,2,2023,1,2,5,0,0.0,0.0,0,1714,1567,0,85600.0
4,2,2,2,0,3,7.0,1,0,1,1,1,1,3,2026,0,4,11,1,1.75,77.0,1,1661,1595,0,144290.0
1,1,0,6,2,1,1.0,2,0,1,1,1,1,11,2026,0,4,11,1,0.25,11.0,1,1714,1567,0,93484.0
4,1,5,3,1,3,12.0,1,0,1,1,0,1,5,2026,0,3,7,0,4.0,84.0,1,1661,1494,0,105900.0
1,1,1,0,0,3,14.0,0,1,1,0,1,1,1,2024,0,4,10,0,3.5,140.0,0,1714,1531,0,124058.0
5,1,6,3,2,4,6.0,1,0,1,0,1,1,3,2025,0,3,8,0,2.0,48.0,0,1682,676,1,169572.0
5,0,3,4,0,3,4.0,1,1,1,0,1,1,7,2025,1,4,10,0,1.0,40.0,0,1682,1551,1,171398.0
4,2,1,0,2,2,14.0,2,1,0,1,0,1,3,2024,1,3,8,0,4.666666666666667,112.0,1,1661,1531,0,102923.0
2,3,2,6,2,2,2.0,0,0,1,0,0,1,8,2026,1,2,4,0,1.0,8.0,0,1626,1595,0,85855.0
2,0,1,0,2,2,10.0,0,0,1,0,1,1,9,2020,2,3,8,0,3.333333333333333,80.0,0,1626,1531,0,116409.0
3,0,3,3,0,1,14.0,2,0,1,1,1,0,10,2024,2,3,8,1,4.666666666666667,112.0,0,1623,1551,0,101834.0
3,0,2,4,2,1,5.0,0,1,0,1,0,1,9,2024,1,3,8,0,1.6666666666666667,40.0,1,1623,1595,0,78989.0
3,0,5,5,3,3,5.0,0,1,0,0,0,1,9,2025,1,2,5,0,2.5,25.0,0,1623,1494,0,108301.0
4,0,3,3,2,1,7.0,2,1,0,1,1,1,9,2024,1,4,12,1,1.75,84.0,1,1661,1551,0,73500.0
0,0,1,2,3,3,5.7,1,0,1,0,1,0,4,2023,0,2,5,0,2.85,28.5,0,1679,1531,1,202887.5
3,2,3,2,1,3,8.0,1,0,0,1,1,1,4,2020,0,3,10,1,2.6666666666666665,80.0,1,1623,1551,0,135587.0
3,2,5,1,1,4,12.0,0,1,1,0,0,1,3,2021,0,3,6,0,4.0,72.0,0,1623,1494,0,106201.0
2,1,2,5,1,3,4.0,2,1,1,1,0,0,1,2020,0,3,6,0,1.3333333333333333,24.0,0,1626,1595,0,113873.0
0,3,0,1,0,2,1.0,1,1,1,1,0,0,3,2020,0,3,6,0,0.3333333333333333,6.0,0,1679,1567,0,145523.0
2,3,4,7,1,3,14.0,1,0,1,0,0,0,9,2026,0,1,1,0,14.0,14.0,0,1626,1611,0,99008.0
4,0,0,6,0,1,13.0,1,1,1,1,0,0,1,2024,0,3,6,0,4.333333333333333,78.0,0,1661,1567,0,79929.0
2,0,1,2,3,3,5.0,1,1,0,1,1,1,10,2026,0,4,12,1,1.25,60.0,1,1626,1531,0,132022.0
3,0,3,0,2,1,0.0,0,0,1,0,0,0,1,2021,0,1,1,0,0.0,0.0,0,1623,1551,0,65082.0
0,0,5,1,1,3,7.0,0,1,0,1,0,1,11,2024,1,3,8,0,2.333333333333333,56.0,1,1679,1494,0,162181.0
1,0,1,3,0,3,7.0,3,0,0,1,0,1,12,2023,1,2,6,0,3.5,42.0,1,1714,1531,0,140700.0
1,1,5,2,1,3,8.0,1,0,0,1,0,1,10,2022,1,2,6,0,4.0,48.0,1,1714,1494,0,129841.0
3,0,1,1,0,1,13.0,1,1,1,0,0,1,9,2020,1,3,6,0,4.333333333333333,78.0,0,1623,1531,0,61640.0
1,1,5,3,1,1,12.0,1,0,0,1,1,1,9,2023,1,3,10,1,4.0,120.0,1,1714,1494,0,113873.0
4,1,2,3,0,2,7.0,1,0,1,0,0,0,1,2021,1,1,1,0,7.0,7.0,0,1661,1595,0,88943.0
4,0,1,4,2,3,7.0,2,0,0,1,1,0,2,2023,1,2,7,1,3.5,49.0,0,1661,1531,0,113873.0
5,2,4,0,0,2,7.0,2,1,1,0,1,0,12,2020,1,3,7,0,2.333333333333333,49.0,0,1682,1611,0,127122.0
1,2,4,0,0,1,11.0,3,0,1,0,1,1,10,2023,1,3,8,0,3.6666666666666665,88.0,0,1714,1611,0,73853.0
2,0,2,0,2,2,8.0,3,1,1,1,1,0,10,2025,0,4,10,1,2.0,80.0,0,1626,1595,0,101400.0
4,2,5,4,1,1,5.0,2,1,1,1,0,0,2,2020,0,3,6,0,1.6666666666666667,30.0,0,1661,1494,0,69912.0
4,1,1,1,0,1,5.0,1,0,0,1,0,0,12,2022,0,1,3,0,5.0,15.0,0,1661,1531,0,75178.0
2,1,4,0,1,3,3.0,1,0,1,0,0,1,3,2025,0,2,4,0,1.5,12.0,0,1626,1611,0,101204.0
2,2,3,2,1,2,5.0,0,0,0,1,0,0,5,2025,0,1,3,0,5.0,15.0,0,1626,1551,0,91463.0
0,0,4,4,0,1,3.0,2,0,0,1,1,1,1,2023,0,3,10,1,1.0,30.0,1,1679,1611,0,153400.0
1,2,1,5,1,3,10.0,0,1,0,1,1,0,8,2023,0,3,9,1,3.333333333333333,90.0,0,1714,1531,0,126329.0
2,3,5,5,2,4,8.0,2,0,1,0,0,0,5,2020,0,1,1,0,8.0,8.0,0,1626,1494,0,96645.0
1,0,3,2,2,3,7.4,2,1,1,1,1,1,3,2025,0,5,13,1,1.48,96.2,1,1714,1551,1,163350.0
1,2,5,5,2,3,12.0,1,1,0,0,0,1,11,2020,2,2,5,0,6.0,60.0,0,1714,1494,0,103572.0
0,0,2,4,3,1,4.0,0,1,1,1,0,0,11,2020,1,3,6,0,1.3333333333333333,24.0,0,1679,1595,1,202887.5
1,0,4,0,1,3,7.4,1,1,1,1,0,1,6,2025,1,4,9,0,1.85,66.60000000000001,1,1714,1611,0,142456.0
4,0,6,1,1,2,14.0,1,0,0,0,1,0,4,2021,2,1,4,0,14.0,56.0,0,1661,676,0,113807.0
1,0,2,2,0,2,2.0,2,1,0,0,0,0,2,2022,2,1,2,0,2.0,4.0,0,1714,1595,0,93897.0
1,2,2,5,1,2,3.0,1,0,1,0,0,1,2,2021,2,2,4,0,1.5,12.0,0,1714,1595,1,202887.5
3,3,3,1,2,1,3.0,0,0,0,1,0,1,8,2022,2,2,6,0,1.5,18.0,1,1623,1551,0,95447.0
2,2,5,1,2,3,9.0,1,0,1,0,1,0,8,2022,2,2,5,0,4.5,45.0,0,1626,1494,0,119815.0
1,0,3,5,2,1,3.0,0,0,1,1,1,0,7,2021,2,3,8,1,1.0,24.0,0,1714,1551,0,104221.0
2,2,5,4,1,3,6.0,1,0,1,0,0,1,1,2021,2,2,4,0,3.0,24.0,0,1626,1494,0,105278.0
2,2,4,1,2,3,4.0,0,1,1,1,0,1,5,2022,2,4,9,0,1.0,36.0,1,1626,1611,0,113873.0
0,0,5,7,1,3,6.0,0,0,1,1,0,1,10,2022,2,3,7,0,2.0,42.0,1,1679,1494,1,162793.0
4,0,1,2,2,3,0.0,0,1,1,1,0,1,9,2026,2,4,9,0,0.0,0.0,1,1661,1531,0,123417.0
1,3,1,5,1,3,9.0,2,0,1,1,0,0,10,2023,2,2,4,0,4.5,36.0,0,1714,1531,0,114490.0
3,0,3,1,2,3,9.0,2,1,0,1,1,0,9,2023,2,3,9,1,3.0,81.0,0,1623,1551,0,145739.0
3,0,6,3,1,1,3.0,0,1,1,1,0,1,9,2025,2,4,9,0,0.75,27.0,1,1623,676,0,87377.0
4,3,6,7,0,1,11.0,0,0,1,1,0,1,8,2024,2,3,7,0,3.6666666666666665,77.0,1,1661,676,0,113873.0
2,1,3,4,0,3,6.0,1,0,1,0,0,1,8,2020,2,2,4,0,3.0,24.0,0,1626,1551,0,111970.0
2,2,5,6,1,3,9.0,1,1,1,1,1,1,11,2023,2,5,13,1,1.8,117.0,1,1626,1494,0,138432.0
1,2,1,5,3,1,3.0,0,1,1,0,0,1,6,2020,1,3,6,0,1.0,18.0,0,1714,1531,0,61640.0
5,0,6,5,0,4,4.0,1,1,0,0,0,0,12,2021,1,1,2,0,4.0,8.0,0,1682,676,0,132834.0
5,1,2,1,3,1,10.0,0,0,1,0,0,1,7,2021,1,2,4,0,5.0,40.0,0,1682,1595,0,104106.0
4,0,4,7,1,3,7.0,0,0,1,1,0,0,5,2026,1,2,4,0,3.5,28.0,0,1661,1611,0,136686.0
1,0,0,3,3,1,4.0,1,0,1,0,1,1,2,2026,1,3,8,0,1.3333333333333333,32.0,0,1714,1567,0,90185.0
5,0,2,6,0,1,12.0,2,0,1,1,1,1,6,2020,1,4,11,1,3.0,132.0,1,1682,1595,0,125706.0
0,0,2,3,2,1,5.0,2,0,1,0,1,0,8,2022,1,2,5,0,2.5,25.0,0,1679,1595,0,103988.0
2,1,5,0,1,2,1.0,2,0,1,1,1,0,11,2025,1,3,8,1,0.3333333333333333,8.0,0,1626,1494,0,109652.0
1,0,4,5,2,3,8.3,0,1,0,0,0,1,5,2026,1,2,5,0,4.15,41.5,0,1714,1611,0,108636.0
2,1,0,2,3,2,6.0,1,0,1,1,0,1,1,2022,1,3,7,0,2.0,42.0,1,1626,1567,0,101065.0
5,1,3,4,2,2,7.0,0,1,0,0,1,0,7,2023,1,2,6,0,3.5,42.0,0,1682,1551,0,127472.0
2,0,5,1,0,3,13.0,1,0,1,1,0,0,10,2023,2,2,4,0,6.5,52.0,0,1626,1494,0,137851.0
5,0,3,6,2,2,11.5,2,0,1,0,1,0,1,2021,2,2,5,0,5.75,57.5,0,1682,1551,1,167888.0
4,2,4,3,2,3,10.0,0,0,1,0,1,1,4,2026,2,3,8,0,3.333333333333333,80.0,0,1661,1611,0,113873.0
0,1,2,3,2,2,7.0,3,0,1,1,0,1,1,2022,2,3,7,0,2.333333333333333,49.0,1,1679,1595,0,151292.0
1,1,5,1,1,4,10.5,0,0,0,1,1,1,2,2024,2,3,10,1,3.5,105.0,1,1714,1494,0,113873.0
2,2,5,6,0,2,14.0,2,0,1,1,1,1,1,2021,2,4,11,1,3.5,154.0,1,1626,1494,0,98551.0
2,2,0,0,0,1,5.0,2,1,1,0,0,0,9,2021,2,2,3,0,2.5,15.0,0,1626,1567,0,61640.0
1,0,5,6,0,3,3.0,1,1,0,0,1,0,1,2021,2,2,6,0,1.5,18.0,0,1714,1494,0,139900.0
1,2,2,0,2,3,11.0,2,0,1,1,1,1,2,2026,2,4,11,1,2.75,121.0,1,1714,1595,0,135543.0
5,0,2,0,0,2,7.0,2,0,1,1,1,0,2,2024,2,3,8,1,2.333333333333333,56.0,0,1682,1595,0,160788.0
1,0,5,4,1,3,4.0,0,0,1,0,0,0,7,2024,2,1,1,0,4.0,4.0,0,1714,1494,0,117133.0
1,2,3,3,2,1,13.0,1,1,0,1,0,1,9,2026,2,3,8,0,4.333333333333333,104.0,1,1714,1551,1,202887.5
2,0,6,6,3,3,6.0,0,0,1,0,0,1,1,2026,2,2,4,0,3.0,24.0,0,1626,676,0,105546.0
1,1,4,7,0,2,13.0,1,0,1,1,1,1,4,2022,2,4,11,1,3.25,143.0,1,1714,1611,0,61640.0
0,1,2,4,3,3,7.0,0,1,0,0,1,1,7,2022,2,3,9,0,2.333333333333333,63.0,0,1679,1595,1,165680.0
1,1,3,0,2,2,12.0,0,1,1,1,1,0,4,2020,2,4,10,1,3.0,120.0,0,1714,1551,0,100915.0
3,2,5,7,2,4,2.0,0,0,1,1,0,1,3,2026,2,3,7,0,0.6666666666666666,14.0,1,1623,1494,0,113880.0
4,0,5,0,2,3,7.0,2,1,1,1,0,1,3,2022,0,4,9,0,1.75,63.0,1,1661,1494,0,133353.0
1,0,0,7,3,2,8.0,2,0,1,0,1,1,3,2021,0,3,8,0,2.6666666666666665,64.0,0,1714,1567,0,101175.0
3,0,3,2,2,0,7.0,3,1,0,0,0,1,3,2023,1,2,5,0,3.5,35.0,0,1623,1551,0,77688.0
0,2,4,6,1,1,7.0,0,0,1,1,1,1,1,2023,1,4,11,1,1.75,77.0,1,1679,1611,0,130065.0
3,3,2,0,2,1,13.0,1,1,1,0,1,1,3,2026,2,4,10,0,3.25,130.0,0,1623,1595,0,61640.0
5,1,5,7,0,4,5.0,0,0,1,1,1,0,5,2024,2,3,8,1,1.6666666666666667,40.0,0,1682,1494,0,147100.0
4,0,3,2,0,4,13.0,2,0,1,0,1,1,9,2025,2,3,8,0,4.333333333333333,104.0,0,1661,1551,0,80845.0
5,2,5,0,2,4,12.0,3,0,0,0,0,1,9,2025,2,1,3,0,12.0,36.0,0,1682,1494,0,121281.0
1,2,5,5,0,1,8.0,0,1,0,1,1,0,12,2026,2,3,9,1,2.6666666666666665,72.0,0,1714,1494,0,84751.0
4,0,2,0,0,2,0.1,1,1,0,1,0,1,2,2026,2,3,8,0,0.0333333333333333,0.8,1,1661,1595,0,119693.0
1,0,3,0,0,2,0.0,1,1,0,1,1,1,2,2023,2,4,12,1,0.0,0.0,1,1714,1551,0,115782.0
5,0,4,0,2,3,7.0,2,0,0,1,0,0,7,2021,2,1,3,0,7.0,21.0,0,1682,1611,0,151026.0
1,0,1,0,0,2,10.0,0,0,1,1,0,1,12,2022,2,3,7,0,3.333333333333333,70.0,1,1714,1531,0,98182.0
1,1,2,2,0,3,4.0,0,1,1,0,0,0,7,2026,2,2,3,0,2.0,12.0,0,1714,1595,0,104672.0
0,1,3,2,0,1,13.0,3,1,0,1,1,0,8,2026,2,3,9,1,4.333333333333333,117.0,0,1679,1551,0,120727.0
4,0,0,0,1,3,6.0,2,0,0,1,0,0,1,2023,0,1,3,0,6.0,18.0,0,1661,1567,0,147175.0
5,1,0,5,0,1,13.0,3,0,0,1,0,0,7,2026,0,1,3,0,13.0,39.0,0,1682,1567,0,102722.0
1,0,4,2,2,2,1.0,0,1,0,1,1,0,3,2022,0,3,9,1,0.3333333333333333,9.0,0,1714,1611,0,103662.0
2,2,0,6,0,3,10.0,0,0,1,0,0,0,10,2023,1,1,1,0,10.0,10.0,0,1626,1567,0,104908.0
2,2,1,4,2,2,7.0,1,1,1,1,1,1,3,2026,1,5,13,1,1.4,91.0,1,1626,1531,0,114888.0
1,0,5,1,2,2,3.0,0,1,1,1,0,1,4,2026,1,4,9,0,0.75,27.0,1,1714,1494,0,103264.0
4,1,3,5,1,3,13.0,2,0,0,1,0,0,11,2021,1,1,3,0,13.0,39.0,0,1661,1551,0,132050.0
3,0,2,0,2,2,14.0,0,1,1,1,0,1,8,2022,1,4,9,0,3.5,126.0,1,1623,1595,0,102164.0
4,1,5,4,0,2,11.0,0,1,0,0,1,0,1,2025,2,2,6,0,5.5,66.0,0,1661,1494,0,92300.0
1,1,6,4,0,3,7.0,0,0,0,1,0,0,12,2025,2,1,3,0,7.0,21.0,0,1714,676,0,111308.0
5,0,6,6,0,3,3.0,2,1,1,0,0,1,8,2025,2,3,6,0,1.0,18.0,0,1682,676,0,156184.0
0,1,4,1,1,1,4.0,0,0,0,0,1,0,9,2025,2,1,4,0,4.0,16.0,0,1679,1611,0,108400.0
3,0,3,7,2,3,7.0,0,0,1,1,1,1,12,2025,2,4,11,1,1.75,77.0,1,1623,1551,0,127108.0
4,3,0,3,2,4,0.0,2,0,0,0,0,1,1,2023,2,1,3,0,0.0,0.0,0,1661,1567,0,81497.0
0,1,4,4,2,3,1.0,2,1,1,1,1,0,4,2024,2,4,10,1,0.25,10.0,0,1679,1611,1,173434.0
0,0,6,0,2,1,5.5,1,1,0,1,0,0,10,2021,2,2,5,0,2.75,27.5,0,1679,676,0,100000.0
0,1,4,2,2,2,2.0,0,0,0,0,0,1,1,2021,1,1,3,0,2.0,6.0,0,1679,1611,0,112651.0
0,3,1,4,1,2,1.0,0,1,1,0,1,1,1,2021,1,4,10,0,0.25,10.0,0,1679,1531,0,147019.0
4,0,4,6,0,2,4.0,0,1,0,1,1,1,2,2026,0,4,12,1,1.0,48.0,1,1661,1611,0,118880.0
2,2,3,7,2,1,13.0,0,0,0,0,0,1,2,2026,2,1,3,0,13.0,39.0,0,1626,1551,0,61640.0
0,2,5,5,1,1,13.0,1,1,1,1,1,1,1,2026,2,5,13,1,2.6,169.0,1,1679,1494,0,117666.0
2,3,2,1,1,3,7.0,0,0,0,1,0,1,12,2025,2,2,6,0,3.5,42.0,1,1626,1595,0,125232.0
1,0,4,2,2,2,0.0,2,1,0,0,0,1,12,2026,2,2,5,0,0.0,0.0,0,1714,1611,0,105923.0
3,0,3,0,2,1,0.0,2,1,0,1,1,1,3,2023,2,4,12,1,0.0,0.0,1,1623,1551,0,88462.0
0,0,2,1,1,4,7.0,0,0,1,0,1,0,2,2020,2,2,5,0,3.5,35.0,0,1679,1595,0,153753.0
5,0,5,0,0,2,12.0,1,1,0,1,0,1,4,2025,2,3,8,0,4.0,96.0,1,1682,1494,0,144380.0
4,1,4,3,1,3,14.0,3,0,1,0,0,0,12,2025,2,1,1,0,14.0,14.0,0,1661,1611,0,95367.0
3,2,1,0,1,2,14.0,2,0,1,1,1,0,11,2022,2,3,8,1,4.666666666666667,112.0,0,1623,1531,0,108006.0
0,1,5,1,1,3,11.0,2,0,0,1,1,1,6,2021,2,3,10,1,3.6666666666666665,110.0,1,1679,1494,1,175284.0
4,1,5,1,2,3,13.0,1,0,0,1,0,1,3,2022,2,2,6,0,6.5,78.0,1,1661,1494,0,127101.0
4,1,1,3,0,4,7.0,1,0,0,1,1,1,3,2023,2,3,10,1,2.333333333333333,70.0,1,1661,1531,0,91051.0
5,1,4,5,0,1,6.0,2,0,1,0,0,1,3,2025,1,2,4,0,3.0,24.0,0,1682,1611,1,202887.5
0,2,1,2,2,1,2.0,3,0,0,1,0,1,9,2026,1,2,6,0,1.0,12.0,1,1679,1531,0,118911.0
5,2,1,5,2,1,7.0,2,0,0,0,1,1,10,2023,1,2,7,0,3.5,49.0,0,1682,1531,0,113873.0
5,0,5,3,0,1,9.0,0,1,1,1,1,1,12,2020,1,5,13,1,1.8,117.0,1,1682,1494,0,127754.0
0,1,3,7,1,1,4.0,0,1,0,0,1,1,8,2025,1,3,9,0,1.3333333333333333,36.0,0,1679,1551,0,119035.0
0,1,2,2,0,3,5.0,2,0,0,1,1,0,1,2023,1,2,7,1,2.5,35.0,0,1679,1595,1,202887.5
0,3,5,3,0,3,0.0,1,1,0,0,1,0,4,2023,1,2,6,0,0.0,0.0,0,1679,1494,0,157824.0
1,0,4,4,2,3,5.0,0,0,0,1,0,0,12,2025,1,1,3,0,5.0,15.0,0,1714,1611,1,202887.5
3,0,2,5,1,3,7.0,0,0,0,1,0,0,11,2022,1,1,3,0,7.0,21.0,0,1623,1595,0,133413.0
1,0,5,7,2,1,11.0,1,1,1,1,0,1,12,2020,1,4,9,0,2.75,99.0,1,1714,1494,0,94233.0
4,0,5,0,1,1,6.0,0,1,1,0,1,0,4,2022,1,3,7,0,2.0,42.0,0,1661,1494,0,84658.0
2,1,6,3,2,2,2.0,1,0,1,1,0,0,3,2022,1,2,4,0,1.0,8.0,0,1626,676,0,91032.0
2,0,0,6,1,1,10.0,2,1,0,0,1,1,9,2025,1,3,9,0,3.333333333333333,90.0,0,1626,1567,0,78701.0
4,1,4,3,0,3,8.0,2,0,1,1,0,1,6,2020,1,3,7,0,2.6666666666666665,56.0,1,1661,1611,0,112168.0
2,2,2,5,1,2,11.0,2,0,0,1,1,0,9,2021,2,2,7,1,5.5,77.0,0,1626,1595,0,87001.0
3,2,2,1,1,3,2.0,2,0,0,0,0,1,2,2024,2,1,3,0,2.0,6.0,0,1623,1595,0,111524.0
3,0,5,3,3,1,7.0,2,0,0,1,0,0,9,2026,2,1,3,0,7.0,21.0,0,1623,1494,0,63700.0
3,3,6,1,1,4,2.0,0,1,0,0,0,1,9,2026,2,2,5,0,1.0,10.0,0,1623,676,0,61640.0
2,1,5,5,2,1,14.0,2,0,0,1,0,0,6,2026,2,1,3,0,14.0,42.0,0,1626,1494,0,61640.0
5,0,5,5,0,1,14.0,0,1,1,1,0,0,8,2021,2,3,6,0,4.666666666666667,84.0,0,1682,1494,0,104401.0
4,1,0,2,3,1,10.0,0,1,0,1,1,1,3,2025,2,4,12,1,2.5,120.0,1,1661,1567,0,73956.0
0,0,3,2,2,2,5.0,2,0,1,0,0,1,2,2021,2,2,4,0,2.5,20.0,0,1679,1551,1,202887.5
4,2,1,0,2,1,9.0,0,1,1,0,1,1,10,2021,2,4,10,0,2.25,90.0,0,1661,1531,0,62475.0
2,0,1,0,1,2,7.0,1,1,1,0,0,1,4,2026,2,3,6,0,2.333333333333333,42.0,0,1626,1531,1,202887.5
0,0,3,3,0,1,5.0,3,0,1,0,0,1,9,2025,2,2,4,0,2.5,20.0,0,1679,1551,0,125200.0
0,2,5,1,1,1,13.0,3,0,1,1,1,0,7,2022,2,3,8,1,4.333333333333333,104.0,0,1679,1494,0,118839.0
5,2,4,6,1,3,13.0,2,0,0,1,0,1,5,2020,2,2,6,0,6.5,78.0,1,1682,1611,1,168200.0
1,1,3,2,1,3,8.0,0,1,0,1,0,1,1,2024,2,3,8,0,2.6666666666666665,64.0,1,1714,1551,1,202887.5
5,2,4,1,2,1,7.0,2,1,1,0,1,1,10,2026,2,4,10,0,1.75,70.0,0,1682,1611,0,118644.0
2,0,1,1,2,4,2.0,0,1,1,1,1,0,1,2022,2,4,10,1,0.5,20.0,0,1626,1531,0,129248.0
4,0,5,5,2,1,7.0,0,1,1,0,1,1,6,2025,2,4,10,0,1.75,70.0,0,1661,1494,0,96420.0
1,0,3,5,0,4,7.0,2,1,1,1,0,0,6,2023,2,3,6,0,2.333333333333333,42.0,0,1714,1551,0,125577.0
1,0,2,4,1,0,1.8,0,0,1,0,1,0,3,2022,2,2,5,0,0.9,9.0,0,1714,1595,0,89145.0
1,2,5,0,0,3,11.0,1,1,0,1,0,0,11,2024,2,2,5,0,5.5,55.0,0,1714,1494,0,113873.0
2,3,3,4,2,4,5.0,3,1,0,1,1,1,6,2023,2,4,12,1,1.25,60.0,1,1626,1551,0,127923.0
2,2,0,0,3,3,7.0,0,1,1,0,0,0,2,2025,2,2,3,0,3.5,21.0,0,1626,1567,0,102009.0
1,1,0,2,2,1,0.0,1,0,1,0,0,1,6,2026,2,2,4,0,0.0,0.0,0,1714,1567,0,64096.0
5,0,6,1,3,2,0.0,0,0,1,1,0,0,3,2026,2,2,4,0,0.0,0.0,0,1682,676,0,154000.0
1,0,0,3,1,3,10.0,3,0,1,1,0,0,11,2020,2,2,4,0,5.0,40.0,0,1714,1567,1,202887.5
0,2,3,5,1,3,7.0,0,1,0,1,1,1,2,2026,2,4,12,1,1.75,84.0,1,1679,1551,0,162365.0
3,1,4,6,0,3,4.0,1,0,1,1,0,0,12,2024,1,2,4,0,2.0,16.0,0,1623,1611,0,116875.0
4,1,4,4,2,1,12.0,0,1,0,0,0,1,2,2026,1,2,5,0,6.0,60.0,0,1661,1611,0,61640.0
4,1,3,1,1,3,8.0,0,1,0,1,0,0,1,2023,1,2,5,0,4.0,40.0,0,1661,1551,0,119387.0
0,0,2,2,0,3,5.0,0,0,1,1,0,0,1,2024,1,2,4,0,2.5,20.0,0,1679,1595,0,154609.0
1,0,1,5,1,4,7.0,0,0,0,1,0,0,1,2020,1,1,3,0,7.0,21.0,0,1714,1531,0,113873.0
1,0,2,5,0,3,7.0,1,0,0,0,0,1,3,2020,2,1,3,0,7.0,21.0,0,1714,1595,0,142504.0
2,0,3,1,1,1,3.0,3,0,1,1,1,1,3,2024,2,4,11,1,0.75,33.0,1,1626,1551,0,113110.0
2,0,0,0,2,3,7.0,0,1,0,1,1,0,1,2024,2,3,9,1,2.333333333333333,63.0,0,1626,1567,0,125095.0
3,3,2,3,0,2,12.0,1,0,0,1,0,1,12,2026,2,2,6,0,6.0,72.0,1,1623,1595,0,99649.0
1,0,6,7,2,3,0.0,3,1,1,0,1,1,10,2020,1,4,10,0,0.0,0.0,0,1714,676,0,148541.0
1,1,5,1,1,2,6.0,2,1,0,0,1,0,6,2020,1,2,6,0,3.0,36.0,0,1714,1494,0,90468.0
1,1,4,5,0,1,13.0,2,1,1,1,0,1,11,2025,2,4,9,0,3.25,117.0,1,1714,1611,0,71511.0
2,0,0,5,1,2,2.0,2,1,0,0,1,0,4,2025,2,2,6,0,1.0,12.0,0,1626,1567,0,61640.0
4,1,4,1,0,2,1.0,3,1,0,1,1,1,10,2025,2,4,12,1,0.25,12.0,1,1661,1611,0,86287.0
5,0,1,3,2,3,1.0,0,0,0,0,1,1,5,2022,2,2,7,0,0.5,7.0,0,1682,1531,1,168293.0
4,1,4,3,1,2,7.0,0,1,0,1,0,0,7,2023,2,2,5,0,3.5,35.0,0,1661,1611,0,100318.0
2,0,6,0,0,3,0.0,2,0,1,1,1,0,1,2022,2,3,8,1,0.0,0.0,0,1626,676,0,126034.0
1,0,6,5,1,1,7.0,2,1,1,1,0,0,1,2022,2,3,6,0,2.333333333333333,42.0,0,1714,676,0,86396.0
2,0,2,6,2,1,8.0,1,0,0,1,0,0,8,2025,2,1,3,0,8.0,24.0,0,1626,1595,0,88004.0
2,0,2,7,0,2,0.0,1,0,1,1,0,1,9,2022,2,3,7,0,0.0,0.0,1,1626,1595,0,100500.0
2,3,0,2,1,2,0.4,1,1,1,0,0,0,5,2025,2,2,3,0,0.2,1.2000000000000002,0,1626,1567,0,72222.0
1,2,4,5,2,3,2.0,1,0,0,1,1,1,9,2020,0,3,10,1,0.6666666666666666,20.0,1,1714,1611,0,128105.0
0,0,0,2,2,1,4.0,0,1,1,1,0,0,1,2021,0,3,6,0,1.3333333333333333,24.0,0,1679,1567,0,140743.0
5,0,1,2,1,3,1.0,3,0,0,1,0,1,5,2023,0,2,6,0,0.5,6.0,1,1682,1531,0,161231.0
3,0,2,5,0,2,4.0,2,1,0,1,0,0,5,2025,0,2,5,0,2.0,20.0,0,1623,1595,0,92286.0
0,1,4,0,0,4,4.0,0,0,1,1,1,0,10,2022,0,3,8,1,1.3333333333333333,32.0,0,1679,1611,0,123800.0
3,0,2,3,1,2,5.0,2,1,1,0,0,1,4,2022,1,3,6,0,1.6666666666666667,30.0,0,1623,1595,0,113873.0
3,1,3,5,0,1,13.0,2,0,0,1,0,1,10,2021,2,2,6,0,6.5,78.0,1,1623,1551,0,71700.0
2,0,0,2,0,1,11.0,2,0,1,1,0,1,11,2024,2,3,7,0,3.6666666666666665,77.0,1,1626,1567,0,73280.0
3,0,2,4,2,1,3.0,2,0,0,0,1,1,12,2023,1,2,7,0,1.5,21.0,0,1623,1595,0,74254.0
4,2,2,1,0,2,11.0,1,0,1,0,1,0,8,2026,1,2,5,0,5.5,55.0,0,1661,1595,0,113873.0
1,0,3,3,0,1,12.0,2,1,0,1,1,1,7,2022,1,4,12,1,3.0,144.0,1,1714,1551,0,113298.0
3,0,2,1,2,3,8.0,0,0,1,1,1,0,4,2026,1,3,8,1,2.6666666666666665,64.0,0,1623,1595,0,146000.0
0,2,3,2,0,1,11.0,2,1,0,1,0,1,5,2021,1,3,8,0,3.6666666666666665,88.0,1,1679,1551,0,97587.0
0,0,6,3,2,1,2.0,2,1,0,1,1,1,7,2021,1,4,12,1,0.5,24.0,1,1679,676,0,146964.0
3,2,1,6,2,1,7.0,1,1,1,1,1,1,12,2023,1,5,13,1,1.4,91.0,1,1623,1531,0,113873.0
0,2,5,7,1,2,1.0,3,0,1,0,1,1,4,2020,1,3,8,0,0.3333333333333333,8.0,0,1679,1494,0,139305.0
3,0,5,7,2,2,0.0,1,1,1,0,1,1,1,2024,1,4,10,0,0.0,0.0,0,1623,1494,0,123876.0
5,0,0,7,0,4,8.0,2,0,1,1,0,1,6,2024,1,3,7,0,2.6666666666666665,56.0,1,1682,1567,0,148959.0
4,2,0,3,1,2,7.0,0,1,1,1,1,1,9,2026,1,5,13,1,1.4,91.0,1,1661,1567,0,101657.0
1,2,0,1,2,3,3.0,2,1,1,0,1,0,12,2025,1,3,7,0,1.0,21.0,0,1714,1567,0,114486.0
1,0,1,4,2,0,7.0,1,0,1,1,0,1,1,2026,1,3,7,0,2.333333333333333,49.0,1,1714,1531,0,110365.0
4,0,4,3,0,1,6.0,2,0,1,0,0,0,1,2026,1,1,1,0,6.0,6.0,0,1661,1611,0,65629.0
1,2,3,4,0,3,11.0,1,0,1,1,0,1,11,2025,1,3,7,0,3.6666666666666665,77.0,1,1714,1551,0,124874.0
2,1,2,7,0,3,7.0,2,1,1,0,1,1,11,2023,1,4,10,0,1.75,70.0,0,1626,1595,0,122461.0
5,0,3,4,1,1,3.0,2,0,0,1,0,1,8,2025,1,2,6,0,1.5,18.0,1,1682,1551,0,115879.0
1,1,1,0,2,2,5.0,0,0,1,1,1,0,2,2026,1,3,8,1,1.6666666666666667,40.0,0,1714,1531,0,89037.0
3,0,4,1,2,3,14.0,1,0,1,0,1,0,12,2021,0,2,5,0,7.0,70.0,0,1623,1611,0,113873.0
5,0,0,6,0,2,10.0,3,1,1,1,1,0,11,2020,0,4,10,1,2.5,100.0,0,1682,1567,0,144814.0
2,0,2,3,3,2,9.0,2,0,0,1,0,1,11,2022,0,2,6,0,4.5,54.0,1,1626,1595,0,113873.0
4,0,1,3,0,1,8.0,0,1,1,1,0,0,1,2021,0,3,6,0,2.6666666666666665,48.0,0,1661,1531,0,113873.0
1,1,3,0,0,3,14.0,3,0,0,1,0,1,1,2026,2,2,6,0,7.0,84.0,1,1714,1551,0,122555.0
3,0,5,6,1,2,2.0,2,1,0,1,0,0,1,2025,2,2,5,0,1.0,10.0,0,1623,1494,0,85708.0
5,1,5,2,1,1,2.0,0,0,1,1,0,0,8,2026,2,2,4,0,1.0,8.0,0,1682,1494,0,109112.0
3,2,3,4,0,4,5.0,3,0,1,1,0,1,1,2026,2,3,7,0,1.6666666666666667,35.0,1,1623,1551,0,112838.0
0,0,5,6,3,4,7.0,2,0,0,1,0,1,2,2024,2,2,6,0,3.5,42.0,1,1679,1494,0,100050.0
1,0,4,2,0,2,9.0,0,1,1,1,1,1,1,2023,2,5,13,1,1.8,117.0,1,1714,1611,0,118155.0
1,1,3,3,2,2,7.0,1,1,0,1,0,1,8,2023,2,3,8,0,2.333333333333333,56.0,1,1714,1551,0,87378.0
1,1,4,6,1,1,11.0,1,0,1,1,0,1,3,2023,2,3,7,0,3.6666666666666665,77.0,1,1714,1611,0,73742.0
5,2,1,4,0,2,7.0,2,0,0,1,1,1,8,2026,2,3,10,1,2.333333333333333,70.0,1,1682,1531,0,148121.0
2,2,1,1,0,1,7.0,3,0,0,1,1,0,5,2023,2,2,7,1,3.5,49.0,0,1626,1531,0,83253.0
2,1,3,3,3,2,7.0,0,0,1,0,1,1,5,2025,2,3,8,0,2.333333333333333,56.0,0,1626,1551,0,100831.0
5,2,2,1,2,2,12.0,2,0,0,1,1,1,3,2020,0,3,10,1,4.0,120.0,1,1682,1595,0,151606.0
2,1,6,4,1,3,4.0,1,1,1,1,0,1,4,2023,0,4,9,0,1.0,36.0,1,1626,676,0,129074.0
5,1,2,0,2,1,6.0,2,1,1,0,0,1,8,2023,0,3,6,0,2.0,36.0,0,1682,1595,0,99179.0
5,0,0,3,1,2,3.3,2,0,1,0,0,1,4,2026,0,2,4,0,1.65,13.2,0,1682,1567,0,132682.0
3,1,1,0,1,4,2.0,2,0,1,1,0,1,12,2024,0,3,7,0,0.6666666666666666,14.0,1,1623,1531,0,71305.0
0,2,1,4,0,4,12.0,1,1,1,0,1,1,10,2020,0,4,10,0,3.0,120.0,0,1679,1531,1,166707.0
0,2,1,5,0,3,7.0,2,0,0,1,1,0,12,2021,0,2,7,1,3.5,49.0,0,1679,1531,1,174768.0
1,0,5,5,1,2,7.0,0,1,1,0,1,0,2,2026,0,3,7,0,2.333333333333333,49.0,0,1714,1494,0,91054.0
4,0,0,0,0,3,0.8,1,1,1,1,0,1,3,2025,0,4,9,0,0.2,7.2,1,1661,1567,0,146185.0
1,0,4,4,0,4,7.0,3,1,0,0,1,1,11,2023,0,3,9,0,2.333333333333333,63.0,0,1714,1611,0,145259.0
3,0,6,3,2,1,13.0,0,0,0,1,0,0,5,2026,0,1,3,0,13.0,39.0,0,1623,676,1,202887.5
1,0,1,1,1,4,5.0,0,1,1,1,0,0,12,2020,0,3,6,0,1.6666666666666667,30.0,0,1714,1531,0,66070.0
4,3,0,5,1,3,6.0,1,0,0,1,1,0,9,2022,0,2,7,1,3.0,42.0,0,1661,1567,0,125200.0
3,2,1,3,2,3,7.0,1,0,1,0,1,0,4,2026,1,2,5,0,3.5,35.0,0,1623,1531,0,113654.0
5,1,6,6,2,1,0.0,1,1,0,0,1,1,9,2026,1,3,9,0,0.0,0.0,0,1682,676,0,113873.0
5,0,1,2,2,2,6.0,1,1,1,1,1,0,4,2026,1,4,10,1,1.5,60.0,0,1682,1531,0,161379.0
3,0,1,2,0,1,7.0,2,1,1,0,0,1,1,2023,1,3,6,0,2.333333333333333,42.0,0,1623,1531,0,80778.0
1,0,0,0,2,2,3.0,2,1,0,1,1,0,1,2020,1,3,9,1,1.0,27.0,0,1714,1567,0,113873.0
0,0,5,1,1,2,3.0,2,0,1,1,0,0,11,2024,1,2,4,0,1.5,12.0,0,1679,1494,0,130452.0
4,3,2,0,2,4,7.0,2,0,0,0,0,1,5,2026,0,1,3,0,7.0,21.0,0,1661,1595,0,91815.0
1,2,0,4,2,2,1.0,2,0,0,1,0,0,8,2025,0,1,3,0,1.0,3.0,0,1714,1567,0,93607.0
0,0,4,3,2,3,7.0,2,1,0,0,1,0,2,2022,0,2,6,0,3.5,42.0,0,1679,1611,1,175909.0
0,1,1,4,1,3,5.0,3,0,1,1,0,1,8,2026,0,3,7,0,1.6666666666666667,35.0,1,1679,1531,1,177747.0
4,1,4,0,2,1,9.0,2,0,1,0,0,0,1,2020,0,1,1,0,9.0,9.0,0,1661,1611,0,61640.0
4,0,0,5,3,1,2.0,2,1,1,1,1,0,10,2025,0,4,10,1,0.5,20.0,0,1661,1567,0,80949.0
1,0,1,0,1,3,6.0,0,1,0,1,0,0,1,2026,0,2,5,0,3.0,30.0,0,1714,1531,0,137552.0
2,2,1,4,2,1,5.0,2,0,1,1,1,1,4,2020,0,4,11,1,1.25,55.0,1,1626,1531,0,93167.0
3,2,4,4,0,3,1.0,0,1,1,1,0,1,11,2026,0,4,9,0,0.25,9.0,1,1623,1611,0,120120.0
4,1,6,5,2,2,12.0,2,1,1,1,1,1,12,2020,0,5,13,1,2.4,156.0,1,1661,676,0,117610.0
1,2,5,3,2,3,10.0,1,0,1,1,0,1,6,2023,0,3,7,0,3.333333333333333,70.0,1,1714,1494,0,126078.0
2,2,4,5,1,3,14.0,0,0,0,0,0,1,8,2026,0,1,3,0,14.0,42.0,0,1626,1611,0,101524.0
4,1,3,2,1,1,11.0,1,0,1,1,1,0,3,2022,0,3,8,1,3.6666666666666665,88.0,0,1661,1551,0,75748.0
4,1,1,1,1,2,3.0,1,1,0,1,1,1,1,2025,0,4,12,1,0.75,36.0,1,1661,1531,0,111660.0
2,2,0,1,1,4,4.0,1,0,0,0,1,0,1,2020,0,1,4,0,4.0,16.0,0,1626,1567,0,113277.0
4,0,4,0,1,3,1.0,1,1,1,1,1,0,10,2021,0,4,10,1,0.25,10.0,0,1661,1611,0,113873.0
0,2,5,4,0,3,10.0,3,1,0,0,0,0,8,2024,0,1,2,0,10.0,20.0,0,1679,1494,0,139013.0
0,1,1,4,2,3,8.0,2,0,1,1,1,1,9,2023,0,4,11,1,2.0,88.0,1,1679,1531,0,160300.0
0,0,5,2,0,3,9.0,1,0,1,1,0,0,2,2024,0,2,4,0,4.5,36.0,0,1679,1494,0,158408.0
5,0,4,7,0,3,9.0,1,0,0,1,0,1,6,2024,2,2,6,0,4.5,54.0,1,1682,1611,1,169888.0
1,2,2,5,1,3,6.0,1,0,1,1,1,1,3,2021,2,4,11,1,1.5,66.0,1,1714,1595,0,141900.0
5,0,6,4,0,3,12.0,0,1,1,0,0,1,1,2021,2,3,6,0,4.0,72.0,0,1682,676,1,168692.0
1,0,2,2,3,2,9.0,0,0,0,1,0,1,4,2023,2,2,6,0,4.5,54.0,1,1714,1595,0,102864.0
2,3,3,0,1,1,2.0,2,0,1,0,1,0,1,2024,2,2,5,0,1.0,10.0,0,1626,1551,1,202887.5
3,0,4,0,2,3,6.0,2,1,0,1,1,1,1,2026,2,4,12,1,1.5,72.0,1,1623,1611,0,113873.0
3,2,6,3,2,2,1.0,1,0,1,1,0,1,1,2026,1,3,7,0,0.3333333333333333,7.0,1,1623,676,0,96183.0
0,2,0,0,2,1,10.0,3,0,1,1,0,1,3,2023,1,3,7,0,3.333333333333333,70.0,1,1679,1567,0,113873.0
2,1,3,4,0,1,3.0,1,0,0,1,0,1,11,2022,1,2,6,0,1.5,18.0,1,1626,1551,0,85200.0
1,0,1,6,0,3,1.0,2,0,1,0,1,1,5,2021,0,3,8,0,0.3333333333333333,8.0,0,1714,1531,0,144140.0
5,2,0,5,2,1,13.7,2,0,0,0,1,0,11,2022,0,1,4,0,13.7,54.8,0,1682,1567,0,107680.0
4,0,2,7,1,1,11.0,2,1,0,1,0,0,5,2021,2,2,5,0,5.5,55.0,0,1661,1595,0,69273.0
3,2,1,6,2,2,14.0,0,0,1,0,1,0,5,2023,2,2,5,0,7.0,70.0,0,1623,1531,0,94184.0
4,0,3,1,0,1,0.0,2,0,1,0,0,0,6,2026,1,1,1,0,0.0,0.0,0,1661,1551,0,61640.0
0,0,5,3,0,2,7.0,1,0,1,1,1,1,10,2020,1,4,11,1,1.75,77.0,1,1679,1494,1,179689.0
0,1,3,1,1,2,6.1,2,1,0,0,0,1,5,2023,1,2,5,0,3.05,30.5,0,1679,1551,0,120300.0
5,0,1,1,0,3,0.3,1,1,1,1,1,1,7,2022,1,5,13,1,0.06,3.9,1,1682,1531,1,177025.0
1,0,1,2,1,2,10.0,2,0,1,1,1,0,1,2021,1,3,8,1,3.333333333333333,80.0,0,1714,1531,0,104277.0
2,2,2,0,1,3,9.0,1,1,0,0,1,0,1,2020,1,2,6,0,4.5,54.0,0,1626,1595,0,117073.0
1,0,4,4,2,3,11.0,2,0,1,0,1,1,8,2025,1,3,8,0,3.6666666666666665,88.0,0,1714,1611,0,128907.0
5,0,6,5,1,3,6.0,2,1,0,1,0,1,8,2025,1,3,8,0,2.0,48.0,1,1682,676,1,164339.0
5,0,1,6,0,4,8.0,1,0,1,1,0,0,9,2022,0,2,4,0,4.0,32.0,0,1682,1531,1,193368.0
5,1,0,6,1,1,7.0,0,1,0,0,1,1,11,2023,1,3,9,0,2.333333333333333,63.0,0,1682,1567,0,113180.0
2,0,0,7,0,1,9.0,2,1,1,1,1,1,8,2021,1,5,13,1,1.8,117.0,1,1626,1567,0,78291.0
0,1,1,3,1,3,2.0,2,1,0,0,1,0,1,2024,1,2,6,0,1.0,12.0,0,1679,1531,0,61640.0
3,1,3,2,1,1,7.0,2,1,1,1,0,1,12,2020,1,4,9,0,1.75,63.0,1,1623,1551,0,73582.0
3,0,0,2,3,1,13.0,0,0,1,0,0,1,7,2020,1,2,4,0,6.5,52.0,0,1623,1567,0,113873.0
2,1,4,7,1,3,6.0,0,0,0,1,0,1,5,2025,0,2,6,0,3.0,36.0,1,1626,1611,0,129729.0
2,0,5,5,2,1,7.0,2,1,0,1,0,0,1,2023,0,2,5,0,3.5,35.0,0,1626,1494,0,65921.0
3,1,3,6,2,3,1.0,1,0,1,1,0,1,8,2021,0,3,7,0,0.3333333333333333,7.0,1,1623,1551,0,114901.0
4,1,5,0,2,1,10.0,3,0,0,1,1,0,11,2024,0,2,7,1,5.0,70.0,0,1661,1494,0,78323.0
4,3,2,0,2,3,4.0,0,0,1,0,0,0,3,2023,0,1,1,0,4.0,4.0,0,1661,1595,0,136213.0
1,2,4,0,0,1,6.0,2,1,1,1,1,0,8,2022,0,4,10,1,1.5,60.0,0,1714,1611,0,83250.0
2,0,2,5,1,3,14.0,2,1,0,1,0,1,11,2023,0,3,8,0,4.666666666666667,112.0,1,1626,1595,0,144517.0
4,2,6,6,0,2,3.0,1,1,1,1,1,1,1,2026,0,5,13,1,0.6,39.0,1,1661,676,0,106503.0
5,0,0,6,1,2,7.0,2,0,1,0,1,1,4,2023,1,3,8,0,2.333333333333333,56.0,0,1682,1567,0,142885.0
1,0,1,4,2,2,1.0,0,0,0,1,0,1,12,2024,1,2,6,0,0.5,6.0,1,1714,1531,0,98743.0
4,2,2,4,1,2,1.0,3,0,0,1,1,1,1,2025,1,3,10,1,0.3333333333333333,10.0,1,1661,1595,0,103039.0
4,0,1,6,0,2,10.0,1,1,0,0,1,1,1,2021,1,3,9,0,3.333333333333333,90.0,0,1661,1531,0,101020.0
4,1,6,5,0,2,7.0,0,1,0,1,0,0,10,2026,2,2,5,0,3.5,35.0,0,1661,676,0,88403.0
1,0,1,1,0,2,13.0,2,0,1,0,0,1,8,2025,0,2,4,0,6.5,52.0,0,1714,1531,0,100172.0
1,2,4,7,1,3,9.0,2,1,1,0,0,0,1,2022,0,2,3,0,4.5,27.0,0,1714,1611,0,100139.0
2,3,5,1,1,3,4.0,0,0,1,0,0,0,5,2022,0,1,1,0,4.0,4.0,0,1626,1494,0,99300.0
0,2,3,5,3,2,1.0,1,0,1,0,0,0,12,2022,0,1,1,0,1.0,1.0,0,1679,1551,0,117644.0
1,0,4,6,0,1,1.0,2,0,1,0,0,1,2,2022,0,2,4,0,0.5,4.0,0,1714,1611,0,75629.0
3,0,2,2,2,1,4.0,1,0,1,1,1,0,2,2021,0,3,8,1,1.3333333333333333,32.0,0,1623,1595,0,95633.0
0,0,4,6,1,2,4.0,0,1,1,1,1,1,11,2026,0,5,13,1,0.8,52.0,1,1679,1611,0,152259.0
0,0,2,3,3,3,7.0,1,1,0,1,0,0,8,2024,0,2,5,0,3.5,35.0,0,1679,1595,0,141200.0
4,1,1,6,2,2,7.0,2,0,1,1,0,1,4,2021,0,3,7,0,2.333333333333333,49.0,1,1661,1531,0,88433.0
3,0,0,0,3,1,13.0,1,1,1,0,0,1,1,2022,0,3,6,0,4.333333333333333,78.0,0,1623,1567,0,64775.0
0,0,4,4,1,4,10.0,3,0,0,0,1,0,11,2022,0,1,4,0,10.0,40.0,0,1679,1611,0,153696.0
5,1,6,0,1,1,8.0,1,1,1,0,1,1,7,2023,0,4,10,0,2.0,80.0,0,1682,676,0,116778.0
1,0,5,7,0,2,5.0,1,1,1,0,0,1,10,2021,0,3,6,0,1.6666666666666667,30.0,0,1714,1494,0,113873.0
1,0,5,4,0,2,2.0,1,0,0,1,1,1,5,2024,0,3,10,1,0.6666666666666666,20.0,1,1714,1494,0,138688.0
5,0,6,7,0,2,3.0,0,1,1,1,0,0,7,2021,0,3,6,0,1.0,18.0,0,1682,676,0,147161.0
5,0,5,3,0,1,11.0,3,1,1,0,0,0,10,2026,0,2,3,0,5.5,33.0,0,1682,1494,0,108320.0
0,1,5,0,0,2,7.8,2,1,0,0,0,1,1,2025,0,2,5,0,3.9,39.0,0,1679,1494,0,121022.0
1,1,5,1,0,3,4.0,2,0,0,0,1,0,9,2025,0,1,4,0,4.0,16.0,0,1714,1494,0,113454.0
1,2,3,2,0,1,10.0,0,1,0,1,0,0,2,2026,0,2,5,0,5.0,50.0,0,1714,1551,0,68898.0
3,1,2,0,0,1,7.0,1,0,1,0,0,0,8,2024,0,1,1,0,7.0,7.0,0,1623,1595,0,61640.0
5,0,2,1,1,1,10.6,2,1,1,1,0,1,8,2020,0,4,9,0,2.65,95.4,1,1682,1595,0,107608.0
1,0,2,0,2,2,14.0,1,0,0,1,1,0,2,2020,0,2,7,1,7.0,98.0,0,1714,1595,0,128000.0
1,1,5,1,0,2,7.6,2,0,1,1,0,1,7,2021,0,3,7,0,2.533333333333333,53.2,1,1714,1494,0,99313.0
4,0,5,0,0,3,14.0,2,0,0,0,0,1,7,2022,0,1,3,0,14.0,42.0,0,1661,1494,0,122481.0
1,0,0,2,2,2,7.0,2,0,0,1,0,1,9,2021,0,2,6,0,3.5,42.0,1,1714,1567,0,99313.0
5,2,4,1,2,3,9.0,0,1,0,0,1,1,10,2023,0,3,9,0,3.0,81.0,0,1682,1611,1,165247.0
2,1,3,1,2,1,7.0,1,0,0,0,1,1,1,2026,0,2,7,0,3.5,49.0,0,1626,1551,0,69115.0
1,0,6,1,0,1,7.0,2,1,1,1,0,1,1,2024,0,4,9,0,1.75,63.0,1,1714,676,0,78645.0
1,2,4,0,1,0,5.0,1,1,1,0,1,1,1,2025,1,4,10,0,1.25,50.0,0,1714,1611,0,77015.0
0,0,1,6,1,1,2.0,2,0,0,1,1,1,2,2022,1,3,10,1,0.6666666666666666,20.0,1,1679,1531,0,100680.0
3,3,3,7,0,2,10.0,2,0,0,0,1,1,4,2022,1,2,7,0,5.0,70.0,0,1623,1551,0,90450.0
4,1,6,3,1,1,5.0,1,0,1,0,1,1,12,2023,0,3,8,0,1.6666666666666667,40.0,0,1661,676,0,73290.0
2,0,4,3,1,3,6.0,2,0,0,1,0,0,12,2026,0,1,3,0,6.0,18.0,0,1626,1611,0,61640.0
5,0,4,5,1,3,5.0,0,0,1,0,1,1,5,2024,0,3,8,0,1.6666666666666667,40.0,0,1682,1611,1,183734.0
5,0,2,5,0,3,2.0,0,1,1,1,1,0,10,2025,0,4,10,1,0.5,20.0,0,1682,1595,1,191749.0
3,1,3,7,2,4,5.0,2,0,1,0,1,0,1,2022,0,2,5,0,2.5,25.0,0,1623,1551,0,61640.0
3,2,1,3,3,3,13.0,2,0,0,0,1,0,7,2020,2,1,4,0,13.0,52.0,0,1623,1531,0,124858.0
2,0,0,6,0,3,2.0,3,0,1,0,0,1,3,2023,1,2,4,0,1.0,8.0,0,1626,1567,0,109761.0
4,0,6,0,1,3,12.0,2,0,1,1,0,0,12,2021,1,2,4,0,6.0,48.0,0,1661,676,0,116416.0
0,0,0,0,2,2,4.0,1,1,1,0,0,0,7,2025,1,2,3,0,2.0,12.0,0,1679,1567,0,135800.0
5,2,1,3,1,1,7.0,1,0,1,1,1,1,3,2020,0,4,11,1,1.75,77.0,1,1682,1531,0,130429.0
2,1,5,6,3,2,7.0,0,1,1,1,1,1,4,2020,0,5,13,1,1.4,91.0,1,1626,1494,0,111054.0
3,1,0,2,2,4,4.0,0,0,0,0,0,1,8,2023,1,1,3,0,4.0,12.0,0,1623,1567,0,87229.0
1,1,4,5,1,3,5.0,1,1,0,1,0,0,11,2025,1,2,5,0,2.5,25.0,0,1714,1611,0,117583.0
0,0,2,4,1,3,3.0,1,0,1,1,1,1,12,2020,1,4,11,1,0.75,33.0,1,1679,1595,1,183635.0
1,0,1,6,0,3,10.0,2,0,1,1,1,0,6,2025,1,3,8,1,3.333333333333333,80.0,0,1714,1531,0,113873.0
3,3,4,2,0,3,5.0,1,0,1,0,0,1,8,2026,0,2,4,0,2.5,20.0,0,1623,1611,0,111379.0
2,3,0,5,2,0,10.0,0,0,1,1,0,1,5,2024,0,3,7,0,3.333333333333333,70.0,1,1626,1567,0,95500.0
2,0,1,3,1,1,13.0,2,1,1,0,0,1,3,2023,0,3,6,0,4.333333333333333,78.0,0,1626,1531,0,78940.0
0,0,0,2,2,2,5.0,1,0,0,0,1,0,12,2025,1,1,4,0,5.0,20.0,0,1679,1567,0,147219.0
1,1,4,3,2,3,6.0,1,1,1,1,0,1,11,2022,1,4,9,0,1.5,54.0,1,1714,1611,0,143998.0
3,3,1,5,0,3,4.0,1,0,1,1,0,1,2,2022,1,3,7,0,1.3333333333333333,28.0,1,1623,1531,0,147408.0
3,2,4,1,2,2,2.0,0,0,1,1,1,1,5,2025,1,4,11,1,0.5,22.0,1,1623,1611,0,110145.0
2,2,3,7,0,1,7.0,1,0,1,1,0,1,5,2025,0,3,7,0,2.333333333333333,49.0,1,1626,1551,0,85600.0
4,0,4,2,2,2,7.0,1,1,1,1,0,0,1,2025,0,3,6,0,2.333333333333333,42.0,0,1661,1611,0,111209.0
0,3,5,0,1,1,7.0,1,0,1,1,1,1,6,2025,0,4,11,1,1.75,77.0,1,1679,1494,0,129139.0
1,0,3,4,1,3,5.0,0,1,1,0,1,1,7,2020,0,4,10,0,1.25,50.0,0,1714,1551,0,139779.0
4,1,3,5,1,2,5.0,0,1,1,1,1,0,11,2021,0,4,10,1,1.25,50.0,0,1661,1551,0,101312.0
1,0,1,0,1,1,2.0,2,0,1,0,0,1,12,2024,0,2,4,0,1.0,8.0,0,1714,1531,0,76793.0
1,3,4,0,0,1,9.0,2,0,1,1,1,1,3,2024,0,4,11,1,2.25,99.0,1,1714,1611,1,202887.5
4,1,3,1,2,4,3.0,2,0,0,1,0,1,9,2023,0,2,6,0,1.5,18.0,1,1661,1551,0,74965.0
4,0,2,6,0,2,12.0,0,0,1,0,0,0,9,2021,0,1,1,0,12.0,12.0,0,1661,1595,0,113873.0
1,0,4,6,2,2,2.0,2,1,1,0,0,0,3,2021,0,2,3,0,1.0,6.0,0,1714,1611,0,94888.0
4,1,2,3,1,2,6.0,0,0,1,1,0,1,3,2021,0,3,7,0,2.0,42.0,1,1661,1595,0,113873.0
2,2,1,3,1,1,7.0,1,1,1,1,0,0,11,2025,0,3,6,0,2.333333333333333,42.0,0,1626,1531,0,61640.0
2,3,0,3,1,4,7.0,2,0,1,1,0,1,1,2022,0,3,7,0,2.333333333333333,49.0,1,1626,1567,0,61640.0
2,2,4,3,0,2,12.0,1,0,1,0,0,1,5,2022,0,2,4,0,6.0,48.0,0,1626,1611,1,202887.5
0,0,5,1,0,3,11.0,1,1,1,1,1,1,5,2022,0,5,13,1,2.2,143.0,1,1679,1494,1,176970.0
1,1,5,7,1,3,10.0,2,1,1,0,1,1,1,2024,0,4,10,0,2.5,100.0,0,1714,1494,0,113873.0
0,2,0,1,0,3,11.0,1,0,0,1,1,1,3,2026,0,3,10,1,3.6666666666666665,110.0,1,1679,1567,1,168616.0
4,2,5,4,0,1,5.0,3,0,1,1,1,1,2,2021,0,4,11,1,1.25,55.0,1,1661,1494,0,75817.0
0,0,6,5,2,2,5.0,0,1,0,0,0,1,6,2021,0,2,5,0,2.5,25.0,0,1679,676,0,137410.0
4,0,1,6,2,2,7.0,2,0,1,1,0,1,8,2025,0,3,7,0,2.333333333333333,49.0,1,1661,1531,0,123145.0
3,1,5,4,0,2,7.0,1,0,0,0,0,1,1,2025,0,1,3,0,7.0,21.0,0,1623,1494,0,102019.0
0,0,1,0,2,3,0.0,2,1,0,1,0,0,9,2022,0,2,5,0,0.0,0.0,0,1679,1531,1,176189.0
0,0,3,6,2,2,6.0,0,0,1,0,0,0,5,2024,1,1,1,0,6.0,6.0,0,1679,1551,0,118860.0
0,3,2,4,0,3,10.0,0,0,0,1,1,1,1,2023,1,3,10,1,3.333333333333333,100.0,1,1679,1595,1,182400.0
3,0,6,2,1,2,3.0,0,1,1,0,0,1,11,2022,1,3,6,0,1.0,18.0,0,1623,676,0,84812.0
4,3,3,6,1,1,14.0,0,1,1,1,0,0,6,2026,1,3,6,0,4.666666666666667,84.0,0,1661,1551,0,84399.0
2,0,2,6,0,1,12.0,2,0,1,1,1,1,12,2021,1,4,11,1,3.0,132.0,1,1626,1595,0,107680.0
2,0,0,2,3,4,14.0,1,0,1,0,0,1,1,2020,0,2,4,0,7.0,56.0,0,1626,1567,0,105751.0
5,0,2,5,1,1,13.0,1,1,1,1,1,1,2,2024,0,5,13,1,2.6,169.0,1,1682,1595,0,126718.0
5,2,5,5,1,3,0.0,0,1,0,0,1,1,2,2020,0,3,9,0,0.0,0.0,0,1682,1494,0,160698.0
0,1,3,6,1,2,14.0,0,1,1,0,1,1,3,2023,0,4,10,0,3.5,140.0,0,1679,1551,0,136500.0
2,2,3,1,1,3,6.0,0,1,0,1,1,1,12,2023,0,4,12,1,1.5,72.0,1,1626,1551,0,113873.0
2,3,2,1,1,1,6.8,1,1,0,1,1,0,12,2026,0,3,9,1,2.2666666666666666,61.2,0,1626,1595,0,98739.0
3,2,6,4,2,1,9.0,1,0,1,0,1,1,10,2024,0,3,8,0,3.0,72.0,0,1623,676,0,76640.0
5,0,3,3,0,1,7.0,3,0,0,1,1,0,5,2021,0,2,7,1,3.5,49.0,0,1682,1551,0,115410.0
1,0,2,0,2,4,9.0,1,1,1,0,0,1,10,2025,0,3,6,0,3.0,54.0,0,1714,1595,0,132413.0
5,3,5,6,0,2,8.0,1,1,1,1,1,1,2,2025,0,5,13,1,1.6,104.0,1,1682,1494,0,151774.0
0,1,3,1,1,3,3.0,1,0,1,1,0,1,8,2020,1,3,7,0,1.0,21.0,1,1679,1551,0,147338.0
2,0,5,6,0,2,4.0,2,0,1,1,0,1,11,2023,1,3,7,0,1.3333333333333333,28.0,1,1626,1494,0,100782.0
3,2,3,6,0,2,11.0,1,1,0,1,0,0,9,2026,1,2,5,0,5.5,55.0,0,1623,1551,0,90839.0
6,0,5,4,1,1,10.0,1,1,1,0,0,1,2,2023,1,3,6,0,3.333333333333333,60.0,0,40,1494,0,113873.0
4,0,4,2,0,1,2.0,2,1,0,1,1,1,3,2023,1,4,12,1,0.5,24.0,1,1661,1611,1,202887.5
5,0,4,3,1,3,7.0,1,1,0,1,1,0,2,2023,1,3,9,1,2.333333333333333,63.0,0,1682,1611,0,154736.0
0,2,6,2,0,2,14.0,2,0,1,1,1,1,4,2021,1,4,11,1,3.5,154.0,1,1679,676,0,156900.0
3,2,3,1,2,2,7.0,2,1,0,1,0,0,3,2020,1,2,5,0,3.5,35.0,0,1623,1551,0,92100.0
0,0,3,4,1,2,12.0,0,1,1,1,0,1,4,2026,1,4,9,0,3.0,108.0,1,1679,1551,0,137285.0
4,0,3,0,0,1,5.0,0,0,1,0,0,1,10,2024,1,2,4,0,2.5,20.0,0,1661,1551,0,61640.0
2,1,3,4,2,3,3.0,1,0,0,1,0,1,1,2021,0,2,6,0,1.5,18.0,1,1626,1551,0,136585.0
5,2,3,0,1,2,1.0,2,0,0,0,0,1,11,2023,0,1,3,0,1.0,3.0,0,1682,1551,0,139075.0
0,3,0,5,1,2,7.0,2,0,0,1,1,0,7,2025,0,2,7,1,3.5,49.0,0,1679,1567,0,143114.0
3,0,3,1,0,3,6.0,2,0,1,0,1,1,11,2024,0,3,8,0,2.0,48.0,0,1623,1551,0,125537.0
4,1,1,4,2,3,8.7,2,0,0,0,0,1,2,2020,0,1,3,0,8.7,26.1,0,1661,1531,0,110700.0
5,0,4,5,2,1,4.0,0,1,1,0,0,1,8,2020,0,3,6,0,1.3333333333333333,24.0,0,1682,1611,0,139312.0
2,2,5,1,0,2,7.0,2,0,1,0,1,1,1,2022,1,3,8,0,2.333333333333333,56.0,0,1626,1494,0,88643.0
0,0,3,5,1,1,11.0,1,1,0,0,1,1,3,2023,2,3,9,0,3.6666666666666665,99.0,0,1679,1551,0,137931.0
5,0,5,1,3,3,10.0,0,0,0,0,1,1,7,2020,2,2,7,0,5.0,70.0,0,1682,1494,0,61640.0
0,1,3,5,2,2,10.0,2,0,1,0,1,1,8,2024,2,3,8,0,3.333333333333333,80.0,0,1679,1551,0,137444.0
2,2,5,6,2,1,14.0,0,1,1,0,1,0,10,2025,2,3,7,0,4.666666666666667,98.0,0,1626,1494,0,113873.0
5,2,1,7,0,3,11.0,0,0,0,1,1,1,12,2025,0,3,10,1,3.6666666666666665,110.0,1,1682,1531,1,177075.0
1,0,5,6,1,4,1.0,2,0,0,0,1,0,2,2023,1,1,4,0,1.0,4.0,0,1714,1494,0,112007.0
5,0,2,2,1,1,7.0,0,0,0,1,1,1,9,2023,1,3,10,1,2.333333333333333,70.0,1,1682,1595,0,146203.0
0,0,4,6,3,2,7.0,2,1,0,1,1,1,7,2021,1,4,12,1,1.75,84.0,1,1679,1611,0,155385.0
0,2,0,5,2,3,1.0,0,1,1,1,1,1,8,2021,0,5,13,1,0.2,13.0,1,1679,1567,1,178651.0
1,1,3,2,2,3,9.0,1,1,1,1,0,1,8,2025,2,4,9,0,2.25,81.0,1,1714,1551,0,120371.0
5,1,4,6,0,4,14.0,3,0,1,0,0,0,10,2026,2,1,1,0,14.0,14.0,0,1682,1611,0,138398.0
0,0,5,6,1,3,8.0,1,0,1,1,1,1,1,2023,2,4,11,1,2.0,88.0,1,1679,1494,1,166160.0
5,2,1,4,1,2,14.0,1,1,1,0,1,1,12,2023,2,4,10,0,3.5,140.0,0,1682,1531,0,135800.0
0,1,5,6,2,1,14.0,2,0,0,0,1,1,1,2026,2,2,7,0,7.0,98.0,0,1679,1494,0,118400.0
5,2,4,3,0,1,4.0,0,0,0,0,1,1,9,2022,2,2,7,0,2.0,28.0,0,1682,1611,0,111237.0
3,1,3,2,2,3,10.0,1,0,0,1,0,0,4,2024,2,1,3,0,10.0,30.0,0,1623,1551,0,110000.0
3,0,0,4,1,1,5.0,1,1,1,0,0,1,4,2020,2,3,6,0,1.6666666666666667,30.0,0,1623,1567,0,77039.0
5,0,2,2,2,4,7.0,1,1,1,0,0,1,5,2024,2,3,6,0,2.333333333333333,42.0,0,1682,1595,1,163909.0
0,1,3,2,2,2,2.4,3,0,0,0,0,1,9,2022,1,1,3,0,2.4,7.199999999999999,0,1679,1551,0,121427.0
0,2,1,5,1,3,1.0,2,1,0,0,1,0,6,2024,1,2,6,0,0.5,6.0,0,1679,1531,0,153814.0
6,0,4,4,2,1,13.0,2,0,1,0,1,1,6,2025,0,3,8,0,4.333333333333333,104.0,0,40,1611,0,83661.0
2,2,2,0,1,1,3.0,1,0,1,1,1,1,8,2023,0,4,11,1,0.75,33.0,1,1626,1595,0,113873.0
2,3,4,6,1,2,12.0,0,0,1,0,1,1,8,2025,0,3,8,0,4.0,96.0,0,1626,1611,0,113873.0
4,0,3,6,1,2,11.0,1,1,1,0,1,0,4,2024,0,3,7,0,3.6666666666666665,77.0,0,1661,1551,0,90100.0
4,3,1,3,1,4,4.0,0,0,1,1,1,0,10,2023,0,3,8,1,1.3333333333333333,32.0,0,1661,1531,0,81591.0
2,2,2,5,1,2,4.0,3,0,0,1,0,0,3,2025,0,1,3,0,4.0,12.0,0,1626,1595,0,87506.0
5,3,3,0,2,1,1.0,2,1,1,1,0,0,8,2026,0,3,6,0,0.3333333333333333,6.0,0,1682,1551,0,122064.0
5,2,3,5,1,3,14.0,2,1,1,0,0,0,8,2020,2,2,3,0,7.0,42.0,0,1682,1551,0,143073.0
3,2,0,3,1,3,7.0,0,0,0,1,1,0,7,2024,1,2,7,1,3.5,49.0,0,1623,1567,0,113873.0
2,1,6,5,0,3,14.0,2,0,0,0,1,1,11,2022,1,2,7,0,7.0,98.0,0,1626,676,0,122663.0
0,0,3,3,2,1,10.0,0,1,1,1,0,1,1,2026,1,4,9,0,2.5,90.0,1,1679,1551,0,114691.0
0,0,1,0,2,3,2.4,2,1,1,1,0,1,7,2026,1,4,9,0,0.6,21.6,1,1679,1531,1,169814.0
5,0,1,5,0,1,5.0,2,0,1,1,0,1,1,2024,1,3,7,0,1.6666666666666667,35.0,1,1682,1531,0,111024.0
1,1,2,3,0,2,13.0,1,0,1,0,0,1,6,2025,1,2,4,0,6.5,52.0,0,1714,1595,0,87612.0
4,0,3,4,2,3,8.0,1,0,1,0,0,1,8,2025,1,2,4,0,4.0,32.0,0,1661,1551,0,128698.0
2,2,4,3,1,1,10.0,1,1,1,0,0,0,8,2025,1,2,3,0,5.0,30.0,0,1626,1611,0,61640.0
0,0,4,0,1,3,7.0,1,0,0,1,0,0,2,2020,1,1,3,0,7.0,21.0,0,1679,1611,1,173307.0
3,3,0,5,1,3,7.0,2,1,1,0,0,1,10,2025,0,3,6,0,2.333333333333333,42.0,0,1623,1567,0,126689.0
1,0,6,4,1,2,1.0,0,1,1,0,1,1,6,2022,0,4,10,0,0.25,10.0,0,1714,676,0,106310.0
1,3,5,2,0,1,7.0,3,0,0,1,1,0,5,2022,0,2,7,1,3.5,49.0,0,1714,1494,0,98109.0
1,0,3,6,0,3,4.0,1,1,1,1,1,0,5,2022,0,4,10,1,1.0,40.0,0,1714,1551,0,130418.0
3,0,2,0,2,4,1.0,1,0,1,1,1,1,5,2025,0,4,11,1,0.25,11.0,1,1623,1595,0,112929.0
0,1,2,6,1,3,5.0,2,1,0,1,1,1,4,2025,0,4,12,1,1.25,60.0,1,1679,1595,1,177728.0
1,0,1,5,1,2,4.0,2,1,1,1,0,1,5,2024,0,4,9,0,1.0,36.0,1,1714,1531,0,85269.0
0,0,0,2,2,3,5.0,2,0,1,1,1,0,1,2025,0,3,8,1,1.6666666666666667,40.0,0,1679,1567,0,150942.0
0,0,3,2,1,3,1.0,1,0,1,1,0,1,1,2024,0,3,7,0,0.3333333333333333,7.0,1,1679,1551,1,189367.0
3,0,5,1,0,2,7.0,3,0,0,0,0,1,2,2025,0,1,3,0,7.0,21.0,0,1623,1494,0,95433.0
5,1,5,2,1,0,13.0,2,1,0,0,1,0,2,2025,2,2,6,0,6.5,78.0,0,1682,1494,0,106500.0
5,2,0,6,2,1,6.0,0,1,1,1,0,0,2,2021,2,3,6,0,2.0,36.0,0,1682,1567,0,105126.0
4,1,4,3,3,3,4.0,3,1,0,1,0,0,12,2021,2,2,5,0,2.0,20.0,0,1661,1611,0,110106.0
3,0,0,6,0,1,1.0,1,0,0,1,0,1,6,2021,2,2,6,0,0.5,6.0,1,1623,1567,0,92585.0
3,0,5,3,1,3,7.0,0,0,1,0,0,1,9,2025,1,2,4,0,3.5,28.0,0,1623,1494,0,111876.0
5,0,4,6,0,2,14.0,3,1,1,1,1,1,12,2024,1,5,13,1,2.8,182.0,1,1682,1611,0,154994.0
0,1,1,2,1,1,3.0,1,0,1,1,0,0,8,2024,1,2,4,0,1.5,12.0,0,1679,1531,0,116162.0
1,1,4,1,0,1,11.0,1,1,1,0,1,0,1,2025,2,3,7,0,3.6666666666666665,77.0,0,1714,1611,0,65478.0
3,2,2,1,0,4,6.0,2,0,0,0,0,1,1,2022,2,1,3,0,6.0,18.0,0,1623,1595,0,84291.0
5,1,0,2,1,1,7.0,0,1,0,1,0,0,3,2025,2,2,5,0,3.5,35.0,0,1682,1567,1,202887.5
0,0,4,5,2,2,10.0,1,0,1,0,0,0,8,2024,2,1,1,0,10.0,10.0,0,1679,1611,0,116858.0
4,0,1,6,2,2,5.0,1,1,1,1,0,0,8,2020,2,3,6,0,1.6666666666666667,30.0,0,1661,1531,0,87858.0
5,0,6,7,0,3,4.0,0,1,1,1,0,1,4,2024,2,4,9,0,1.0,36.0,1,1682,676,1,184404.0
4,0,1,2,0,3,1.0,1,0,0,1,0,1,1,2026,2,2,6,0,0.5,6.0,1,1661,1531,0,145562.0
3,0,2,7,1,3,11.0,0,0,1,1,0,1,1,2021,2,3,7,0,3.6666666666666665,77.0,1,1623,1595,0,143800.0
0,0,1,4,1,2,8.0,0,0,1,1,0,1,1,2022,2,3,7,0,2.6666666666666665,56.0,1,1679,1531,0,162410.0
5,1,6,1,2,2,14.0,1,1,0,1,1,1,4,2022,2,4,12,1,3.5,168.0,1,1682,676,0,153100.0
1,2,1,6,3,1,10.0,1,1,0,1,1,1,9,2020,2,4,12,1,2.5,120.0,1,1714,1531,0,88304.0
2,1,2,2,0,4,14.0,0,1,0,1,0,0,7,2023,2,2,5,0,7.0,70.0,0,1626,1595,0,69340.0
4,0,4,6,0,3,5.0,2,0,1,0,1,1,3,2025,2,3,8,0,1.6666666666666667,40.0,0,1661,1611,1,163343.0
1,1,2,4,2,3,11.0,0,0,0,1,1,1,5,2026,0,3,10,1,3.6666666666666665,110.0,1,1714,1595,0,142855.0
3,1,2,3,0,1,4.0,1,1,0,0,0,1,1,2021,0,2,5,0,2.0,20.0,0,1623,1595,1,202887.5
4,0,2,7,1,1,5.0,2,1,0,1,0,0,6,2025,0,2,5,0,2.5,25.0,0,1661,1595,0,71921.0
5,0,0,4,1,3,7.0,1,1,0,0,1,0,5,2023,0,2,6,0,3.5,42.0,0,1682,1567,1,177859.0
2,1,4,4,2,4,9.4,0,0,0,0,0,1,7,2026,0,1,3,0,9.4,28.200000000000003,0,1626,1611,0,108741.0
4,2,1,7,1,2,11.0,1,0,0,1,1,0,11,2020,0,2,7,1,5.5,77.0,0,1661,1531,0,101612.0
2,0,1,0,0,1,4.0,0,1,0,1,0,1,5,2023,0,3,8,0,1.3333333333333333,32.0,1,1626,1531,0,79399.0
4,2,1,3,0,1,5.0,1,0,1,1,0,0,1,2025,0,2,4,0,2.5,20.0,0,1661,1531,0,78654.0
1,0,0,4,2,1,3.0,0,0,1,0,1,1,1,2021,0,3,8,0,1.0,24.0,0,1714,1567,0,75905.0
3,1,5,3,2,2,0.0,3,1,0,1,1,0,7,2020,0,3,9,1,0.0,0.0,0,1623,1494,0,108245.0
3,0,2,5,0,2,4.0,2,1,1,1,0,0,4,2025,0,3,6,0,1.3333333333333333,24.0,0,1623,1595,0,61640.0
3,2,4,2,2,2,10.0,2,0,0,1,0,1,10,2025,2,2,6,0,5.0,60.0,1,1623,1611,0,87239.0
2,1,5,4,1,1,2.0,0,1,1,0,0,1,7,2022,2,3,6,0,0.6666666666666666,12.0,0,1626,1494,0,63241.0
3,0,1,4,0,1,11.0,3,0,0,1,0,1,6,2025,2,2,6,0,5.5,66.0,1,1623,1531,0,97599.0
5,1,1,1,2,2,2.0,2,1,1,1,1,1,10,2026,2,5,13,1,0.4,26.0,1,1682,1531,0,151079.0
4,1,1,2,2,4,8.0,0,0,1,0,1,0,5,2023,2,2,5,0,4.0,40.0,0,1661,1531,0,85683.0
0,0,1,5,3,2,9.3,1,0,0,0,1,1,12,2023,2,2,7,0,4.65,65.10000000000001,0,1679,1531,0,162476.0
5,2,1,6,0,2,5.0,0,0,1,0,0,1,7,2020,2,2,4,0,2.5,20.0,0,1682,1531,0,124827.0
1,2,5,6,3,4,13.2,0,0,0,1,0,0,7,2022,2,1,3,0,13.2,39.6,0,1714,1494,0,86000.0
3,0,6,0,1,1,12.0,1,1,0,1,1,1,11,2024,2,4,12,1,3.0,144.0,1,1623,676,0,65236.0
0,2,6,3,1,3,7.0,1,0,1,1,0,0,8,2024,2,2,4,0,3.5,28.0,0,1679,676,1,167346.0
5,2,2,2,2,1,7.4,2,0,1,0,0,1,12,2020,1,2,4,0,3.7,29.6,0,1682,1595,0,117209.0
0,0,3,3,2,3,3.0,0,0,1,0,0,0,9,2023,1,1,1,0,3.0,3.0,0,1679,1551,0,139987.0
5,0,1,7,1,3,11.0,1,0,0,1,1,0,3,2026,1,2,7,1,5.5,77.0,0,1682,1531,1,172970.0
0,2,5,0,0,1,2.0,0,1,0,0,0,0,3,2026,1,1,2,0,2.0,4.0,0,1679,1494,0,91317.0
0,0,2,2,0,1,14.0,2,1,0,1,0,0,1,2022,1,2,5,0,7.0,70.0,0,1679,1595,0,121948.0
3,3,0,3,1,1,2.0,2,0,1,1,0,1,3,2022,1,3,7,0,0.6666666666666666,14.0,1,1623,1567,0,70945.0
3,0,4,0,2,2,12.0,1,1,1,1,0,0,5,2020,1,3,6,0,4.0,72.0,0,1623,1611,0,109359.0
4,1,2,1,2,2,8.0,1,0,1,1,0,0,1,2023,1,2,4,0,4.0,32.0,0,1661,1595,0,105560.0
0,0,1,5,1,3,4.0,1,0,0,1,0,1,8,2025,1,2,6,0,2.0,24.0,1,1679,1531,1,167501.0
2,1,5,4,0,3,8.0,2,0,1,0,1,0,9,2026,1,2,5,0,4.0,40.0,0,1626,1494,0,117583.0
0,0,4,1,2,2,9.0,1,0,1,0,1,0,7,2026,1,2,5,0,4.5,45.0,0,1679,1611,0,148925.0
2,2,1,3,2,1,3.0,2,1,0,0,0,1,10,2025,1,2,5,0,1.5,15.0,0,1626,1531,0,72255.0
4,0,6,3,3,2,11.0,1,0,0,1,0,1,2,2025,1,2,6,0,5.5,66.0,1,1661,676,0,115800.0
4,2,5,3,2,2,13.0,2,1,0,1,0,1,6,2025,1,3,8,0,4.333333333333333,104.0,1,1661,1494,0,98674.0
4,3,2,7,2,2,5.0,2,1,1,1,0,1,12,2023,1,4,9,0,1.25,45.0,1,1661,1595,0,120914.0
2,0,5,0,0,3,13.0,2,0,0,1,0,1,5,2024,1,2,6,0,6.5,78.0,1,1626,1494,0,143240.0
4,1,0,0,1,3,6.0,1,0,0,0,0,1,5,2026,1,1,3,0,6.0,18.0,0,1661,1567,0,109470.0
5,1,3,1,2,3,13.0,0,0,0,1,0,1,8,2024,0,2,6,0,6.5,78.0,1,1682,1551,1,164997.0
3,0,5,5,2,1,1.0,1,0,1,1,0,0,1,2025,0,2,4,0,0.5,4.0,0,1623,1494,0,101798.0
1,0,5,5,0,2,6.0,3,1,1,0,1,1,1,2023,0,4,10,0,1.5,60.0,0,1714,1494,0,104277.0
5,0,0,4,2,2,13.0,2,0,0,1,0,1,6,2023,0,2,6,0,6.5,78.0,1,1682,1567,0,160605.0
1,0,1,4,1,2,2.0,2,0,1,1,1,1,12,2025,0,4,11,1,0.5,22.0,1,1714,1531,0,130112.0
4,0,5,5,1,1,5.0,2,0,1,1,1,1,4,2025,0,4,11,1,1.25,55.0,1,1661,1494,0,61640.0
4,2,3,4,1,1,7.0,2,0,1,0,0,1,4,2021,0,2,4,0,3.5,28.0,0,1661,1551,0,61640.0
5,0,2,5,3,3,5.0,0,1,0,0,0,1,8,2024,0,2,5,0,2.5,25.0,0,1682,1595,0,139496.0
3,0,2,3,2,3,2.0,0,0,1,0,0,1,8,2025,0,2,4,0,1.0,8.0,0,1623,1595,0,111874.0
2,2,3,3,2,4,7.0,3,1,1,0,1,0,1,2026,0,3,7,0,2.333333333333333,49.0,0,1626,1551,0,113873.0
3,3,5,3,2,3,10.0,0,0,0,0,0,1,5,2022,0,1,3,0,10.0,30.0,0,1623,1494,0,112575.0
4,3,5,6,1,2,3.0,0,1,0,1,0,1,7,2026,0,3,8,0,1.0,24.0,1,1661,1494,0,80303.0
3,0,6,4,2,3,7.0,1,1,1,0,1,1,7,2024,0,4,10,0,1.75,70.0,0,1623,676,0,129169.0
5,0,0,6,0,1,13.0,1,1,0,1,1,1,7,2022,0,4,12,1,3.25,156.0,1,1682,1567,0,117996.0
5,2,4,3,2,3,11.0,3,0,0,0,1,0,9,2026,0,1,4,0,11.0,44.0,0,1682,1611,0,152300.0
6,0,5,6,1,2,13.7,2,1,1,0,0,1,5,2023,0,3,6,0,4.566666666666666,82.19999999999999,0,40,1494,0,145413.0
0,0,2,2,2,2,6.0,0,0,1,1,1,1,3,2025,2,4,11,1,1.5,66.0,1,1679,1595,0,156768.0
1,1,3,3,0,2,2.0,1,0,1,1,1,1,5,2020,2,4,11,1,0.5,22.0,1,1714,1551,0,114476.0
4,2,3,0,0,3,14.0,3,0,1,0,1,0,2,2025,2,2,5,0,7.0,70.0,0,1661,1551,0,117309.0
5,1,3,2,1,3,0.0,2,0,1,1,0,0,2,2024,1,2,4,0,0.0,0.0,0,1682,1551,0,159096.0
2,0,1,6,2,1,0.0,2,1,0,1,1,1,6,2021,1,4,12,1,0.0,0.0,1,1626,1531,0,113873.0
0,2,4,2,0,3,4.0,2,0,1,1,0,1,1,2026,1,3,7,0,1.3333333333333333,28.0,1,1679,1611,1,166060.0
1,0,2,5,0,4,7.0,1,1,1,1,1,1,7,2022,1,5,13,1,1.4,91.0,1,1714,1595,0,71000.0
2,1,3,3,2,4,7.0,0,1,1,1,1,1,3,2022,1,5,13,1,1.4,91.0,1,1626,1551,0,70933.0
1,1,6,0,3,1,7.0,1,1,1,0,0,1,8,2022,1,3,6,0,2.333333333333333,42.0,0,1714,676,0,63543.0
4,2,2,0,3,3,7.0,2,0,0,1,1,0,7,2022,1,2,7,1,3.5,49.0,0,1661,1595,0,134175.0
4,0,1,5,0,3,2.0,0,0,0,1,0,1,11,2024,1,2,6,0,1.0,12.0,1,1661,1531,0,113873.0
1,2,3,0,2,3,6.0,3,1,1,1,0,1,1,2022,1,4,9,0,1.5,54.0,1,1714,1551,0,114427.0
2,1,4,6,0,2,0.0,0,1,1,0,1,1,1,2021,1,4,10,0,0.0,0.0,0,1626,1611,0,98751.0
5,2,3,5,1,2,11.0,0,0,1,0,0,1,1,2024,1,2,4,0,5.5,44.0,0,1682,1551,0,114769.0
0,2,5,1,2,1,11.0,2,1,0,1,1,1,9,2020,1,4,12,1,2.75,132.0,1,1679,1494,0,120396.0
5,1,2,6,1,3,6.0,1,0,0,0,0,1,4,2023,1,1,3,0,6.0,18.0,0,1682,1595,0,148838.0
2,0,5,5,0,2,7.0,2,0,1,1,0,1,2,2023,1,3,7,0,2.333333333333333,49.0,1,1626,1494,0,97938.0
2,1,1,0,1,2,7.0,1,0,1,0,0,0,6,2026,1,1,1,0,7.0,7.0,0,1626,1531,0,74900.0
1,0,4,5,1,2,3.0,2,0,0,1,1,0,2,2026,1,2,7,1,1.5,21.0,0,1714,1611,0,109620.0
5,2,1,5,0,1,2.0,0,0,1,1,0,0,6,2021,1,2,4,0,1.0,8.0,0,1682,1531,0,100568.0
4,3,1,3,0,1,10.0,2,1,1,1,0,1,1,2023,1,4,9,0,2.5,90.0,1,1661,1531,0,89907.0
1,2,4,1,2,3,7.0,1,0,0,1,0,0,6,2021,1,1,3,0,7.0,21.0,0,1714,1611,0,130973.0
4,2,5,1,1,4,9.0,0,0,0,1,1,1,1,2025,1,3,10,1,3.0,90.0,1,1661,1494,0,75880.0
1,2,1,4,2,3,7.0,1,0,0,1,0,1,10,2025,1,2,6,0,3.5,42.0,1,1714,1531,0,122600.0
1,0,0,2,1,3,7.3,0,1,0,1,0,1,12,2022,1,3,8,0,2.433333333333333,58.4,1,1714,1567,0,114336.0
0,0,3,6,1,1,6.0,2,0,1,1,0,1,11,2025,1,3,7,0,2.0,42.0,1,1679,1551,0,123368.0
4,2,4,1,2,1,11.0,0,1,0,1,1,0,6,2025,1,3,9,1,3.6666666666666665,99.0,0,1661,1611,0,79340.0
2,1,5,7,0,3,7.0,1,0,0,1,0,1,11,2024,1,2,6,0,3.5,42.0,1,1626,1494,0,125513.0
0,0,3,4,2,1,6.0,0,0,1,0,0,1,9,2026,1,2,4,0,3.0,24.0,0,1679,1551,0,112221.0
2,0,3,7,2,1,7.0,0,0,1,0,1,1,8,2025,1,3,8,0,2.333333333333333,56.0,0,1626,1551,0,113873.0
0,0,4,6,2,3,3.0,0,1,0,1,0,1,1,2021,1,3,8,0,1.0,24.0,1,1679,1611,0,162112.0
3,0,4,3,0,4,3.0,2,1,0,0,1,0,2,2022,1,2,6,0,1.5,18.0,0,1623,1611,0,119324.0
4,2,1,4,1,2,11.0,0,0,0,1,0,0,9,2022,1,1,3,0,11.0,33.0,0,1661,1531,0,95675.0
1,2,3,3,2,1,11.0,0,1,1,1,0,1,11,2026,1,4,9,0,2.75,99.0,1,1714,1551,0,71301.0
1,1,2,6,2,3,3.0,3,0,0,0,0,1,12,2021,1,1,3,0,3.0,9.0,0,1714,1595,0,107470.0
2,0,4,5,2,3,3.0,2,1,1,1,1,1,1,2026,0,5,13,1,0.6,39.0,1,1626,1611,0,141524.0
4,2,0,5,2,2,5.0,1,0,1,1,0,0,8,2020,1,2,4,0,2.5,20.0,0,1661,1567,0,85739.0
5,2,1,2,2,2,2.0,0,0,1,0,0,0,5,2020,1,1,1,0,2.0,2.0,0,1682,1531,0,119920.0
3,0,4,4,2,3,10.0,1,0,0,0,0,1,12,2023,1,1,3,0,10.0,30.0,0,1623,1611,0,113087.0
3,1,2,2,2,1,11.0,2,0,1,1,0,1,4,2020,0,3,7,0,3.6666666666666665,77.0,1,1623,1595,0,72624.0
5,2,0,2,2,3,7.0,0,0,1,0,0,0,7,2020,0,1,1,0,7.0,7.0,0,1682,1567,0,157774.0
4,3,0,5,0,1,14.0,2,1,1,1,0,0,12,2026,2,3,6,0,4.666666666666667,84.0,0,1661,1567,0,65090.0
0,1,5,5,2,1,3.0,2,1,1,0,1,0,11,2020,2,3,7,0,1.0,21.0,0,1679,1494,0,101005.0
3,0,6,4,2,1,3.0,1,1,1,1,0,0,10,2023,2,3,6,0,1.0,18.0,0,1623,676,0,88949.0
5,0,4,1,2,4,14.0,0,1,0,0,0,0,9,2021,2,1,2,0,14.0,28.0,0,1682,1611,0,106753.0
5,1,0,5,2,0,5.9,3,0,0,1,0,0,7,2024,1,1,3,0,5.9,17.700000000000003,0,1682,1567,0,105479.0
0,2,2,5,1,3,5.0,0,0,1,1,0,1,12,2024,1,3,7,0,1.6666666666666667,35.0,1,1679,1595,1,202887.5
4,0,1,5,0,1,8.0,1,1,1,1,1,1,12,2021,1,5,13,1,1.6,104.0,1,1661,1531,0,112970.0
4,0,3,1,1,3,4.0,2,1,1,0,1,1,5,2021,1,4,10,0,1.0,40.0,0,1661,1551,0,127353.0
1,0,4,0,2,3,0.0,3,0,1,0,1,1,6,2021,1,3,8,0,0.0,0.0,0,1714,1611,0,126089.0
0,1,0,3,3,3,4.0,1,0,0,1,1,1,7,2026,1,3,10,1,1.3333333333333333,40.0,1,1679,1567,1,182047.0
5,0,6,0,0,1,6.0,2,1,1,1,0,1,4,2020,1,4,9,0,1.5,54.0,1,1682,676,0,132039.0
3,2,3,5,2,2,7.0,0,1,1,1,1,0,1,2023,1,4,10,1,1.75,70.0,0,1623,1551,0,106497.0
5,2,5,6,1,2,8.0,1,0,0,0,1,0,6,2026,1,1,4,0,8.0,32.0,0,1682,1494,0,132400.0
2,2,2,7,1,0,6.0,2,1,0,1,0,1,4,2020,0,3,8,0,2.0,48.0,1,1626,1595,0,73068.0
0,3,0,2,0,1,8.0,1,1,1,0,0,0,9,2024,0,2,3,0,4.0,24.0,0,1679,1567,0,107422.0
3,0,4,2,3,3,3.0,2,1,1,0,0,0,2,2024,0,2,3,0,1.5,9.0,0,1623,1611,0,96604.0
4,0,2,5,1,1,6.0,2,0,1,1,1,0,11,2021,0,3,8,1,2.0,48.0,0,1661,1595,0,83061.0
5,2,0,6,1,1,14.0,0,0,0,0,1,0,6,2022,0,1,4,0,14.0,56.0,0,1682,1567,0,104431.0
0,3,2,4,2,4,7.0,1,0,1,1,1,0,6,2026,0,3,8,1,2.333333333333333,56.0,0,1679,1595,0,140229.0
5,1,4,5,2,2,7.0,0,0,1,1,0,0,9,2020,0,2,4,0,3.5,28.0,0,1682,1611,0,114204.0
2,1,5,3,2,1,8.0,0,1,1,1,1,0,11,2026,0,4,10,1,2.0,80.0,0,1626,1494,0,83033.0
5,1,3,6,1,1,4.0,1,0,1,0,1,0,6,2024,0,2,5,0,2.0,20.0,0,1682,1551,0,104455.0
5,0,1,6,0,2,2.0,1,0,1,1,0,1,6,2022,0,3,7,0,0.6666666666666666,14.0,1,1682,1531,0,155419.0
0,1,4,1,2,2,7.0,2,0,0,1,0,0,1,2022,0,1,3,0,7.0,21.0,0,1679,1611,0,113873.0
4,1,5,3,0,1,7.0,0,1,0,1,1,1,4,2020,0,4,12,1,1.75,84.0,1,1661,1494,0,76365.0
5,0,3,1,2,3,5.0,0,0,0,1,0,1,1,2022,0,2,6,0,2.5,30.0,1,1682,1551,1,185238.0
2,0,1,6,2,3,14.0,2,0,0,0,0,1,10,2025,0,1,3,0,14.0,42.0,0,1626,1531,0,111200.0
2,0,4,2,0,1,3.0,2,0,1,0,1,0,5,2021,0,2,5,0,1.5,15.0,0,1626,1611,0,113873.0
4,0,1,3,0,1,8.0,0,0,1,1,0,1,5,2021,0,3,7,0,2.6666666666666665,56.0,1,1661,1531,0,65576.0
2,2,2,6,1,1,1.0,2,1,0,1,1,0,4,2026,0,3,9,1,0.3333333333333333,9.0,0,1626,1595,0,82344.0
5,2,2,5,2,1,0.8,1,1,1,1,1,0,5,2025,0,4,10,1,0.2,8.0,0,1682,1595,0,113873.0
0,0,1,0,2,1,1.0,2,0,0,0,0,1,4,2021,0,1,3,0,1.0,3.0,0,1679,1531,0,112104.0
3,1,4,1,2,4,1.0,1,1,1,1,1,1,11,2021,0,5,13,1,0.2,13.0,1,1623,1611,1,202887.5
0,0,1,2,1,3,5.0,2,1,1,1,1,1,3,2025,0,5,13,1,1.0,65.0,1,1679,1531,1,200919.0
1,1,3,1,2,1,2.0,3,1,0,0,1,0,4,2024,0,2,6,0,1.0,12.0,0,1714,1551,1,202887.5
5,0,0,6,2,1,5.0,1,0,0,1,0,0,9,2023,1,1,3,0,5.0,15.0,0,1682,1567,0,124494.0
4,0,3,7,0,1,14.0,1,1,1,0,1,0,12,2020,1,3,7,0,4.666666666666667,98.0,0,1661,1551,0,65390.0
1,0,0,1,1,2,3.0,2,1,1,1,1,0,11,2020,0,4,10,1,0.75,30.0,0,1714,1567,0,108845.0
4,2,0,7,1,3,1.0,0,1,0,1,1,0,9,2022,0,3,9,1,0.3333333333333333,9.0,0,1661,1567,0,113873.0
5,0,5,3,1,3,7.0,0,1,1,0,0,0,2,2020,0,2,3,0,3.5,21.0,0,1682,1494,0,141973.0
2,0,2,4,0,2,2.7,2,1,0,1,0,0,6,2022,0,2,5,0,1.35,13.5,0,1626,1595,0,94800.0
3,3,4,5,1,2,13.0,1,1,1,0,1,1,6,2021,0,4,10,0,3.25,130.0,0,1623,1611,0,100795.0
5,0,5,7,3,3,0.0,1,1,0,1,0,1,11,2022,1,3,8,0,0.0,0.0,1,1682,1494,1,163588.0
1,0,3,6,0,4,9.0,0,0,1,1,0,0,11,2020,1,2,4,0,4.5,36.0,0,1714,1551,0,82702.0
3,0,5,1,0,1,7.0,3,0,0,0,0,1,4,2022,2,1,3,0,7.0,21.0,0,1623,1494,0,79252.0
2,0,4,2,0,2,3.0,1,0,1,0,0,1,4,2023,2,2,4,0,1.5,12.0,0,1626,1611,0,96146.0
5,2,3,1,2,3,0.0,1,1,1,0,1,0,6,2020,2,3,7,0,0.0,0.0,0,1682,1551,0,154888.0
4,2,4,6,2,2,12.0,2,1,0,0,0,1,4,2021,2,2,5,0,6.0,60.0,0,1661,1611,0,89379.0
0,3,5,6,2,2,8.0,1,1,1,1,0,1,7,2021,2,4,9,0,2.0,72.0,1,1679,1494,0,152609.0
1,2,0,3,0,1,9.5,2,0,0,1,1,1,8,2023,0,3,10,1,3.1666666666666665,95.0,1,1714,1567,0,85401.0
5,0,1,3,0,1,4.0,0,0,1,0,0,0,4,2024,1,1,1,0,4.0,4.0,0,1682,1531,0,88974.0
5,0,3,6,1,2,4.0,0,0,1,0,1,0,10,2020,1,2,5,0,2.0,20.0,0,1682,1551,0,150737.0
2,2,1,3,2,1,6.0,1,1,1,0,0,0,9,2020,1,2,3,0,3.0,18.0,0,1626,1531,0,61640.0
5,0,3,6,2,1,7.0,3,0,0,1,1,0,10,2023,1,2,7,1,3.5,49.0,0,1682,1551,0,136688.0
5,0,1,2,1,2,1.0,2,1,1,1,0,0,11,2020,1,3,6,0,0.3333333333333333,6.0,0,1682,1531,0,153980.0
3,0,3,5,1,1,3.0,1,0,1,1,1,1,8,2021,1,4,11,1,0.75,33.0,1,1623,1551,0,111227.0
3,2,3,7,1,3,10.3,0,1,1,0,0,0,6,2022,1,2,3,0,5.15,30.9,0,1623,1551,0,101239.0
2,2,0,0,2,2,9.0,1,0,1,1,0,1,6,2020,1,3,7,0,3.0,63.0,1,1626,1567,0,93594.0
3,0,4,3,0,1,14.0,0,1,0,1,0,0,8,2021,2,2,5,0,7.0,70.0,0,1623,1611,0,68049.0
3,1,3,2,2,3,5.0,0,1,0,0,1,0,2,2023,1,2,6,0,2.5,30.0,0,1623,1551,0,110061.0
5,0,1,1,1,2,5.0,0,0,0,1,1,0,10,2023,1,2,7,1,2.5,35.0,0,1682,1531,0,126960.0
5,3,0,3,2,1,7.0,0,0,1,1,1,1,3,2023,1,4,11,1,1.75,77.0,1,1682,1567,0,113873.0
5,0,2,1,0,4,9.0,0,0,0,0,1,1,4,2023,1,2,7,0,4.5,63.0,0,1682,1595,1,163499.0
2,1,3,1,2,3,7.0,2,1,0,0,0,1,4,2021,1,2,5,0,3.5,35.0,0,1626,1551,0,95913.0
2,0,3,0,2,1,2.0,2,0,1,1,0,1,8,2022,1,3,7,0,0.6666666666666666,14.0,1,1626,1551,0,99058.0
4,2,2,6,2,3,7.0,0,1,0,0,0,0,9,2024,0,1,2,0,7.0,14.0,0,1661,1595,0,111341.0
0,1,6,5,0,3,6.0,2,0,1,1,0,0,8,2025,0,2,4,0,3.0,24.0,0,1679,676,0,61640.0
0,3,0,0,1,0,14.0,0,0,1,1,0,0,3,2023,0,2,4,0,7.0,56.0,0,1679,1567,0,122584.0
2,3,3,1,2,3,4.3,1,0,1,0,0,1,12,2020,0,2,4,0,2.15,17.2,0,1626,1551,0,121631.0
5,2,2,0,1,3,7.0,3,0,1,0,0,1,8,2025,0,2,4,0,3.5,28.0,0,1682,1595,0,154458.0
1,2,2,6,1,1,2.0,2,0,1,1,1,1,1,2026,0,4,11,1,0.5,22.0,1,1714,1595,0,92255.0
2,2,1,3,1,1,9.0,1,0,1,1,1,1,6,2026,0,4,11,1,2.25,99.0,1,1626,1531,0,113873.0
3,1,2,4,1,3,6.0,1,0,0,0,1,1,12,2020,0,2,7,0,3.0,42.0,0,1623,1595,0,128023.0
4,0,3,6,3,2,5.0,0,0,1,0,1,0,5,2022,0,2,5,0,2.5,25.0,0,1661,1551,0,86276.0
3,0,1,4,1,2,7.0,0,0,0,0,0,1,5,2020,0,1,3,0,7.0,21.0,0,1623,1531,0,75700.0
3,0,0,6,2,2,3.0,2,1,0,1,1,0,6,2020,0,3,9,1,1.0,27.0,0,1623,1567,0,87303.0
2,3,1,2,0,2,13.0,0,0,0,1,1,1,4,2023,0,3,10,1,4.333333333333333,130.0,1,1626,1531,0,123845.0
3,0,3,1,0,2,4.4,0,0,1,1,0,0,11,2025,0,2,4,0,2.2,17.6,0,1623,1551,0,107093.0
0,2,2,1,2,4,8.0,1,0,1,0,0,1,12,2021,0,2,4,0,4.0,32.0,0,1679,1595,0,130469.0
4,1,2,0,2,2,11.0,2,1,1,0,0,0,11,2021,0,2,3,0,5.5,33.0,0,1661,1595,0,61640.0
3,0,5,4,0,4,11.0,1,1,1,1,1,1,10,2025,0,5,13,1,2.2,143.0,1,1623,1494,0,110869.0
2,2,5,6,2,4,5.0,1,0,1,0,0,1,8,2024,1,2,4,0,2.5,20.0,0,1626,1494,0,84698.0
0,3,0,3,0,2,12.0,0,0,0,1,1,1,8,2023,1,3,10,1,4.0,120.0,1,1679,1567,0,152500.0
0,0,6,4,0,3,9.0,2,0,1,1,1,1,12,2023,1,4,11,1,2.25,99.0,1,1679,676,1,166808.0
4,0,4,3,1,3,11.8,0,0,0,1,0,1,4,2020,1,2,6,0,5.9,70.80000000000001,1,1661,1611,0,113873.0
3,2,2,3,0,1,7.0,3,1,1,0,1,1,12,2026,1,4,10,0,1.75,70.0,0,1623,1595,0,74936.0
1,0,4,4,2,3,5.7,0,1,0,0,0,0,12,2025,1,1,2,0,5.7,11.4,0,1714,1611,0,118188.0
5,3,2,4,1,3,5.0,1,0,0,1,1,1,11,2025,1,3,10,1,1.6666666666666667,50.0,1,1682,1595,1,179885.0
2,2,0,6,2,3,7.0,2,0,0,1,1,0,11,2025,1,2,7,1,3.5,49.0,0,1626,1567,0,130977.0
1,1,3,1,1,4,6.0,3,1,0,0,1,1,11,2025,0,3,9,0,2.0,54.0,0,1714,1551,0,76861.0
3,2,2,5,2,4,14.0,0,1,0,1,0,1,11,2024,2,3,8,0,4.666666666666667,112.0,1,1623,1595,0,100419.0
4,0,4,5,2,4,4.0,0,1,1,1,0,1,6,2024,2,4,9,0,1.0,36.0,1,1661,1611,0,113873.0
4,2,0,5,2,2,7.0,1,1,1,0,1,1,10,2021,2,4,10,0,1.75,70.0,0,1661,1567,0,116254.0
0,1,2,4,1,2,2.0,3,0,1,0,0,1,8,2020,2,2,4,0,1.0,8.0,0,1679,1595,0,122670.0
5,0,3,1,0,2,6.0,0,0,1,0,0,1,11,2021,1,2,4,0,3.0,24.0,0,1682,1551,0,141299.0
5,0,0,6,3,3,8.0,1,1,0,1,0,1,12,2021,1,3,8,0,2.6666666666666665,64.0,1,1682,1567,0,162632.0
1,0,2,5,0,4,7.0,1,0,0,1,0,0,2,2026,1,1,3,0,7.0,21.0,0,1714,1595,0,85188.0
3,1,3,5,2,1,13.0,1,0,0,1,1,1,8,2026,1,3,10,1,4.333333333333333,130.0,1,1623,1551,0,61640.0
5,2,1,2,2,2,8.0,1,0,1,1,0,1,9,2026,1,3,7,0,2.6666666666666665,56.0,1,1682,1531,0,61640.0
1,2,3,2,2,2,10.0,2,1,0,0,1,1,3,2023,1,3,9,0,3.333333333333333,90.0,0,1714,1551,0,88824.0
1,2,6,6,2,2,0.0,1,0,1,1,0,0,2,2020,1,2,4,0,0.0,0.0,0,1714,676,0,91945.0
5,0,0,6,3,3,3.0,0,0,1,1,1,0,12,2022,1,3,8,1,1.0,24.0,0,1682,1567,0,143726.0
5,2,1,2,0,3,6.0,0,0,1,1,1,1,5,2026,1,4,11,1,1.5,66.0,1,1682,1531,1,176718.0
1,1,2,1,0,2,6.0,3,0,1,1,1,1,2,2022,1,4,11,1,1.5,66.0,1,1714,1595,1,202887.5
2,0,0,2,1,1,12.0,2,1,1,0,1,1,7,2025,1,4,10,0,3.0,120.0,0,1626,1567,0,113873.0
3,1,1,0,2,2,6.0,0,0,0,1,1,1,10,2020,1,3,10,1,2.0,60.0,1,1623,1531,0,111992.0
3,2,5,2,0,1,14.0,1,0,0,0,0,1,10,2024,1,1,3,0,14.0,42.0,0,1623,1494,0,61640.0
2,0,4,3,2,3,14.0,1,1,0,1,0,1,1,2023,1,3,8,0,4.666666666666667,112.0,1,1626,1611,0,113873.0
0,2,0,0,2,1,9.0,0,0,1,1,1,0,10,2020,1,3,8,1,3.0,72.0,0,1679,1567,0,121365.0
2,2,5,3,0,3,7.0,1,1,1,1,1,1,7,2026,1,5,13,1,1.4,91.0,1,1626,1494,0,128142.0
3,1,1,3,1,3,2.0,1,1,0,1,0,1,1,2023,1,3,8,0,0.6666666666666666,16.0,1,1623,1531,0,113873.0
2,0,3,3,3,2,10.0,1,1,1,0,0,0,10,2022,1,2,3,0,5.0,30.0,0,1626,1551,0,79896.0
4,0,3,2,1,1,4.0,0,1,1,0,0,0,1,2025,1,2,3,0,2.0,12.0,0,1661,1551,0,61640.0
3,2,1,7,2,1,11.0,2,0,1,0,1,1,12,2020,2,3,8,0,3.6666666666666665,88.0,0,1623,1531,0,79228.0
3,3,0,2,1,3,5.0,2,1,1,1,0,1,2,2024,2,4,9,0,1.25,45.0,1,1623,1567,0,129981.0
4,2,3,4,1,1,2.0,2,1,1,1,0,1,4,2021,1,4,9,0,0.5,18.0,1,1661,1551,0,72868.0
5,0,0,1,0,2,5.0,2,1,1,0,0,1,4,2022,1,3,6,0,1.6666666666666667,30.0,0,1682,1567,0,142816.0
1,2,4,1,1,2,0.0,0,0,1,1,1,1,7,2025,1,4,11,1,0.0,0.0,1,1714,1611,0,112800.0
5,0,6,0,1,3,3.0,2,0,1,0,1,1,12,2021,1,3,8,0,1.0,24.0,0,1682,676,1,166548.0
4,2,5,6,2,1,7.0,1,1,0,1,0,1,3,2022,1,3,8,0,2.333333333333333,56.0,1,1661,1494,0,78841.0
1,1,0,3,1,2,10.0,2,1,0,0,0,0,10,2024,1,1,2,0,10.0,20.0,0,1714,1567,0,76835.0
1,2,4,6,1,2,6.0,0,0,1,0,0,1,6,2020,1,2,4,0,3.0,24.0,0,1714,1611,0,95036.0
0,1,5,7,1,2,11.0,0,0,1,0,1,0,1,2022,2,2,5,0,5.5,55.0,0,1679,1494,0,131375.0
3,1,4,4,0,1,7.0,2,0,1,1,0,1,10,2022,2,3,7,0,2.333333333333333,49.0,1,1623,1611,0,73795.0
2,1,5,5,1,1,14.0,1,1,0,1,1,1,1,2025,2,4,12,1,3.5,168.0,1,1626,1494,0,94485.0
5,0,3,7,0,2,0.0,1,0,0,1,0,0,3,2026,2,1,3,0,0.0,0.0,0,1682,1551,0,134181.0
5,1,0,2,1,3,5.0,1,0,1,0,0,0,4,2022,2,1,1,0,5.0,5.0,0,1682,1567,0,142360.0
4,1,5,7,0,3,7.0,2,1,0,0,1,0,4,2025,2,2,6,0,3.5,42.0,0,1661,1494,0,114364.0
4,2,1,1,0,2,5.0,2,1,1,0,1,1,1,2023,2,4,10,0,1.25,50.0,0,1661,1531,1,202887.5
4,1,1,6,2,2,1.0,3,0,1,1,0,1,7,2021,0,3,7,0,0.3333333333333333,7.0,1,1661,1531,0,116122.0
2,2,2,1,0,2,1.0,0,1,0,0,0,1,4,2024,0,2,5,0,0.5,5.0,0,1626,1595,0,83778.0
5,3,3,1,2,1,6.0,1,1,0,0,1,1,4,2023,0,3,9,0,2.0,54.0,0,1682,1551,0,113873.0
2,2,4,6,1,3,9.0,0,0,1,1,1,0,4,2024,0,3,8,1,3.0,72.0,0,1626,1611,0,125593.0
2,1,6,3,1,1,10.0,1,1,1,0,1,0,2,2024,0,3,7,0,3.333333333333333,70.0,0,1626,676,0,61640.0
3,0,2,0,0,4,3.0,1,0,0,1,0,1,10,2022,0,2,6,0,1.5,18.0,1,1623,1595,0,120620.0
0,0,3,6,0,0,2.0,0,1,1,1,0,0,8,2023,0,3,6,0,0.6666666666666666,12.0,0,1679,1551,0,119700.0
2,3,0,3,0,3,7.0,2,1,0,1,1,1,2,2021,0,4,12,1,1.75,84.0,1,1626,1567,0,160000.0
1,3,0,3,1,4,5.0,3,0,1,1,0,1,8,2022,0,3,7,0,1.6666666666666667,35.0,1,1714,1567,0,89113.0
2,0,0,6,3,1,6.0,1,1,1,0,1,1,11,2020,0,4,10,0,1.5,60.0,0,1626,1567,0,86973.0
0,1,3,5,0,1,2.0,0,0,0,0,1,1,2,2025,0,2,7,0,1.0,14.0,0,1679,1551,0,113873.0
1,0,2,7,1,4,12.9,1,1,0,1,0,1,1,2022,0,3,8,0,4.3,103.2,1,1714,1595,0,99491.0
2,2,5,1,1,3,11.0,0,1,1,1,1,1,1,2026,0,5,13,1,2.2,143.0,1,1626,1494,0,125548.0
2,0,2,6,0,3,6.0,1,0,0,1,0,0,7,2026,0,1,3,0,6.0,18.0,0,1626,1595,0,139289.0
4,0,0,4,0,4,9.6,2,0,1,0,0,1,4,2024,0,2,4,0,4.8,38.4,0,1661,1567,0,61640.0
3,1,5,7,1,2,6.0,0,0,1,1,1,1,4,2023,0,4,11,1,1.5,66.0,1,1623,1494,0,112203.0
5,2,6,5,2,2,3.0,0,1,1,0,0,1,10,2026,0,3,6,0,1.0,18.0,0,1682,676,0,143500.0
1,2,1,4,1,2,10.0,2,0,1,0,0,0,12,2021,2,1,1,0,10.0,10.0,0,1714,1531,0,74733.0
4,3,0,4,2,2,14.0,1,0,0,0,0,1,5,2025,2,1,3,0,14.0,42.0,0,1661,1567,0,85500.0
6,2,6,0,2,4,6.0,0,1,1,1,0,0,10,2022,2,3,6,0,2.0,36.0,0,40,676,0,94473.0
1,0,0,2,2,3,12.0,1,0,1,1,1,0,8,2024,2,3,8,1,4.0,96.0,0,1714,1567,0,126208.0
1,3,3,4,0,2,3.0,2,0,1,1,1,0,1,2023,2,3,8,1,1.0,24.0,0,1714,1551,0,100071.0
3,0,1,4,2,3,6.0,0,0,0,1,1,1,8,2023,2,3,10,1,2.0,60.0,1,1623,1531,0,126386.0
3,1,2,5,0,3,14.0,1,1,1,1,0,0,2,2023,2,3,6,0,4.666666666666667,84.0,0,1623,1595,0,112400.0
4,0,2,4,0,2,9.0,2,0,0,1,1,0,11,2023,2,2,7,1,4.5,63.0,0,1661,1595,0,122125.0
5,2,1,2,0,1,4.0,2,0,0,1,1,0,3,2026,2,2,7,1,2.0,28.0,0,1682,1531,0,103681.0
4,0,4,3,2,1,11.0,3,1,1,1,1,1,6,2023,2,5,13,1,2.2,143.0,1,1661,1611,0,92015.0
4,0,1,1,0,3,10.0,2,0,1,0,0,1,9,2024,2,2,4,0,5.0,40.0,0,1661,1531,0,113873.0
0,0,5,4,3,1,3.0,2,0,1,0,0,0,8,2026,2,1,1,0,3.0,3.0,0,1679,1494,0,90402.0
1,0,0,2,0,2,1.0,0,0,0,1,0,0,4,2023,2,1,3,0,1.0,3.0,0,1714,1567,0,93490.0
2,0,4,0,2,2,1.0,1,1,0,0,1,1,1,2021,2,3,9,0,0.3333333333333333,9.0,0,1626,1611,0,98699.0
2,1,2,1,2,1,6.5,3,1,1,0,0,0,5,2024,2,2,3,0,3.25,19.5,0,1626,1595,0,61640.0
4,1,2,3,2,1,7.0,0,0,1,1,1,0,4,2020,2,3,8,1,2.333333333333333,56.0,0,1661,1595,0,79194.0
5,2,1,6,2,3,14.0,1,1,1,0,0,0,4,2025,0,2,3,0,7.0,42.0,0,1682,1531,0,139731.0
0,2,2,0,1,2,0.0,2,0,1,1,1,1,4,2020,0,4,11,1,0.0,0.0,1,1679,1595,1,202887.5
0,2,0,1,1,3,9.0,2,1,1,1,1,1,11,2025,0,5,13,1,1.8,117.0,1,1679,1567,1,183928.0
4,0,1,3,0,1,7.0,1,1,0,0,1,1,3,2023,0,3,9,0,2.333333333333333,63.0,0,1661,1531,0,91005.0
5,2,2,2,3,2,3.0,1,0,1,0,1,0,1,2026,0,2,5,0,1.5,15.0,0,1682,1595,0,131309.0
5,1,2,3,1,3,7.0,1,1,0,1,1,0,6,2023,0,3,9,1,2.333333333333333,63.0,0,1682,1595,1,174095.0
5,0,5,1,0,2,12.0,1,1,1,1,0,1,12,2026,1,4,9,0,3.0,108.0,1,1682,1494,1,162735.0
0,0,6,7,0,1,4.0,1,1,1,0,1,1,12,2022,1,4,10,0,1.0,40.0,0,1679,676,0,120381.0
4,2,3,5,0,3,7.0,2,1,0,1,0,0,3,2023,1,2,5,0,3.5,35.0,0,1661,1551,0,131283.0
0,2,4,1,1,2,7.0,2,1,0,0,1,1,2,2020,1,3,9,0,2.333333333333333,63.0,0,1679,1611,0,141739.0
2,0,4,6,2,1,14.0,1,0,0,0,1,0,1,2021,1,1,4,0,14.0,56.0,0,1626,1611,0,82819.0
1,2,4,6,1,2,10.0,0,0,1,1,0,1,12,2025,1,3,7,0,3.333333333333333,70.0,1,1714,1611,0,103714.0
4,0,2,6,2,0,5.0,1,1,1,0,1,0,7,2023,1,3,7,0,1.6666666666666667,35.0,0,1661,1595,0,85775.0
1,2,2,4,1,1,4.0,0,0,1,1,0,1,11,2020,1,3,7,0,1.3333333333333333,28.0,1,1714,1595,0,63482.0
3,0,5,3,1,1,7.0,1,0,0,0,0,1,1,2026,1,1,3,0,7.0,21.0,0,1623,1494,0,80877.0
3,1,4,3,2,3,2.0,2,0,1,1,1,1,1,2020,1,4,11,1,0.5,22.0,1,1623,1611,0,143208.0
0,0,0,3,1,3,14.0,2,1,1,1,0,0,1,2025,1,3,6,0,4.666666666666667,84.0,0,1679,1567,0,156236.0
0,3,5,4,2,2,3.0,0,0,1,1,0,1,10,2023,1,3,7,0,1.0,21.0,1,1679,1494,0,130950.0
4,0,5,1,1,1,7.0,3,1,1,1,1,0,6,2026,0,4,10,1,1.75,70.0,0,1661,1494,0,81461.0
0,1,2,5,0,2,2.0,2,1,0,0,0,0,8,2021,1,1,2,0,2.0,4.0,0,1679,1595,0,113201.0
2,1,2,3,1,1,9.0,2,0,1,0,0,0,7,2020,1,1,1,0,9.0,9.0,0,1626,1595,0,61640.0
5,1,1,0,1,3,3.0,0,0,1,1,0,1,4,2023,1,3,7,0,1.0,21.0,1,1682,1531,1,169983.0
0,0,1,5,2,1,0.0,1,1,0,0,0,1,9,2023,1,2,5,0,0.0,0.0,0,1679,1531,0,119965.0
5,1,1,3,2,2,3.0,1,0,1,0,0,1,1,2024,1,2,4,0,1.5,12.0,0,1682,1531,0,125100.0
0,0,4,2,3,3,13.0,0,1,0,1,0,1,9,2022,1,3,8,0,4.333333333333333,104.0,1,1679,1611,1,164816.0
2,0,6,5,2,2,13.0,1,0,0,0,0,1,2,2024,1,1,3,0,13.0,39.0,0,1626,676,0,81485.0
4,0,5,0,2,1,1.0,0,0,1,1,1,0,1,2024,1,3,8,1,0.3333333333333333,8.0,0,1661,1494,0,68405.0
0,3,3,3,1,1,9.0,2,0,1,0,0,1,6,2025,1,2,4,0,4.5,36.0,0,1679,1551,0,117264.0
3,2,1,5,2,3,12.0,0,0,1,1,1,1,6,2022,1,4,11,1,3.0,132.0,1,1623,1531,0,144283.0
4,2,4,7,1,1,3.0,0,0,0,0,1,1,4,2022,1,2,7,0,1.5,21.0,0,1661,1611,0,113873.0
2,0,6,6,2,2,11.0,0,1,0,1,0,1,12,2022,2,3,8,0,3.6666666666666665,88.0,1,1626,676,0,87287.0
2,1,0,5,2,3,5.0,1,1,1,0,0,0,9,2022,2,2,3,0,2.5,15.0,0,1626,1567,0,101564.0
4,0,1,6,2,3,9.0,2,0,1,0,0,1,2,2020,2,2,4,0,4.5,36.0,0,1661,1531,0,128372.0
4,2,3,2,2,2,8.0,0,0,0,1,1,0,1,2026,2,2,7,1,4.0,56.0,0,1661,1551,0,113873.0
4,0,5,2,1,2,6.0,2,0,1,0,0,1,11,2025,2,2,4,0,3.0,24.0,0,1661,1494,0,98427.0
0,2,1,3,0,2,10.0,0,0,1,1,1,0,12,2022,2,3,8,1,3.333333333333333,80.0,0,1679,1531,0,145231.0
3,1,0,6,2,3,13.0,1,1,0,1,0,1,10,2021,2,3,8,0,4.333333333333333,104.0,1,1623,1567,0,125932.0
1,3,2,2,3,1,9.0,1,1,0,1,1,1,7,2024,0,4,12,1,2.25,108.0,1,1714,1595,0,79482.0
0,0,0,2,1,3,2.0,3,0,1,1,0,1,3,2023,1,3,7,0,0.6666666666666666,14.0,1,1679,1567,1,165321.0
1,1,1,2,1,1,13.0,1,0,1,0,0,1,4,2025,2,2,4,0,6.5,52.0,0,1714,1531,0,113873.0
1,0,1,4,1,2,4.8,0,1,1,1,0,0,6,2023,2,3,6,0,1.6,28.8,0,1714,1531,0,92936.0
4,0,5,3,2,1,4.0,1,1,1,0,0,1,9,2025,0,3,6,0,1.3333333333333333,24.0,0,1661,1494,0,61640.0
3,0,2,4,2,1,0.0,1,0,1,0,1,1,2,2021,1,3,8,0,0.0,0.0,0,1623,1595,0,76522.0
3,1,6,7,1,3,0.0,0,0,1,1,1,0,7,2021,0,3,8,1,0.0,0.0,0,1623,676,0,134347.0
1,0,5,6,0,2,6.4,1,0,1,1,0,1,11,2022,0,3,7,0,2.1333333333333333,44.8,1,1714,1494,0,123916.0
0,2,6,4,1,0,1.0,2,1,0,0,0,1,11,2026,0,2,5,0,0.5,5.0,0,1679,676,0,95343.0
3,0,6,5,2,3,0.0,1,0,1,0,1,1,11,2026,0,3,8,0,0.0,0.0,0,1623,676,0,145623.0
5,2,2,5,0,1,11.0,0,1,1,0,0,1,2,2020,0,3,6,0,3.6666666666666665,66.0,0,1682,1595,0,99860.0
3,0,3,6,2,1,14.0,0,0,1,1,0,1,5,2025,0,3,7,0,4.666666666666667,98.0,1,1623,1551,0,90800.0
3,3,4,4,1,1,4.0,1,0,0,0,0,1,11,2022,1,1,3,0,4.0,12.0,0,1623,1611,1,202887.5
0,0,5,6,0,3,1.0,2,0,0,1,1,0,4,2023,1,2,7,1,0.5,7.0,0,1679,1494,0,113873.0
1,0,5,2,2,4,7.0,2,0,1,1,0,0,6,2024,1,2,4,0,3.5,28.0,0,1714,1494,0,114853.0
2,0,0,5,2,3,3.0,1,0,1,0,0,1,1,2021,1,2,4,0,1.5,12.0,0,1626,1567,0,115784.0
5,0,0,1,1,2,14.0,1,1,1,0,1,1,2,2025,1,4,10,0,3.5,140.0,0,1682,1567,0,155906.0
0,2,4,1,3,3,13.0,3,1,1,0,0,0,1,2020,1,2,3,0,6.5,39.0,0,1679,1611,0,139784.0
3,0,0,4,0,1,14.0,2,0,0,0,0,1,1,2025,2,1,3,0,14.0,42.0,0,1623,1567,0,61640.0
3,0,1,4,2,2,12.7,1,0,1,1,0,1,1,2021,2,3,7,0,4.233333333333333,88.89999999999999,1,1623,1531,0,102568.0
3,0,3,2,2,2,3.0,2,0,1,1,0,1,11,2020,2,3,7,0,1.0,21.0,1,1623,1551,0,117962.0
3,0,3,0,0,4,1.0,1,0,1,0,0,1,4,2021,2,2,4,0,0.5,4.0,0,1623,1551,0,94210.0
0,1,6,4,0,1,9.0,2,0,1,1,1,1,10,2024,2,4,11,1,2.25,99.0,1,1679,676,0,129618.0
5,0,1,2,2,3,2.0,0,1,0,0,0,1,6,2020,2,2,5,0,1.0,10.0,0,1682,1531,0,146451.0
3,2,5,6,2,2,13.0,2,0,1,0,0,0,4,2025,2,1,1,0,13.0,13.0,0,1623,1494,0,78197.0
5,0,4,2,2,3,13.0,0,1,1,0,1,0,6,2024,2,3,7,0,4.333333333333333,91.0,0,1682,1611,1,170540.0
4,0,2,7,1,2,9.0,2,0,1,1,1,1,4,2025,2,4,11,1,2.25,99.0,1,1661,1595,0,113873.0
2,2,5,1,0,4,1.0,1,1,1,1,0,0,6,2023,2,3,6,0,0.3333333333333333,6.0,0,1626,1494,0,119491.0
2,2,2,0,1,3,8.3,2,1,1,0,1,1,6,2021,2,4,10,0,2.075,83.0,0,1626,1595,0,112784.0
3,0,4,5,2,2,7.0,2,0,1,1,1,1,10,2021,1,4,11,1,1.75,77.0,1,1623,1611,0,113873.0
5,0,5,3,2,2,6.0,0,1,0,1,0,0,6,2020,1,2,5,0,3.0,30.0,0,1682,1494,0,133500.0
1,0,1,4,2,3,14.0,1,0,1,1,1,0,1,2022,1,3,8,1,4.666666666666667,112.0,0,1714,1531,0,113873.0
5,0,5,0,0,3,2.0,1,0,0,0,1,0,1,2020,1,1,4,0,2.0,8.0,0,1682,1494,1,170230.0
0,2,3,4,0,1,13.0,0,1,1,1,0,0,11,2022,2,3,6,0,4.333333333333333,78.0,0,1679,1551,0,103735.0
1,2,3,3,2,2,7.0,0,1,1,1,0,1,12,2023,2,4,9,0,1.75,63.0,1,1714,1551,0,102311.0
2,1,2,5,0,3,7.0,1,0,1,1,0,1,3,2020,1,3,7,0,2.333333333333333,49.0,1,1626,1595,0,129800.0
4,1,6,1,2,1,13.7,3,0,1,0,0,0,10,2020,1,1,1,0,13.7,13.7,0,1661,676,0,61640.0
3,0,2,3,0,1,7.6,2,0,1,1,0,0,9,2020,1,2,4,0,3.8,30.4,0,1623,1595,0,87099.0
2,3,6,0,3,2,12.6,0,0,0,1,1,0,4,2022,1,2,7,1,6.3,88.2,0,1626,676,0,92732.0
2,0,1,1,2,3,4.0,1,1,1,0,1,0,4,2025,1,3,7,0,1.3333333333333333,28.0,0,1626,1531,0,135038.0
1,1,1,0,1,2,11.0,1,1,1,0,1,0,1,2025,1,3,7,0,3.6666666666666665,77.0,0,1714,1531,0,89279.0
2,2,5,6,1,1,3.0,1,0,1,1,1,1,8,2025,1,4,11,1,0.75,33.0,1,1626,1494,0,72649.0
5,2,1,3,0,1,1.0,2,0,0,1,0,1,8,2025,1,2,6,0,0.5,6.0,1,1682,1531,0,116592.0
1,3,3,1,0,4,9.0,0,1,0,0,0,1,12,2020,1,2,5,0,4.5,45.0,0,1714,1551,0,61640.0
2,0,0,0,2,1,0.0,2,0,0,1,1,1,4,2022,1,3,10,1,0.0,0.0,1,1626,1567,0,100333.0
0,2,5,6,2,2,7.0,2,1,1,1,0,1,1,2024,1,4,9,0,1.75,63.0,1,1679,1494,0,142851.0
0,0,4,0,3,4,13.0,1,0,0,0,0,1,12,2020,1,1,3,0,13.0,39.0,0,1679,1611,0,144934.0
5,1,4,1,0,1,8.0,0,0,1,0,0,0,1,2025,1,1,1,0,8.0,8.0,0,1682,1611,0,88076.0
5,0,4,6,2,2,3.0,2,0,1,0,1,0,7,2020,1,2,5,0,1.5,15.0,0,1682,1611,0,131085.0
4,0,4,5,0,1,7.0,2,1,1,1,0,0,6,2020,1,3,6,0,2.333333333333333,42.0,0,1661,1611,0,87843.0
3,0,3,3,0,2,6.0,1,0,0,1,0,0,12,2026,1,1,3,0,6.0,18.0,0,1623,1551,0,86225.0
0,1,1,1,0,4,11.0,0,1,0,0,0,1,5,2026,2,2,5,0,5.5,55.0,0,1679,1531,0,145283.0
3,0,5,1,3,1,7.0,2,0,1,1,1,0,12,2025,2,3,8,1,2.333333333333333,56.0,0,1623,1494,0,83709.0
5,0,6,1,2,1,1.0,2,0,0,1,1,1,7,2025,2,3,10,1,0.3333333333333333,10.0,1,1682,676,0,149977.0
1,2,2,3,2,1,12.0,0,0,1,0,0,1,3,2026,2,2,4,0,6.0,48.0,0,1714,1595,0,61640.0
5,0,4,6,1,4,7.0,1,0,1,1,0,1,10,2025,2,3,7,0,2.333333333333333,49.0,1,1682,1611,0,155885.0
3,0,5,4,2,1,8.0,1,0,1,0,0,0,3,2024,2,1,1,0,8.0,8.0,0,1623,1494,0,70565.0
2,2,2,6,1,1,4.0,0,1,0,1,0,1,8,2021,2,3,8,0,1.3333333333333333,32.0,1,1626,1595,0,71881.0
3,0,1,2,2,2,14.0,1,1,0,1,0,0,6,2022,2,2,5,0,7.0,70.0,0,1623,1531,0,127700.0
1,1,6,6,0,4,10.0,1,0,0,0,1,1,4,2026,0,2,7,0,5.0,70.0,0,1714,676,0,74486.0
4,2,4,7,1,2,7.0,1,0,1,1,0,0,10,2023,0,2,4,0,3.5,28.0,0,1661,1611,0,88026.0
3,2,4,5,0,2,10.0,2,1,0,1,0,0,9,2022,0,2,5,0,5.0,50.0,0,1623,1611,0,94135.0
3,1,5,3,0,2,6.0,3,1,1,1,0,1,6,2022,0,4,9,0,1.5,54.0,1,1623,1494,0,99302.0
3,0,5,3,0,3,3.0,2,0,0,1,0,0,12,2023,0,1,3,0,3.0,9.0,0,1623,1494,0,139054.0
2,2,2,5,0,2,3.0,0,0,0,1,1,0,1,2022,0,2,7,1,1.5,21.0,0,1626,1595,0,109282.0
1,0,6,3,2,3,14.0,2,0,1,1,0,1,2,2026,0,3,7,0,4.666666666666667,98.0,1,1714,676,0,127275.0
0,3,4,5,1,1,3.0,0,1,1,1,1,1,1,2021,0,5,13,1,0.6,39.0,1,1679,1611,0,130474.0
1,0,4,2,1,4,0.0,3,1,1,1,0,1,1,2023,0,4,9,0,0.0,0.0,1,1714,1611,0,80459.0
1,0,0,3,3,4,2.5,1,1,1,0,0,0,4,2024,0,2,3,0,1.25,7.5,0,1714,1567,0,120403.0
0,0,1,5,2,3,6.0,1,1,0,0,1,0,11,2021,0,2,6,0,3.0,36.0,0,1679,1531,0,156460.0
2,0,3,6,0,1,7.0,0,1,1,1,1,1,8,2026,0,5,13,1,1.4,91.0,1,1626,1551,0,85316.0
2,0,6,7,1,3,12.0,2,1,1,1,1,0,2,2026,0,4,10,1,3.0,120.0,0,1626,676,0,134777.0
2,0,5,1,2,2,13.0,1,0,1,0,1,1,2,2020,0,3,8,0,4.333333333333333,104.0,0,1626,1494,0,124200.0
1,0,3,6,1,2,7.0,0,0,1,1,0,0,1,2021,0,2,4,0,3.5,28.0,0,1714,1551,0,95939.0
1,2,5,6,1,3,0.0,1,1,1,0,0,1,10,2020,0,3,6,0,0.0,0.0,0,1714,1494,0,108586.0
5,0,6,4,1,2,4.0,1,1,1,0,0,0,11,2020,0,2,3,0,2.0,12.0,0,1682,676,0,131061.0
2,2,4,5,2,2,9.0,0,0,1,0,1,1,5,2026,0,3,8,0,3.0,72.0,0,1626,1611,0,102218.0
5,0,4,3,2,2,2.0,2,1,1,1,0,1,5,2026,1,4,9,0,0.5,18.0,1,1682,1611,0,113873.0
4,3,4,1,0,1,4.0,3,0,1,1,1,1,5,2026,1,4,11,1,1.0,44.0,1,1661,1611,0,109957.0
2,2,0,1,1,1,8.5,0,1,0,1,1,1,9,2021,1,4,12,1,2.125,102.0,1,1626,1567,0,87748.0
1,1,1,0,0,1,7.0,0,0,0,1,0,1,1,2020,1,2,6,0,3.5,42.0,1,1714,1531,0,87437.0
3,0,1,0,2,2,10.0,1,1,1,0,1,1,10,2020,1,4,10,0,2.5,100.0,0,1623,1531,0,94856.0
4,0,6,0,0,3,14.0,3,1,1,1,1,0,6,2021,1,4,10,1,3.5,140.0,0,1661,676,0,134010.0
1,1,2,2,0,1,13.0,2,0,0,1,1,1,1,2024,0,3,10,1,4.333333333333333,130.0,1,1714,1595,0,93951.0
0,1,0,1,1,3,6.0,2,1,0,0,0,1,11,2021,0,2,5,0,3.0,30.0,0,1679,1567,0,148450.0
2,0,5,7,0,2,14.3,0,0,1,1,1,1,4,2024,0,4,11,1,3.575,157.3,1,1626,1494,1,202887.5
1,2,1,6,0,2,6.0,0,0,1,1,1,0,4,2022,0,3,8,1,2.0,48.0,0,1714,1531,0,107874.0
3,2,6,2,1,1,2.0,0,1,1,1,0,1,4,2025,0,4,9,0,0.5,18.0,1,1623,676,0,70837.0
3,0,5,7,1,3,8.4,1,1,0,1,0,0,4,2020,0,2,5,0,4.2,42.0,0,1623,1494,0,128093.0
0,1,2,1,1,3,12.0,1,1,1,0,0,1,10,2026,0,3,6,0,4.0,72.0,0,1679,1595,0,145870.0
5,1,2,2,2,4,14.0,3,0,1,1,1,1,1,2021,0,4,11,1,3.5,154.0,1,1682,1595,0,156521.0
0,0,0,4,0,4,0.0,2,0,0,1,1,1,3,2025,1,3,10,1,0.0,0.0,1,1679,1567,0,144419.0
3,3,0,5,2,1,13.0,0,1,1,1,1,0,3,2025,1,4,10,1,3.25,130.0,0,1623,1567,0,75392.0
1,2,2,1,0,3,0.0,2,0,1,0,1,1,1,2025,1,3,8,0,0.0,0.0,0,1714,1595,1,202887.5
1,1,0,7,1,1,14.0,0,0,1,0,0,1,12,2024,1,2,4,0,7.0,56.0,0,1714,1567,0,64253.0
0,0,1,6,0,3,13.0,0,0,1,0,0,0,5,2022,2,1,1,0,13.0,13.0,0,1679,1531,0,135640.0
1,0,1,3,0,3,7.0,0,0,1,0,0,0,7,2026,2,1,1,0,7.0,7.0,0,1714,1531,0,124746.0
1,2,5,0,1,3,9.0,1,0,1,0,1,0,12,2020,2,2,5,0,4.5,45.0,0,1714,1494,0,119848.0
4,0,3,3,1,3,3.0,3,0,1,0,0,1,12,2022,2,2,4,0,1.5,12.0,0,1661,1551,0,131219.0
3,2,6,6,0,2,9.0,2,0,0,1,1,1,9,2020,0,3,10,1,3.0,90.0,1,1623,676,0,110479.0
0,2,4,6,1,4,10.0,1,1,0,1,1,1,2,2021,0,4,12,1,2.5,120.0,1,1679,1611,0,143385.0
0,1,2,4,2,2,10.0,1,1,1,0,0,0,2,2023,2,2,3,0,5.0,30.0,0,1679,1595,0,119371.0
3,0,6,6,3,2,13.0,0,0,1,0,1,1,10,2021,2,3,8,0,4.333333333333333,104.0,0,1623,676,0,123707.0
0,0,1,0,0,1,12.0,2,0,0,1,0,0,2,2025,2,1,3,0,12.0,36.0,0,1679,1531,0,123011.0
3,0,5,3,0,1,7.0,2,1,0,0,1,0,7,2023,2,2,6,0,3.5,42.0,0,1623,1494,0,66668.0
5,3,0,3,1,3,10.0,2,0,0,0,0,1,2,2023,2,1,3,0,10.0,30.0,0,1682,1567,0,151550.0
3,0,5,6,0,1,7.0,0,0,1,0,0,0,12,2022,2,1,1,0,7.0,7.0,0,1623,1494,0,61640.0
5,2,0,0,2,1,3.0,2,1,1,1,0,0,1,2022,2,3,6,0,1.0,18.0,0,1682,1567,0,85689.0
5,3,2,0,0,4,1.0,2,1,1,0,1,1,1,2021,2,4,10,0,0.25,10.0,0,1682,1595,1,168995.0
3,0,4,4,1,1,7.0,1,1,1,1,0,0,3,2026,2,3,6,0,2.333333333333333,42.0,0,1623,1611,0,66800.0
1,2,5,7,2,1,13.0,2,1,1,1,0,1,1,2025,2,4,9,0,3.25,117.0,1,1714,1494,0,61640.0
3,0,3,1,2,3,5.0,1,0,1,0,0,1,11,2023,2,2,4,0,2.5,20.0,0,1623,1551,0,109983.0
3,0,2,1,3,3,9.0,0,0,1,1,0,1,7,2023,2,3,7,0,3.0,63.0,1,1623,1595,0,145818.0
1,1,1,3,1,1,7.0,2,1,1,0,1,1,11,2025,2,4,10,0,1.75,70.0,0,1714,1531,0,76148.0
4,0,3,4,1,1,2.0,2,1,1,0,1,0,1,2024,0,3,7,0,0.6666666666666666,14.0,0,1661,1551,0,68200.0
4,0,2,0,3,1,9.0,2,1,0,0,1,1,2,2026,0,3,9,0,3.0,81.0,0,1661,1595,0,94231.0
1,1,5,0,0,1,0.0,1,1,1,1,1,1,10,2026,0,5,13,1,0.0,0.0,1,1714,1494,0,73644.0
5,2,3,4,1,2,2.0,2,0,1,0,0,0,1,2026,0,1,1,0,2.0,2.0,0,1682,1551,0,113721.0
5,0,1,4,0,3,6.0,1,0,1,0,1,0,8,2022,0,2,5,0,3.0,30.0,0,1682,1531,1,202887.5
0,0,1,7,0,2,12.0,0,1,0,0,1,1,4,2025,0,3,9,0,4.0,108.0,0,1679,1531,0,144300.0
5,0,2,4,2,2,7.0,2,0,1,1,1,0,4,2025,0,3,8,1,2.333333333333333,56.0,0,1682,1595,1,165138.0
4,0,1,7,1,3,7.0,0,0,0,1,0,1,5,2021,0,2,6,0,3.5,42.0,1,1661,1531,0,144548.0
4,2,3,5,2,1,3.0,1,0,0,1,0,1,10,2020,1,2,6,0,1.5,18.0,1,1661,1551,1,202887.5
1,2,2,6,2,3,10.0,3,0,0,1,1,1,1,2025,1,3,10,1,3.333333333333333,100.0,1,1714,1595,0,131435.0
5,0,2,1,0,3,11.0,2,0,1,0,1,0,7,2021,1,2,5,0,5.5,55.0,0,1682,1595,0,113873.0
0,2,1,5,1,2,3.0,0,0,1,0,0,0,8,2026,1,1,1,0,3.0,3.0,0,1679,1531,0,113528.0
3,2,5,5,0,1,0.0,0,0,1,1,1,0,7,2024,1,3,8,1,0.0,0.0,0,1623,1494,0,84382.0
0,0,5,4,2,2,10.0,1,0,1,1,0,1,11,2022,2,3,7,0,3.333333333333333,70.0,1,1679,1494,1,162969.0
5,0,4,2,1,1,7.0,0,1,1,1,0,0,6,2021,0,3,6,0,2.333333333333333,42.0,0,1682,1611,1,202887.5
5,0,5,7,1,3,10.0,1,0,1,0,0,1,3,2021,0,2,4,0,5.0,40.0,0,1682,1494,1,166937.0
2,2,2,2,3,0,7.0,1,0,1,0,0,0,2,2020,0,1,1,0,7.0,7.0,0,1626,1595,0,61640.0
3,1,5,7,1,2,9.0,0,1,1,0,1,1,5,2025,0,4,10,0,2.25,90.0,0,1623,1494,0,102973.0
2,0,3,0,0,2,2.0,0,0,1,0,0,0,11,2022,0,1,1,0,2.0,2.0,0,1626,1551,0,96070.0
5,0,4,5,2,3,7.0,0,0,1,0,0,1,5,2020,0,2,4,0,3.5,28.0,0,1682,1611,1,168899.0
5,0,2,1,2,1,2.0,2,0,1,1,0,1,6,2023,0,3,7,0,0.6666666666666666,14.0,1,1682,1595,0,102000.0
5,0,0,3,0,3,11.0,0,1,0,0,0,1,11,2022,0,2,5,0,5.5,55.0,0,1682,1567,0,154516.0
2,0,2,6,1,3,14.0,1,1,1,1,0,0,5,2025,0,3,6,0,4.666666666666667,84.0,0,1626,1595,0,120585.0
3,2,2,6,0,3,5.0,1,1,0,1,1,1,2,2025,0,4,12,1,1.25,60.0,1,1623,1595,1,202887.5
3,2,6,4,0,1,7.0,0,0,0,1,0,0,12,2023,0,1,3,0,7.0,21.0,0,1623,676,0,78831.0
1,2,3,6,1,3,14.0,2,1,0,1,1,1,1,2024,0,4,12,1,3.5,168.0,1,1714,1551,0,113873.0
1,0,4,5,3,1,1.0,0,1,0,1,0,0,2,2023,0,2,5,0,0.5,5.0,0,1714,1611,0,88448.0
1,0,3,2,1,1,1.0,1,1,0,0,0,0,1,2025,0,1,2,0,1.0,2.0,0,1714,1551,0,113873.0
2,2,0,6,2,2,8.0,0,0,1,0,0,0,8,2025,0,1,1,0,8.0,8.0,0,1626,1567,0,71699.0
5,1,3,4,0,1,0.0,2,0,0,0,0,1,1,2024,0,1,3,0,0.0,0.0,0,1682,1551,0,102007.0
5,2,0,2,2,2,10.0,2,1,1,1,0,1,6,2023,0,4,9,0,2.5,90.0,1,1682,1567,0,136378.0
1,0,2,3,0,2,11.0,0,0,0,1,1,1,1,2026,0,3,10,1,3.6666666666666665,110.0,1,1714,1595,0,98540.0
4,0,6,4,2,2,7.0,2,1,0,0,0,1,1,2020,0,2,5,0,3.5,35.0,0,1661,676,0,89552.0
2,2,2,0,1,2,13.0,3,1,0,0,0,1,10,2021,0,2,5,0,6.5,65.0,0,1626,1595,0,89471.0
2,2,4,6,1,2,9.0,2,0,1,0,1,0,1,2025,0,2,5,0,4.5,45.0,0,1626,1611,0,113873.0
3,1,2,0,2,3,7.0,0,0,0,1,0,1,8,2021,0,2,6,0,3.5,42.0,1,1623,1595,0,123005.0
1,1,0,0,0,1,12.0,2,1,0,1,0,1,3,2026,0,3,8,0,4.0,96.0,1,1714,1567,0,76990.0
2,0,2,7,2,2,10.0,0,0,0,1,0,0,1,2026,0,1,3,0,10.0,30.0,0,1626,1595,0,107769.0
1,0,5,4,2,2,12.0,3,1,0,0,1,1,6,2026,0,3,9,0,4.0,108.0,0,1714,1494,0,102137.0
0,1,5,0,2,3,1.0,0,1,1,1,0,1,3,2020,0,4,9,0,0.25,9.0,1,1679,1494,1,164252.0
0,1,6,1,2,2,1.0,1,1,1,1,0,0,7,2022,0,3,6,0,0.3333333333333333,6.0,0,1679,676,0,133002.0
4,2,0,1,1,3,7.0,2,1,1,1,0,1,12,2026,0,4,9,0,1.75,63.0,1,1661,1567,0,129709.0
5,2,1,1,1,3,7.0,1,0,0,0,0,1,1,2022,0,1,3,0,7.0,21.0,0,1682,1531,0,153059.0
5,3,1,0,0,3,4.0,0,0,1,1,0,1,11,2024,0,3,7,0,1.3333333333333333,28.0,1,1682,1531,0,149756.0
2,2,3,4,0,3,4.0,0,0,1,1,1,1,1,2023,0,4,11,1,1.0,44.0,1,1626,1551,0,135009.0
4,2,2,0,3,1,12.0,1,0,0,1,1,1,5,2021,0,3,10,1,4.0,120.0,1,1661,1595,0,113873.0
2,0,0,0,2,3,7.0,2,1,1,1,0,0,9,2024,0,3,6,0,2.333333333333333,42.0,0,1626,1567,0,131346.0
3,0,1,5,2,3,14.0,0,1,1,1,0,0,2,2021,0,3,6,0,4.666666666666667,84.0,0,1623,1531,0,138157.0
1,0,3,1,2,2,3.0,1,1,0,1,0,0,4,2021,1,2,5,0,1.5,15.0,0,1714,1551,0,105156.0
3,0,1,1,2,2,7.0,1,1,1,1,0,1,11,2026,1,4,9,0,1.75,63.0,1,1623,1531,0,113873.0
3,0,1,3,2,1,8.0,2,0,1,0,0,0,1,2024,1,1,1,0,8.0,8.0,0,1623,1531,0,61640.0
2,0,6,1,0,2,9.0,0,1,1,0,0,0,2,2025,1,2,3,0,4.5,27.0,0,1626,676,0,75108.0
0,0,1,4,0,2,4.0,1,0,1,1,0,0,6,2020,1,2,4,0,2.0,16.0,0,1679,1531,0,127879.0
3,2,1,1,2,1,7.0,3,0,0,1,1,1,9,2026,0,3,10,1,2.333333333333333,70.0,1,1623,1531,0,113873.0
1,2,4,7,2,1,1.0,0,1,0,1,0,0,10,2026,0,2,5,0,0.5,5.0,0,1714,1611,0,65657.0
1,1,4,0,1,3,5.0,2,1,1,1,1,0,1,2025,0,4,10,1,1.25,50.0,0,1714,1611,0,131596.0
0,3,2,0,0,2,11.0,1,1,1,0,1,1,1,2021,0,4,10,0,2.75,110.0,0,1679,1595,0,131074.0
4,2,4,3,0,2,7.0,1,0,0,0,0,1,6,2025,0,1,3,0,7.0,21.0,0,1661,1611,0,83770.0
1,0,0,1,2,2,0.0,1,0,0,1,0,0,3,2024,0,1,3,0,0.0,0.0,0,1714,1567,0,88681.0
4,1,1,5,2,2,7.0,1,0,0,1,0,1,1,2024,0,2,6,0,3.5,42.0,1,1661,1531,0,113873.0
0,1,5,5,0,4,3.7,1,0,1,0,1,0,6,2025,0,2,5,0,1.85,18.5,0,1679,1494,0,156992.0
4,0,6,7,2,1,7.0,2,0,1,1,0,1,6,2023,0,3,7,0,2.333333333333333,49.0,1,1661,676,0,90370.0
3,0,2,0,0,1,4.0,0,0,1,1,0,0,11,2023,0,2,4,0,2.0,16.0,0,1623,1595,0,67098.0
2,0,0,6,1,3,3.0,0,0,1,0,0,0,11,2021,1,1,1,0,3.0,3.0,0,1626,1567,0,98843.0
3,1,1,0,1,4,7.0,0,0,1,1,0,1,1,2020,1,3,7,0,2.333333333333333,49.0,1,1623,1531,0,110479.0
3,2,3,3,2,1,11.0,2,0,1,1,1,1,7,2024,1,4,11,1,2.75,121.0,1,1623,1551,0,92311.0
5,2,5,5,3,1,7.0,3,0,1,0,1,1,4,2022,1,3,8,0,2.333333333333333,56.0,0,1682,1494,0,112276.0
0,0,3,3,2,3,13.0,0,1,0,1,1,1,4,2026,2,4,12,1,3.25,156.0,1,1679,1551,1,182849.0
1,0,1,1,0,1,3.0,3,0,1,1,0,0,3,2021,2,2,4,0,1.5,12.0,0,1714,1531,0,82781.0
3,0,2,6,2,1,13.0,2,1,0,1,1,1,5,2024,2,4,12,1,3.25,156.0,1,1623,1595,0,112345.0
0,0,1,2,1,1,9.0,1,0,1,1,0,1,4,2025,2,3,7,0,3.0,63.0,1,1679,1531,0,113873.0
2,0,4,2,2,4,4.0,1,0,1,1,0,1,4,2021,2,3,7,0,1.3333333333333333,28.0,1,1626,1611,0,75100.0
5,3,2,4,0,2,4.0,2,1,1,1,0,1,11,2025,2,4,9,0,1.0,36.0,1,1682,1595,1,164758.0
2,0,3,1,2,1,0.0,1,0,1,1,0,0,8,2022,2,2,4,0,0.0,0.0,0,1626,1551,0,65521.0
5,0,4,6,0,1,1.0,2,1,1,1,0,0,1,2023,1,3,6,0,0.3333333333333333,6.0,0,1682,1611,0,124310.0
3,0,2,7,2,4,4.5,0,1,0,1,0,0,2,2026,1,2,5,0,2.25,22.5,0,1623,1595,0,85201.0
3,0,3,5,0,1,13.0,2,1,0,1,0,1,9,2021,2,3,8,0,4.333333333333333,104.0,1,1623,1551,0,99891.0
3,2,0,3,2,1,11.0,1,0,1,0,1,0,3,2023,2,2,5,0,5.5,55.0,0,1623,1567,0,84379.0
2,1,3,1,2,1,14.0,1,0,1,0,0,1,2,2026,2,2,4,0,7.0,56.0,0,1626,1551,0,64752.0
4,2,4,2,0,3,12.0,2,1,1,1,1,1,2,2023,2,5,13,1,2.4,156.0,1,1661,1611,0,109268.0
4,0,5,0,0,2,14.0,2,0,1,0,0,1,2,2024,2,2,4,0,7.0,56.0,0,1661,1494,0,101861.0
0,0,6,2,2,3,5.0,1,0,1,0,1,0,8,2020,2,2,5,0,2.5,25.0,0,1679,676,0,113873.0
3,0,1,2,2,2,7.0,3,0,1,1,0,1,2,2020,2,3,7,0,2.333333333333333,49.0,1,1623,1531,0,100518.0
1,2,0,5,0,1,9.0,1,0,1,1,1,1,11,2025,2,4,11,1,2.25,99.0,1,1714,1567,1,202887.5
1,2,0,0,0,3,5.0,0,1,1,1,1,1,9,2024,2,5,13,1,1.0,65.0,1,1714,1567,0,141564.0
4,0,3,3,0,2,1.0,2,0,1,1,0,1,4,2026,1,3,7,0,0.3333333333333333,7.0,1,1661,1551,0,103933.0
0,0,3,4,1,1,4.0,2,0,1,0,0,1,1,2025,1,2,4,0,2.0,16.0,0,1679,1551,0,120617.0
5,1,5,3,2,3,8.0,1,1,1,1,0,1,7,2026,1,4,9,0,2.0,72.0,1,1682,1494,1,163110.0
5,2,0,3,3,1,12.0,2,1,1,1,1,0,12,2025,0,4,10,1,3.0,120.0,0,1682,1567,0,115841.0
2,3,4,6,1,2,7.0,1,0,1,0,0,0,6,2025,0,1,1,0,7.0,7.0,0,1626,1611,0,75400.0
3,0,2,7,1,3,1.0,0,0,1,1,1,1,8,2026,0,4,11,1,0.25,11.0,1,1623,1595,0,135593.0
2,1,5,4,1,1,11.0,2,1,1,1,0,1,12,2020,0,4,9,0,2.75,99.0,1,1626,1494,0,70407.0
1,0,2,2,2,2,12.0,2,0,0,1,0,0,7,2024,0,1,3,0,12.0,36.0,0,1714,1595,0,110968.0
3,0,5,0,0,3,7.0,2,1,1,0,1,1,7,2026,0,4,10,0,1.75,70.0,0,1623,1494,0,140944.0
3,0,4,6,2,1,3.0,2,0,0,0,1,1,7,2025,1,2,7,0,1.5,21.0,0,1623,1611,0,71911.0
1,2,3,5,1,1,1.0,2,0,1,0,1,1,10,2020,1,3,8,0,0.3333333333333333,8.0,0,1714,1551,0,65740.0
4,2,5,2,0,4,5.0,0,0,1,1,0,0,10,2025,1,2,4,0,2.5,20.0,0,1661,1494,0,117041.0
4,1,6,7,2,1,14.0,0,0,1,0,1,1,10,2021,1,3,8,0,4.666666666666667,112.0,0,1661,676,0,78252.0
5,1,0,3,2,2,12.0,3,0,1,1,0,0,5,2023,1,2,4,0,6.0,48.0,0,1682,1567,0,127582.0
3,2,5,0,2,2,8.0,2,0,1,1,0,0,3,2021,1,2,4,0,4.0,32.0,0,1623,1494,0,105770.0
0,0,1,3,1,1,6.0,2,1,1,1,1,1,1,2022,1,5,13,1,1.2,78.0,1,1679,1531,0,154262.0
3,2,2,3,2,2,6.7,1,1,1,1,1,1,8,2021,1,5,13,1,1.34,87.10000000000001,1,1623,1595,0,111531.0
0,1,6,6,0,1,6.0,2,1,1,1,0,1,5,2024,1,4,9,0,1.5,54.0,1,1679,676,0,102177.0
1,0,2,5,1,3,7.0,0,1,1,0,1,1,11,2025,1,4,10,0,1.75,70.0,0,1714,1595,0,148744.0
3,0,0,4,0,2,5.0,1,0,1,1,0,0,6,2022,1,2,4,0,2.5,20.0,0,1623,1567,0,108473.0
3,1,1,0,2,2,2.0,2,0,0,1,0,1,1,2022,1,2,6,0,1.0,12.0,1,1623,1531,0,103959.0
1,0,4,7,1,3,4.0,0,0,0,1,0,1,1,2025,1,2,6,0,2.0,24.0,1,1714,1611,0,147405.0
1,1,2,3,3,2,11.0,2,0,0,0,1,1,1,2024,1,2,7,0,5.5,77.0,0,1714,1595,0,113873.0
0,1,5,1,2,3,11.0,2,1,1,0,1,0,5,2026,1,3,7,0,3.6666666666666665,77.0,0,1679,1494,0,153284.0
1,0,3,5,2,2,10.0,2,0,0,0,1,1,4,2024,1,2,7,0,5.0,70.0,0,1714,1551,0,95141.0
3,0,3,5,2,2,6.0,2,0,1,1,0,1,5,2025,1,3,7,0,2.0,42.0,1,1623,1551,0,137825.0
1,1,1,4,1,3,6.0,1,0,1,1,0,0,8,2022,1,2,4,0,3.0,24.0,0,1714,1531,0,129989.0
0,1,5,4,1,2,8.0,2,1,0,1,1,1,7,2023,1,4,12,1,2.0,96.0,1,1679,1494,0,135600.0
2,1,2,4,2,2,12.0,3,1,0,0,1,1,4,2021,1,3,9,0,4.0,108.0,0,1626,1595,0,101663.0
0,0,1,3,3,3,12.0,1,1,1,1,0,0,2,2021,1,3,6,0,4.0,72.0,0,1679,1531,1,174607.0
4,0,3,1,1,3,7.0,1,1,1,0,0,1,3,2020,1,3,6,0,2.333333333333333,42.0,0,1661,1551,0,148904.0
3,2,0,5,0,1,5.0,0,0,0,1,0,0,6,2025,1,1,3,0,5.0,15.0,0,1623,1567,0,66912.0
2,2,4,5,1,1,10.0,0,0,0,0,0,1,11,2021,1,1,3,0,10.0,30.0,0,1626,1611,0,69711.0
2,2,4,5,0,2,6.0,0,0,0,1,1,1,12,2021,1,3,10,1,2.0,60.0,1,1626,1611,0,111961.0
3,0,0,4,2,1,14.0,0,1,1,1,0,0,6,2022,1,3,6,0,4.666666666666667,84.0,0,1623,1567,0,84117.0
1,1,3,2,1,1,10.0,1,1,1,1,1,0,12,2026,1,4,10,1,2.5,100.0,0,1714,1551,0,78524.0
3,0,2,1,1,2,10.0,0,1,1,1,0,0,5,2026,2,3,6,0,3.333333333333333,60.0,0,1623,1595,0,94107.0
4,2,2,6,0,1,7.0,1,0,0,0,1,0,1,2022,2,1,4,0,7.0,28.0,0,1661,1595,1,202887.5
0,0,2,5,0,3,4.0,2,1,1,1,1,0,12,2020,2,4,10,1,1.0,40.0,0,1679,1595,1,190634.0
2,0,3,7,2,1,2.0,0,0,1,1,0,0,8,2025,2,2,4,0,1.0,8.0,0,1626,1551,0,67099.0
0,1,3,5,1,1,4.0,1,0,1,1,1,0,12,2022,1,3,8,1,1.3333333333333333,32.0,0,1679,1551,0,107135.0
5,2,4,6,1,2,3.0,1,1,0,1,0,1,3,2023,1,3,8,0,1.0,24.0,1,1682,1611,1,202887.5
2,0,2,5,1,2,5.6,2,1,1,1,0,0,9,2022,1,3,6,0,1.8666666666666665,33.599999999999994,0,1626,1595,0,106055.0
1,0,0,2,0,3,0.0,1,0,1,0,0,1,4,2024,1,2,4,0,0.0,0.0,0,1714,1567,0,128000.0
3,3,2,3,2,2,3.0,2,1,1,1,1,1,4,2022,1,5,13,1,0.6,39.0,1,1623,1595,0,104517.0
5,1,2,6,0,1,1.0,1,1,1,1,0,1,4,2020,1,4,9,0,0.25,9.0,1,1682,1595,0,103638.0
0,0,3,6,3,3,14.0,2,1,0,0,1,1,5,2023,1,3,9,0,4.666666666666667,126.0,0,1679,1551,1,170075.0
1,1,4,1,1,4,7.0,2,0,1,1,1,1,11,2024,0,4,11,1,1.75,77.0,1,1714,1611,0,93785.0
0,2,2,2,2,3,6.0,1,1,1,0,1,0,5,2026,0,3,7,0,2.0,42.0,0,1679,1595,0,152331.0
2,1,3,2,0,1,7.0,0,0,1,0,1,1,11,2023,2,3,8,0,2.333333333333333,56.0,0,1626,1551,0,79394.0
5,1,4,3,0,3,11.0,1,0,1,0,0,1,11,2022,2,2,4,0,5.5,44.0,0,1682,1611,0,113873.0
3,0,1,2,0,1,4.0,0,0,1,1,0,1,12,2021,2,3,7,0,1.3333333333333333,28.0,1,1623,1531,0,75125.0
0,3,5,4,1,1,5.0,2,0,1,0,0,0,3,2022,1,1,1,0,5.0,5.0,0,1679,1494,0,92364.0
1,1,5,5,2,3,5.0,0,1,1,0,1,1,4,2021,1,4,10,0,1.25,50.0,0,1714,1494,0,126927.0
4,0,1,2,2,3,5.0,3,1,0,1,1,0,12,2026,1,3,9,1,1.6666666666666667,45.0,0,1661,1531,0,146127.0
5,1,5,6,0,2,7.0,2,0,1,1,1,1,12,2025,1,4,11,1,1.75,77.0,1,1682,1494,0,159552.0
6,0,0,0,1,2,14.0,3,0,0,1,1,0,5,2025,1,2,7,1,7.0,98.0,0,40,1567,0,146400.0
3,0,0,4,2,2,0.0,0,0,1,0,0,1,5,2022,1,2,4,0,0.0,0.0,0,1623,1567,0,86388.0
0,1,3,4,2,3,8.0,0,1,0,0,0,0,12,2024,2,1,2,0,8.0,16.0,0,1679,1551,0,155049.0
3,2,5,7,0,1,11.0,2,0,0,1,0,1,5,2026,2,2,6,0,5.5,66.0,1,1623,1494,0,61640.0
4,0,6,4,3,3,2.5,1,1,0,1,1,1,11,2024,2,4,12,1,0.625,30.0,1,1661,676,1,164700.0
1,1,0,6,2,1,8.0,1,1,1,1,0,1,3,2022,2,4,9,0,2.0,72.0,1,1714,1567,0,75819.0
4,0,5,1,1,1,9.0,0,0,0,1,1,0,3,2022,2,2,7,1,4.5,63.0,0,1661,1494,0,98715.0
2,2,0,7,2,1,10.0,1,1,0,0,1,1,1,2024,2,3,9,0,3.333333333333333,90.0,0,1626,1567,0,78627.0
4,0,3,2,0,1,8.0,0,1,1,0,1,0,5,2022,2,3,7,0,2.6666666666666665,56.0,0,1661,1551,0,65409.0
0,0,4,3,1,2,6.0,0,1,1,1,0,0,7,2025,2,3,6,0,2.0,36.0,0,1679,1611,0,135000.0
0,1,1,7,0,3,12.0,0,1,1,1,1,1,6,2025,2,5,13,1,2.4,156.0,1,1679,1531,1,168315.0
5,1,3,6,0,3,3.0,3,0,0,1,1,1,4,2024,2,3,10,1,1.0,30.0,1,1682,1551,1,202887.5
1,3,1,1,3,0,9.0,2,1,0,0,0,1,12,2022,2,2,5,0,4.5,45.0,0,1714,1531,0,61640.0
1,2,2,7,1,2,0.0,2,1,0,1,1,0,5,2024,0,3,9,1,0.0,0.0,0,1714,1595,0,102985.0
1,2,4,3,2,4,7.0,3,1,1,1,0,1,6,2021,0,4,9,0,1.75,63.0,1,1714,1611,0,128533.0
3,0,1,7,1,4,3.0,2,1,1,1,1,0,9,2026,0,4,10,1,0.75,30.0,0,1623,1531,1,202887.5
6,0,0,0,3,2,5.0,0,1,1,1,1,0,10,2020,0,4,10,1,1.25,50.0,0,40,1567,0,149810.0
1,3,0,4,3,3,5.0,1,0,1,1,0,0,2,2022,0,2,4,0,2.5,20.0,0,1714,1567,0,138004.0
0,3,0,4,1,3,10.8,2,0,1,0,0,1,10,2026,0,2,4,0,5.4,43.2,0,1679,1567,1,163970.0
3,3,0,3,2,2,2.0,2,0,1,1,0,0,2,2026,0,2,4,0,1.0,8.0,0,1623,1567,0,108558.0
5,2,6,7,0,3,7.0,2,1,0,1,1,0,11,2021,0,3,9,1,2.333333333333333,63.0,0,1682,676,1,202887.5
2,0,5,1,2,3,3.0,0,1,1,0,0,1,5,2022,0,3,6,0,1.0,18.0,0,1626,1494,0,148689.0
2,2,0,1,2,3,10.0,1,0,1,1,0,0,5,2026,0,2,4,0,5.0,40.0,0,1626,1567,0,111315.0
0,1,6,5,0,2,2.0,1,0,1,1,1,1,6,2021,0,4,11,1,0.5,22.0,1,1679,676,0,156336.0
5,1,4,6,2,1,14.0,0,0,1,1,0,1,11,2023,2,3,7,0,4.666666666666667,98.0,1,1682,1611,0,61640.0
4,0,4,1,2,2,11.0,0,1,0,1,1,0,5,2023,0,3,9,1,3.6666666666666665,99.0,0,1661,1611,0,106596.0
2,0,3,3,2,2,7.0,3,0,1,0,0,0,9,2021,0,1,1,0,7.0,7.0,0,1626,1551,0,99200.0
4,1,2,3,2,3,0.0,0,0,0,1,1,1,5,2023,0,3,10,1,0.0,0.0,1,1661,1595,0,140413.0
4,1,4,1,2,1,7.0,1,0,0,0,1,0,5,2020,0,1,4,0,7.0,28.0,0,1661,1611,0,67522.0
4,2,5,2,1,3,10.0,2,0,1,1,0,1,7,2022,0,3,7,0,3.333333333333333,70.0,1,1661,1494,0,110683.0
2,1,6,6,0,1,9.0,1,0,1,1,0,1,5,2021,0,3,7,0,3.0,63.0,1,1626,676,0,74200.0
4,2,6,2,1,1,7.0,0,0,0,0,0,1,8,2024,2,1,3,0,7.0,21.0,0,1661,676,0,62597.0
1,2,2,6,1,4,3.0,1,0,0,0,0,1,12,2020,2,1,3,0,3.0,9.0,0,1714,1595,0,107815.0
2,2,4,7,1,2,12.0,0,0,1,1,1,1,7,2025,2,4,11,1,3.0,132.0,1,1626,1611,0,116452.0
3,1,5,6,2,3,7.0,0,0,1,1,0,0,1,2025,2,2,4,0,3.5,28.0,0,1623,1494,0,113651.0
2,0,4,3,3,2,9.3,2,1,0,0,0,0,3,2025,2,1,2,0,9.3,18.6,0,1626,1611,0,96870.0
2,1,5,0,0,3,6.0,2,0,1,0,1,1,8,2023,2,3,8,0,2.0,48.0,0,1626,1494,0,122626.0
3,2,2,1,1,2,8.3,1,1,1,0,0,1,8,2021,2,3,6,0,2.766666666666667,49.8,0,1623,1595,0,83066.0
1,0,3,4,0,2,12.6,2,1,0,1,0,1,1,2025,2,3,8,0,4.2,100.8,1,1714,1551,0,113873.0
3,0,1,6,1,3,12.0,1,1,1,1,1,1,8,2026,2,5,13,1,2.4,156.0,1,1623,1531,0,155285.0
1,2,3,5,3,1,7.0,3,0,1,1,1,1,3,2026,2,4,11,1,1.75,77.0,1,1714,1551,0,69858.0
1,0,0,6,2,1,7.0,0,0,1,1,1,0,1,2020,0,3,8,1,2.333333333333333,56.0,0,1714,1567,1,202887.5
2,0,5,7,0,3,3.0,1,0,0,1,1,0,5,2026,0,2,7,1,1.5,21.0,0,1626,1494,0,125200.0
5,0,0,6,2,3,1.0,1,0,1,1,1,1,12,2020,0,4,11,1,0.25,11.0,1,1682,1567,1,180986.0
2,0,3,4,2,1,3.0,2,0,1,1,0,1,8,2021,0,3,7,0,1.0,21.0,1,1626,1551,0,95685.0
3,0,1,0,2,4,14.0,2,0,0,1,0,1,12,2024,0,2,6,0,7.0,84.0,1,1623,1531,0,109236.0
1,3,5,1,2,3,12.0,2,0,0,0,1,0,9,2026,0,1,4,0,12.0,48.0,0,1714,1494,1,202887.5
4,1,1,3,2,2,13.0,1,0,0,0,0,1,9,2021,0,1,3,0,13.0,39.0,0,1661,1531,0,88307.0
5,3,5,0,0,1,14.0,1,0,1,1,1,0,11,2021,0,3,8,1,4.666666666666667,112.0,0,1682,1494,0,115899.0
1,0,6,0,0,3,14.0,2,0,1,0,1,0,4,2021,0,2,5,0,7.0,70.0,0,1714,676,0,149052.0
5,0,3,1,1,1,10.6,1,0,1,0,1,0,12,2020,2,2,5,0,5.3,53.0,0,1682,1551,1,202887.5
3,2,4,2,2,3,11.0,3,0,0,1,1,1,11,2020,2,3,10,1,3.6666666666666665,110.0,1,1623,1611,0,140226.0
0,0,4,6,0,2,5.0,1,0,1,1,1,0,9,2025,2,3,8,1,1.6666666666666667,40.0,0,1679,1611,0,113873.0
2,2,1,7,0,1,6.0,3,0,1,0,0,1,10,2024,2,2,4,0,3.0,24.0,0,1626,1531,0,113873.0
5,2,6,4,1,3,1.0,1,0,1,1,0,0,12,2024,1,2,4,0,0.5,4.0,0,1682,676,0,153097.0
2,1,2,4,0,1,2.0,1,0,0,1,1,0,7,2023,1,2,7,1,1.0,14.0,0,1626,1595,0,79728.0
2,0,4,2,0,2,12.0,0,0,0,0,0,1,9,2022,1,1,3,0,12.0,36.0,0,1626,1611,0,113873.0
4,1,5,7,0,2,3.0,0,1,1,1,1,1,3,2023,1,5,13,1,0.6,39.0,1,1661,1494,0,116247.0
4,1,4,6,1,3,14.5,1,1,0,0,0,0,6,2025,1,1,2,0,14.5,29.0,0,1661,1611,0,102833.0
6,1,3,1,1,2,0.0,0,1,1,1,0,1,6,2025,1,4,9,0,0.0,0.0,1,40,1551,0,157807.0
1,0,2,7,3,3,7.0,2,0,0,0,1,1,12,2020,1,2,7,0,3.5,49.0,0,1714,1595,0,118874.0
2,0,1,4,1,1,7.0,2,0,1,1,1,1,2,2026,1,4,11,1,1.75,77.0,1,1626,1531,0,92359.0
2,1,5,7,2,3,10.0,1,1,0,1,0,1,4,2026,1,3,8,0,3.333333333333333,80.0,1,1626,1494,0,123432.0
5,1,0,3,1,3,8.0,0,0,0,0,0,1,7,2021,1,1,3,0,8.0,24.0,0,1682,1567,0,61640.0
4,1,0,1,1,1,7.0,0,1,1,1,1,0,6,2026,1,4,10,1,1.75,70.0,0,1661,1567,0,78329.0
0,2,4,6,0,2,14.0,2,1,0,1,0,0,9,2021,1,2,5,0,7.0,70.0,0,1679,1611,0,113873.0
4,2,3,4,2,1,8.0,3,0,0,0,1,1,5,2021,0,2,7,0,4.0,56.0,0,1661,1551,0,79968.0
1,1,1,7,1,0,0.0,0,1,0,0,1,1,2,2021,0,3,9,0,0.0,0.0,0,1714,1531,0,71251.0
3,1,1,6,1,2,3.0,0,0,1,1,0,1,12,2023,0,3,7,0,1.0,21.0,1,1623,1531,0,84363.0
0,0,5,6,2,3,4.0,2,1,0,0,0,0,7,2026,0,1,2,0,4.0,8.0,0,1679,1494,0,138856.0
5,1,5,6,0,3,0.8,1,0,1,0,1,1,1,2026,0,3,8,0,0.2666666666666666,6.4,0,1682,1494,0,160184.0
0,3,0,6,2,3,4.0,0,1,1,1,0,1,5,2022,0,4,9,0,1.0,36.0,1,1679,1567,1,184779.0
1,0,5,0,0,2,11.0,1,1,1,1,0,1,6,2026,0,4,9,0,2.75,99.0,1,1714,1494,0,90060.0
0,1,2,5,3,3,10.0,0,0,0,0,0,1,4,2023,0,1,3,0,10.0,30.0,0,1679,1595,0,147030.0
1,3,0,7,2,3,1.0,0,0,1,0,1,1,9,2026,1,3,8,0,0.3333333333333333,8.0,0,1714,1567,0,113873.0
3,1,5,0,2,2,9.0,1,0,0,1,0,1,1,2022,1,2,6,0,4.5,54.0,1,1623,1494,0,80917.0
0,0,3,6,1,2,14.0,2,0,1,0,0,1,7,2022,1,2,4,0,7.0,56.0,0,1679,1551,0,149173.0
3,1,6,2,1,4,4.0,0,1,1,1,1,1,6,2024,0,5,13,1,0.8,52.0,1,1623,676,0,110876.0
4,1,5,2,3,1,10.0,0,0,1,0,0,0,6,2022,0,1,1,0,10.0,10.0,0,1661,1494,0,113873.0
4,0,3,1,1,3,0.0,1,1,1,1,1,1,1,2020,0,5,13,1,0.0,0.0,1,1661,1551,0,155087.0
3,0,6,2,1,1,7.0,0,0,1,0,0,1,8,2025,0,2,4,0,3.5,28.0,0,1623,676,1,202887.5
2,0,2,3,1,3,0.0,0,0,1,1,0,0,3,2022,0,2,4,0,0.0,0.0,0,1626,1595,0,133243.0
2,2,4,4,1,2,7.0,3,1,1,0,0,0,1,2022,0,2,3,0,3.5,21.0,0,1626,1611,0,61640.0
0,2,0,2,1,3,4.0,2,0,0,1,1,1,10,2025,0,3,10,1,1.3333333333333333,40.0,1,1679,1567,1,174619.0
4,2,3,2,1,2,0.0,3,0,1,0,0,1,11,2023,0,2,4,0,0.0,0.0,0,1661,1551,0,96903.0
0,0,4,5,3,2,9.0,0,1,0,0,1,1,4,2024,0,3,9,0,3.0,81.0,0,1679,1611,0,155500.0
0,2,0,3,2,2,5.0,0,1,1,0,0,1,12,2026,0,3,6,0,1.6666666666666667,30.0,0,1679,1567,0,127871.0
1,3,4,4,3,2,0.0,1,0,1,1,0,1,2,2026,0,3,7,0,0.0,0.0,1,1714,1611,0,86194.0
1,2,3,5,2,3,14.0,3,1,0,0,0,1,3,2025,0,2,5,0,7.0,70.0,0,1714,1551,0,98441.0
1,1,5,3,2,4,2.0,2,0,1,0,1,1,11,2020,0,3,8,0,0.6666666666666666,16.0,0,1714,1494,0,79500.0
5,0,5,4,1,3,10.0,1,1,1,0,0,0,3,2026,0,2,3,0,5.0,30.0,0,1682,1494,1,179127.0
0,1,3,0,2,1,2.1,0,1,0,0,0,0,3,2026,0,1,2,0,2.1,4.2,0,1679,1551,0,101518.0
2,0,1,1,1,1,13.0,0,1,0,0,0,1,6,2022,0,2,5,0,6.5,65.0,0,1626,1531,0,99514.0
2,0,1,2,2,2,5.0,1,1,1,1,1,1,4,2024,0,5,13,1,1.0,65.0,1,1626,1531,0,61640.0
1,0,4,5,2,1,4.0,1,0,1,1,1,0,4,2023,0,3,8,1,1.3333333333333333,32.0,0,1714,1611,0,96971.0
2,0,2,1,2,4,7.0,0,0,1,1,1,1,4,2025,0,4,11,1,1.75,77.0,1,1626,1595,0,61640.0
4,1,3,2,2,2,11.0,0,0,1,1,0,1,2,2021,0,3,7,0,3.6666666666666665,77.0,1,1661,1551,0,93865.0
4,0,4,6,2,3,14.0,1,1,0,1,1,0,12,2024,0,3,9,1,4.666666666666667,126.0,0,1661,1611,0,133509.0
0,0,5,7,0,3,5.0,1,0,1,0,1,0,12,2021,0,2,5,0,2.5,25.0,0,1679,1494,0,158749.0
4,2,3,0,2,2,7.0,3,1,1,0,1,1,4,2024,0,4,10,0,1.75,70.0,0,1661,1551,0,61640.0
1,2,3,6,2,2,7.0,1,1,0,0,0,0,9,2024,0,1,2,0,7.0,14.0,0,1714,1551,0,93857.0
5,0,5,4,2,2,14.0,1,1,1,0,0,1,8,2024,0,3,6,0,4.666666666666667,84.0,0,1682,1494,0,155874.0
0,3,0,4,0,3,3.0,2,0,1,0,1,1,8,2021,0,3,8,0,1.0,24.0,0,1679,1567,1,162700.0
5,2,4,3,3,1,10.0,2,0,0,0,1,1,5,2021,0,2,7,0,5.0,70.0,0,1682,1611,0,115386.0
3,0,5,1,0,4,10.0,1,0,1,1,0,0,9,2025,0,2,4,0,5.0,40.0,0,1623,1494,0,115568.0
4,0,3,5,0,3,10.0,1,1,0,1,0,0,2,2025,0,2,5,0,5.0,50.0,0,1661,1551,0,113061.0
1,2,0,2,1,2,14.0,2,0,1,0,0,1,10,2026,0,2,4,0,7.0,56.0,0,1714,1567,0,82429.0
1,1,2,3,1,3,9.0,0,1,1,1,0,0,7,2024,0,3,6,0,3.0,54.0,0,1714,1595,0,113873.0
1,0,2,5,2,3,7.0,2,1,0,0,1,0,9,2025,0,2,6,0,3.5,42.0,0,1714,1595,0,134371.0
1,0,0,5,1,3,10.0,1,0,0,1,0,0,4,2025,0,1,3,0,10.0,30.0,0,1714,1567,0,136731.0
0,2,0,5,1,0,10.0,2,0,1,0,0,0,3,2023,0,1,1,0,10.0,10.0,0,1679,1567,0,89316.0
4,0,5,3,0,3,11.0,2,1,1,1,0,0,1,2020,0,3,6,0,3.6666666666666665,66.0,0,1661,1494,0,153470.0
2,0,5,3,0,2,6.0,0,1,0,1,0,0,6,2026,0,2,5,0,3.0,30.0,0,1626,1494,0,114779.0
1,1,2,6,2,1,11.0,0,0,0,1,1,1,7,2023,0,3,10,1,3.6666666666666665,110.0,1,1714,1595,0,81157.0
0,0,5,1,3,1,12.0,0,0,1,0,0,0,2,2021,0,1,1,0,12.0,12.0,0,1679,1494,0,114456.0
1,0,3,5,0,1,7.0,2,1,0,0,1,0,7,2023,0,2,6,0,3.5,42.0,0,1714,1551,0,80172.0
2,0,4,6,0,3,7.0,2,1,0,0,1,0,1,2023,0,2,6,0,3.5,42.0,0,1626,1611,0,133299.0
1,0,1,5,0,1,12.0,2,1,0,0,0,1,1,2020,0,2,5,0,6.0,60.0,0,1714,1531,0,61640.0
4,0,1,3,2,1,4.0,2,0,1,1,1,1,4,2026,0,4,11,1,1.0,44.0,1,1661,1531,0,84924.0
1,0,1,2,2,3,7.0,1,1,0,1,0,0,6,2025,0,2,5,0,3.5,35.0,0,1714,1531,0,115605.0
3,0,3,4,1,1,4.0,0,0,0,0,0,1,1,2024,0,1,3,0,4.0,12.0,0,1623,1551,0,81153.0
0,2,4,6,1,2,3.0,1,0,1,1,0,1,4,2025,0,3,7,0,1.0,21.0,1,1679,1611,0,61640.0
2,1,1,6,0,3,5.0,0,0,0,0,0,1,5,2022,0,1,3,0,5.0,15.0,0,1626,1531,0,108876.0
0,1,1,2,1,2,4.2,2,1,0,0,0,1,10,2024,1,2,5,0,2.1,21.0,0,1679,1531,0,127472.0
2,0,1,4,1,2,0.0,1,0,0,0,1,0,12,2022,1,1,4,0,0.0,0.0,0,1626,1531,0,93262.0
4,0,3,4,1,3,3.0,0,0,1,1,0,0,1,2022,1,2,4,0,1.5,12.0,0,1661,1551,0,132937.0
0,0,2,4,0,3,7.0,2,1,1,1,0,1,10,2021,1,4,9,0,1.75,63.0,1,1679,1595,1,169700.0
3,0,1,5,2,2,6.0,0,0,0,0,1,0,1,2023,1,1,4,0,6.0,24.0,0,1623,1531,0,89406.0
2,1,0,7,1,1,5.0,0,0,0,1,1,1,2,2024,1,3,10,1,1.6666666666666667,50.0,1,1626,1567,0,85463.0
4,1,5,3,1,3,5.0,0,0,1,0,0,1,1,2021,0,2,4,0,2.5,20.0,0,1661,1494,0,114691.0
0,2,6,4,1,3,10.0,2,0,1,0,0,0,4,2020,0,1,1,0,10.0,10.0,0,1679,676,0,152894.0
5,0,5,5,1,4,7.0,0,0,1,1,1,1,9,2021,2,4,11,1,1.75,77.0,1,1682,1494,1,164700.0
0,3,3,5,0,2,6.0,1,0,0,1,0,0,8,2025,0,1,3,0,6.0,18.0,0,1679,1551,0,147713.0
5,0,4,2,2,1,11.0,2,0,1,0,0,1,1,2021,0,2,4,0,5.5,44.0,0,1682,1611,0,103000.0
4,0,0,1,2,3,6.0,2,0,1,1,0,1,1,2021,0,3,7,0,2.0,42.0,1,1661,1567,0,113873.0
2,0,0,5,2,1,9.0,0,0,1,1,1,0,8,2022,0,3,8,1,3.0,72.0,0,1626,1567,0,113873.0
0,2,6,3,1,4,9.0,1,0,0,1,0,1,10,2026,0,2,6,0,4.5,54.0,1,1679,676,0,140900.0
3,2,2,2,1,1,4.0,2,0,1,0,0,0,4,2020,0,1,1,0,4.0,4.0,0,1623,1595,0,61640.0
0,0,1,0,0,3,6.0,0,0,1,0,1,0,2,2024,0,2,5,0,3.0,30.0,0,1679,1531,1,176024.0
3,1,0,1,0,2,6.0,1,0,1,0,0,1,1,2023,0,2,4,0,3.0,24.0,0,1623,1567,0,86025.0
2,0,5,1,1,3,7.0,1,1,0,0,0,0,1,2024,0,1,2,0,7.0,14.0,0,1626,1494,0,111685.0
2,0,0,4,3,1,7.0,2,0,1,0,1,0,7,2025,1,2,5,0,3.5,35.0,0,1626,1567,0,62163.0
4,1,3,4,1,4,1.0,2,0,1,1,1,0,10,2024,1,3,8,1,0.3333333333333333,8.0,0,1661,1551,0,79109.0
3,2,4,3,0,2,12.0,2,0,1,0,1,1,8,2024,1,3,8,0,4.0,96.0,0,1623,1611,0,97112.0
1,0,0,5,2,3,7.0,2,0,0,1,0,0,5,2024,1,1,3,0,7.0,21.0,0,1714,1567,0,118233.0
5,2,6,2,0,2,7.0,0,0,1,1,0,1,6,2021,1,3,7,0,2.333333333333333,49.0,1,1682,676,0,113873.0
5,3,5,7,0,2,12.0,0,0,0,1,1,0,6,2025,1,2,7,1,6.0,84.0,0,1682,1494,0,147600.0
3,0,6,1,0,2,7.0,2,0,1,1,1,0,3,2025,1,3,8,1,2.333333333333333,56.0,0,1623,676,0,100023.0
0,0,5,7,1,2,4.0,1,0,1,1,1,1,4,2023,1,4,11,1,1.0,44.0,1,1679,1494,0,151377.0
0,2,0,0,1,3,0.0,2,1,1,1,0,1,1,2021,1,4,9,0,0.0,0.0,1,1679,1567,0,158462.0
4,0,5,7,1,1,7.0,0,0,0,1,0,1,2,2025,1,2,6,0,3.5,42.0,1,1661,1494,0,79107.0
1,3,4,5,0,1,7.0,1,0,1,1,0,0,12,2025,1,2,4,0,3.5,28.0,0,1714,1611,0,68108.0
0,0,4,6,0,2,11.0,0,1,0,1,0,1,9,2022,1,3,8,0,3.6666666666666665,88.0,1,1679,1611,0,159159.0
4,0,4,3,1,2,5.0,2,0,1,0,0,1,3,2021,1,2,4,0,2.5,20.0,0,1661,1611,0,81147.0
4,2,3,1,0,4,1.0,0,1,0,0,1,1,4,2024,1,3,9,0,0.3333333333333333,9.0,0,1661,1551,0,74868.0
0,0,0,1,2,0,12.0,2,0,1,1,1,1,4,2024,1,4,11,1,3.0,132.0,1,1679,1567,0,147643.0
5,0,0,0,1,2,14.0,0,0,1,0,1,0,6,2024,1,2,5,0,7.0,70.0,0,1682,1567,0,152038.0
5,0,3,3,0,3,7.0,1,1,1,1,1,1,11,2026,1,5,13,1,1.4,91.0,1,1682,1551,1,187800.0
2,2,6,5,0,3,7.0,3,0,0,1,1,1,7,2020,1,3,10,1,2.333333333333333,70.0,1,1626,676,0,143810.0
5,1,2,7,2,1,7.0,0,1,0,1,0,1,2,2023,1,3,8,0,2.333333333333333,56.0,1,1682,1595,0,126426.0
1,1,0,4,0,3,7.0,2,0,0,1,1,1,1,2020,0,3,10,1,2.333333333333333,70.0,1,1714,1567,0,144434.0
1,0,2,0,1,1,5.0,1,0,1,1,0,0,10,2025,0,2,4,0,2.5,20.0,0,1714,1595,0,81935.0
4,2,2,0,2,2,3.0,0,1,1,1,1,0,8,2020,0,4,10,1,0.75,30.0,0,1661,1595,0,101943.0
3,0,3,7,2,2,13.0,0,0,1,1,1,1,3,2025,0,4,11,1,3.25,143.0,1,1623,1551,0,113873.0
0,1,4,3,1,3,12.0,1,0,1,0,1,0,7,2023,0,2,5,0,6.0,60.0,0,1679,1611,0,157679.0
4,1,0,4,2,3,9.0,2,1,0,1,0,1,1,2023,0,3,8,0,3.0,72.0,1,1661,1567,0,121750.0
2,0,0,4,0,1,13.0,2,1,1,0,0,1,1,2025,0,3,6,0,4.333333333333333,78.0,0,1626,1567,0,82879.0
3,0,0,7,1,3,11.0,2,0,0,1,1,0,11,2023,0,2,7,1,5.5,77.0,0,1623,1567,0,128568.0
4,0,4,2,2,3,14.0,2,0,1,0,1,1,5,2023,0,3,8,0,4.666666666666667,112.0,0,1661,1611,0,149472.0
0,2,2,4,2,2,7.0,2,0,1,1,1,0,1,2026,0,3,8,1,2.333333333333333,56.0,0,1679,1595,0,142793.0
5,0,4,0,2,1,7.0,1,1,1,1,0,0,1,2022,0,3,6,0,2.333333333333333,42.0,0,1682,1611,0,129625.0
3,0,3,3,1,1,0.0,2,0,1,1,1,0,1,2020,0,3,8,1,0.0,0.0,0,1623,1551,0,79454.0
2,0,0,1,2,2,13.0,0,0,0,1,0,0,8,2026,0,1,3,0,13.0,39.0,0,1626,1567,0,61640.0
0,0,6,2,2,1,9.0,2,0,1,0,1,1,8,2020,2,3,8,0,3.0,72.0,0,1679,676,0,104146.0
4,0,1,6,2,1,5.0,0,0,1,1,1,1,1,2025,2,4,11,1,1.25,55.0,1,1661,1531,0,74514.0
1,1,5,1,0,3,0.0,2,1,0,1,1,0,1,2022,2,3,9,1,0.0,0.0,0,1714,1494,0,131300.0
4,1,4,5,1,3,7.0,2,0,0,1,0,0,10,2023,2,1,3,0,7.0,21.0,0,1661,1611,0,118243.0
3,1,2,5,2,1,2.0,1,1,1,0,1,0,10,2023,2,3,7,0,0.6666666666666666,14.0,0,1623,1595,0,62039.0
5,0,0,6,0,3,8.0,2,1,0,1,1,1,10,2022,2,4,12,1,2.0,96.0,1,1682,1567,1,181429.0
2,2,5,4,1,3,9.0,1,0,0,1,1,1,6,2022,2,3,10,1,3.0,90.0,1,1626,1494,0,144313.0
0,2,2,1,2,1,7.0,0,0,1,1,0,0,7,2021,2,2,4,0,3.5,28.0,0,1679,1595,0,105229.0
3,0,2,4,2,3,4.0,2,0,1,0,1,0,7,2021,2,2,5,0,2.0,20.0,0,1623,1595,0,150647.0
3,0,2,2,0,3,4.0,0,0,1,0,0,1,9,2021,2,2,4,0,2.0,16.0,0,1623,1595,0,111979.0
5,2,3,6,1,1,3.0,1,0,0,1,0,0,2,2022,1,1,3,0,3.0,9.0,0,1682,1551,0,113873.0
1,3,6,5,0,3,6.0,1,1,0,0,1,1,10,2026,1,3,9,0,2.0,54.0,0,1714,676,0,121235.0
0,0,1,2,0,2,7.0,0,0,1,0,0,0,10,2023,1,1,1,0,7.0,7.0,0,1679,1531,0,114839.0
5,1,0,1,1,2,6.0,2,0,1,1,1,1,12,2025,1,4,11,1,1.5,66.0,1,1682,1567,0,155979.0
1,0,1,3,1,3,9.0,1,1,0,0,1,1,8,2020,1,3,9,0,3.0,81.0,0,1714,1531,0,127588.0
4,3,5,1,0,1,14.0,0,0,1,1,0,0,11,2023,1,2,4,0,7.0,56.0,0,1661,1494,0,65335.0
2,0,5,2,1,1,5.0,0,0,1,0,1,1,8,2026,1,3,8,0,1.6666666666666667,40.0,0,1626,1494,0,98555.0
5,0,6,4,0,3,5.0,1,1,0,1,1,0,2,2025,1,3,9,1,1.6666666666666667,45.0,0,1682,676,1,191681.0
4,2,4,6,2,2,11.0,0,1,1,0,0,1,6,2022,1,3,6,0,3.6666666666666665,66.0,0,1661,1611,0,84308.0
0,0,4,1,0,1,0.0,1,1,1,1,0,1,6,2025,1,4,9,0,0.0,0.0,1,1679,1611,0,116963.0
0,3,1,7,2,1,13.0,2,0,1,0,0,0,1,2024,1,1,1,0,13.0,13.0,0,1679,1531,0,61640.0
4,0,3,5,1,3,0.0,0,0,0,1,0,1,4,2020,1,2,6,0,0.0,0.0,1,1661,1551,0,141732.0
2,1,0,3,2,3,14.0,0,1,0,1,0,0,12,2020,1,2,5,0,7.0,70.0,0,1626,1567,0,111814.0
4,0,0,0,0,1,6.0,2,1,0,1,0,0,4,2026,1,2,5,0,3.0,30.0,0,1661,1567,0,61850.0
0,1,6,1,2,2,13.0,2,1,0,1,1,1,5,2026,1,4,12,1,3.25,156.0,1,1679,676,0,141591.0
4,0,4,0,1,4,4.0,0,0,0,0,0,1,2,2021,1,1,3,0,4.0,12.0,0,1661,1611,0,113873.0
3,0,3,7,2,2,10.0,2,0,0,0,0,1,1,2026,1,1,3,0,10.0,30.0,0,1623,1551,1,202887.5
0,2,1,1,0,2,10.0,2,1,1,0,1,1,2,2024,1,4,10,0,2.5,100.0,0,1679,1531,0,144021.0
4,0,2,2,2,3,9.0,2,1,1,1,0,0,2,2025,1,3,6,0,3.0,54.0,0,1661,1595,0,132418.0
0,0,4,2,0,4,7.0,2,1,1,1,0,0,4,2023,2,3,6,0,2.333333333333333,42.0,0,1679,1611,0,151437.0
4,0,2,7,2,3,9.0,1,1,1,1,0,0,3,2025,2,3,6,0,3.0,54.0,0,1661,1595,0,132288.0
2,0,5,4,0,2,6.0,2,0,0,0,1,1,9,2023,2,2,7,0,3.0,42.0,0,1626,1494,0,97198.0
0,0,3,0,2,3,7.0,0,0,0,1,0,0,10,2024,2,1,3,0,7.0,21.0,0,1679,1551,0,159881.0
0,1,6,6,3,3,2.0,0,1,1,1,0,0,5,2023,0,3,6,0,0.6666666666666666,12.0,0,1679,676,1,171592.0
1,2,4,4,0,4,14.0,2,1,1,1,0,1,1,2022,0,4,9,0,3.5,126.0,1,1714,1611,0,73061.0
2,0,2,2,0,3,6.0,0,1,1,1,0,0,6,2026,1,3,6,0,2.0,36.0,0,1626,1595,0,132696.0
3,0,0,7,1,3,11.0,0,0,1,0,1,0,11,2022,1,2,5,0,5.5,55.0,0,1623,1567,0,117191.0
1,1,3,2,0,3,5.0,1,1,0,1,0,1,2,2024,1,3,8,0,1.6666666666666667,40.0,1,1714,1551,0,61640.0
3,1,1,5,0,1,7.0,1,0,1,1,0,1,5,2022,1,3,7,0,2.333333333333333,49.0,1,1623,1531,0,76555.0
5,0,5,2,1,1,0.0,1,0,0,1,1,1,7,2024,1,3,10,1,0.0,0.0,1,1682,1494,0,128500.0
0,2,5,7,2,3,8.0,0,1,0,1,1,1,1,2024,1,4,12,1,2.0,96.0,1,1679,1494,1,183700.0
5,0,0,4,1,1,8.0,3,1,0,1,1,1,1,2024,1,4,12,1,2.0,96.0,1,1682,1567,0,113873.0
4,0,5,1,1,1,7.0,0,1,0,1,0,1,11,2023,0,3,8,0,2.333333333333333,56.0,1,1661,1494,0,110000.0
1,2,6,3,2,1,1.0,3,0,0,0,1,1,8,2026,0,2,7,0,0.5,7.0,0,1714,676,0,75382.0
4,2,4,4,2,2,3.0,0,0,0,1,0,1,3,2020,0,2,6,0,1.5,18.0,1,1661,1611,0,95402.0
4,2,4,2,1,3,14.0,1,0,0,0,1,1,2,2025,0,2,7,0,7.0,98.0,0,1661,1611,0,113873.0
0,0,4,4,0,3,14.0,2,1,0,0,0,0,6,2022,0,1,2,0,14.0,28.0,0,1679,1611,0,155503.0
2,0,6,6,0,1,13.0,2,1,1,1,0,1,11,2025,0,4,9,0,3.25,117.0,1,1626,676,0,77421.0
0,0,1,6,0,3,4.0,0,0,0,1,0,1,7,2025,1,2,6,0,2.0,24.0,1,1679,1531,1,187839.0
1,0,2,7,0,3,5.0,0,0,0,0,1,1,8,2022,1,2,7,0,2.5,35.0,0,1714,1595,0,129748.0
3,3,2,6,2,1,5.0,2,1,0,1,0,0,1,2024,1,2,5,0,2.5,25.0,0,1623,1595,0,63146.0
5,0,0,6,2,1,12.0,1,1,1,0,1,1,12,2024,1,4,10,0,3.0,120.0,0,1682,1567,0,111616.0
3,0,3,5,2,2,6.0,2,0,1,1,1,1,5,2025,1,4,11,1,1.5,66.0,1,1623,1551,0,137825.0
3,1,2,2,3,1,9.0,2,0,0,1,0,1,2,2021,1,2,6,0,4.5,54.0,1,1623,1595,0,113873.0
5,2,6,2,2,2,10.0,1,1,1,0,0,1,2,2022,1,3,6,0,3.333333333333333,60.0,0,1682,676,0,141174.0
1,0,4,4,2,2,13.0,2,0,0,1,1,1,4,2022,1,3,10,1,4.333333333333333,130.0,1,1714,1611,0,117897.0
5,0,6,6,1,2,11.0,2,0,1,1,0,0,7,2022,1,2,4,0,5.5,44.0,0,1682,676,0,128444.0
3,0,0,1,0,2,1.9,0,1,0,1,1,1,3,2022,1,4,12,1,0.475,22.8,1,1623,1567,0,137889.0
1,1,5,1,1,3,3.0,3,0,0,1,1,0,2,2022,1,2,7,1,1.5,21.0,0,1714,1494,0,134136.0
5,0,3,5,1,2,4.0,0,1,1,1,1,1,12,2020,1,5,13,1,0.8,52.0,1,1682,1551,0,154161.0
0,0,0,0,0,1,8.0,1,1,1,1,0,0,5,2024,1,3,6,0,2.6666666666666665,48.0,0,1679,1567,0,100800.0
2,1,3,2,2,2,4.0,0,1,1,1,0,1,5,2024,1,4,9,0,1.0,36.0,1,1626,1551,0,81427.0
4,2,3,4,3,2,5.0,0,1,0,1,0,0,1,2024,1,2,5,0,2.5,25.0,0,1661,1551,0,90879.0
4,0,0,1,0,2,6.9,2,0,1,0,0,1,4,2020,1,2,4,0,3.45,27.6,0,1661,1567,0,80949.0
5,1,6,2,3,1,7.0,0,0,1,0,1,1,3,2021,1,3,8,0,2.333333333333333,56.0,0,1682,676,0,112745.0
5,1,3,0,2,4,6.0,1,1,0,1,0,1,10,2024,1,3,8,0,2.0,48.0,1,1682,1551,0,148662.0
1,0,5,3,3,1,6.0,2,0,0,0,0,1,7,2026,1,1,3,0,6.0,18.0,0,1714,1494,0,95859.0
3,3,5,1,1,4,10.0,1,0,1,1,0,0,9,2024,1,2,4,0,5.0,40.0,0,1623,1494,0,67021.0
4,0,0,7,2,2,7.0,1,1,1,0,1,1,9,2021,1,4,10,0,1.75,70.0,0,1661,1567,0,124771.0
5,0,5,3,2,1,2.0,2,0,0,0,1,0,4,2020,1,1,4,0,2.0,8.0,0,1682,1494,0,121242.0
3,1,5,1,2,2,10.0,0,0,1,0,0,0,12,2020,2,1,1,0,10.0,10.0,0,1623,1494,0,113873.0
2,0,2,6,1,3,14.0,2,0,1,0,1,1,2,2024,2,3,8,0,4.666666666666667,112.0,0,1626,1595,0,148681.0
0,1,0,5,0,1,1.0,1,1,1,0,0,0,9,2021,2,2,3,0,0.5,3.0,0,1679,1567,0,91795.0
2,2,4,5,3,1,11.0,3,0,0,1,0,1,9,2020,2,2,6,0,5.5,66.0,1,1626,1611,0,70555.0
4,0,5,6,2,3,1.0,0,1,0,0,0,1,1,2024,2,2,5,0,0.5,5.0,0,1661,1494,0,126151.0
1,1,1,3,0,2,13.0,0,1,1,1,0,1,10,2023,2,4,9,0,3.25,117.0,1,1714,1531,0,98036.0
3,0,5,1,1,1,9.0,1,0,1,1,1,1,8,2024,2,4,11,1,2.25,99.0,1,1623,1494,0,93590.0
4,0,4,7,0,3,7.0,0,0,1,1,1,1,12,2024,2,4,11,1,1.75,77.0,1,1661,1611,0,136399.0
4,0,3,4,3,2,0.0,1,1,1,0,0,1,6,2020,2,3,6,0,0.0,0.0,0,1661,1551,0,85484.0
2,1,1,6,1,3,3.0,1,0,0,0,1,1,2,2020,2,2,7,0,1.5,21.0,0,1626,1531,0,122561.0
3,2,0,3,0,2,7.0,2,1,1,1,1,0,6,2023,0,4,10,1,1.75,70.0,0,1623,1567,0,102547.0
0,2,1,6,0,1,3.0,2,0,0,1,0,1,9,2020,0,2,6,0,1.5,18.0,1,1679,1531,0,116200.0
3,1,2,4,1,2,4.0,3,0,0,1,1,0,1,2025,0,2,7,1,2.0,28.0,0,1623,1595,0,102788.0
5,1,5,5,1,3,7.0,2,1,1,1,0,0,2,2025,0,3,6,0,2.333333333333333,42.0,0,1682,1494,1,202887.5
5,2,6,4,0,2,0.0,0,1,1,1,0,0,5,2022,0,3,6,0,0.0,0.0,0,1682,676,0,128583.0
1,0,3,6,1,3,0.0,0,0,0,1,0,0,7,2022,0,1,3,0,0.0,0.0,0,1714,1551,0,113873.0
1,0,0,1,1,4,0.0,2,0,1,0,0,0,1,2026,0,1,1,0,0.0,0.0,0,1714,1567,0,95889.0
5,1,5,2,0,2,3.0,2,0,1,0,0,0,7,2026,0,1,1,0,3.0,3.0,0,1682,1494,0,115604.0
4,1,2,5,1,2,3.0,0,0,0,0,0,1,12,2026,0,1,3,0,3.0,9.0,0,1661,1595,1,202887.5
3,2,2,4,1,2,14.0,0,0,0,1,0,1,5,2021,0,2,6,0,7.0,84.0,1,1623,1595,0,104151.0
5,2,1,3,2,3,7.0,1,1,0,1,0,0,5,2023,0,2,5,0,3.5,35.0,0,1682,1531,0,152204.0
4,0,4,5,0,1,2.0,2,0,0,0,0,1,8,2023,1,1,3,0,2.0,6.0,0,1661,1611,0,61688.0
5,3,2,1,2,2,6.0,1,0,0,0,0,1,1,2020,1,1,3,0,6.0,18.0,0,1682,1595,0,61640.0
3,0,5,3,2,1,14.0,2,0,0,1,0,1,11,2023,1,2,6,0,7.0,84.0,1,1623,1494,0,89233.0
2,0,4,2,0,2,3.6,1,1,1,0,0,1,1,2026,1,3,6,0,1.2,21.6,0,1626,1611,0,107538.0
3,0,0,1,1,2,6.0,2,0,1,0,1,1,3,2024,1,3,8,0,2.0,48.0,0,1623,1567,0,121444.0
1,1,1,2,2,3,7.0,1,0,1,1,0,1,11,2020,1,3,7,0,2.333333333333333,49.0,1,1714,1531,0,123996.0
1,0,0,2,0,2,0.0,1,0,1,0,0,0,9,2024,1,1,1,0,0.0,0.0,0,1714,1567,0,71300.0
2,2,3,5,2,1,14.0,3,1,1,0,0,1,1,2023,1,3,6,0,4.666666666666667,84.0,0,1626,1551,0,61640.0
1,2,1,2,2,2,14.0,2,0,0,1,0,1,4,2025,2,2,6,0,7.0,84.0,1,1714,1531,0,86661.0
1,0,5,4,1,1,7.0,0,0,0,1,0,1,10,2024,1,2,6,0,3.5,42.0,1,1714,1494,0,79713.0
4,1,0,6,0,2,0.0,1,0,0,1,0,1,8,2024,1,2,6,0,0.0,0.0,1,1661,1567,1,202887.5
3,0,0,4,1,3,7.0,1,1,1,1,0,0,6,2023,1,3,6,0,2.333333333333333,42.0,0,1623,1567,0,117699.0
4,0,5,1,2,2,11.7,0,1,0,1,0,0,6,2026,2,2,5,0,5.85,58.5,0,1661,1494,0,89001.0
0,0,4,2,2,1,5.0,2,0,1,1,0,0,12,2021,0,2,4,0,2.5,20.0,0,1679,1611,0,106844.0
0,2,2,4,0,1,11.0,2,0,0,1,1,0,2,2020,0,2,7,1,5.5,77.0,0,1679,1595,0,117004.0
5,0,5,5,0,2,9.0,0,0,0,1,1,0,12,2025,0,2,7,1,4.5,63.0,0,1682,1494,0,126158.0
2,1,5,5,0,3,10.0,0,0,1,0,1,1,1,2020,2,3,8,0,3.333333333333333,80.0,0,1626,1494,0,113873.0
5,1,4,1,1,2,6.0,0,0,1,0,0,0,1,2020,1,1,1,0,6.0,6.0,0,1682,1611,0,114003.0
4,1,6,5,2,2,6.0,2,0,1,1,1,0,3,2023,1,3,8,1,2.0,48.0,0,1661,676,0,104356.0
2,0,0,1,0,1,13.0,0,0,1,0,0,1,3,2020,1,2,4,0,6.5,52.0,0,1626,1567,0,61640.0
3,3,1,5,0,3,7.0,0,0,1,1,0,1,3,2022,1,3,7,0,2.333333333333333,49.0,1,1623,1531,0,135151.0
5,0,5,6,2,2,3.0,1,0,1,0,1,1,8,2022,1,3,8,0,1.0,24.0,0,1682,1494,0,160097.0
3,0,1,4,1,1,14.0,1,1,1,0,1,0,10,2021,1,3,7,0,4.666666666666667,98.0,0,1623,1531,0,61640.0
0,0,2,5,1,1,8.8,3,0,1,1,1,1,10,2026,1,4,11,1,2.2,96.8,1,1679,1595,0,125879.0
4,2,3,1,1,0,9.0,0,1,0,0,0,0,9,2026,0,1,2,0,9.0,18.0,0,1661,1551,0,113873.0
0,3,2,0,1,2,13.0,0,1,0,1,1,0,10,2023,0,3,9,1,4.333333333333333,117.0,0,1679,1595,0,113873.0
4,1,5,4,3,2,5.4,0,0,1,1,0,0,1,2025,0,2,4,0,2.7,21.6,0,1661,1494,0,93250.0
4,0,1,6,0,1,7.0,0,1,0,1,1,0,4,2025,0,3,9,1,2.333333333333333,63.0,0,1661,1531,0,81652.0
2,0,6,1,0,1,2.0,1,0,1,1,0,1,10,2025,0,3,7,0,0.6666666666666666,14.0,1,1626,676,0,94623.0
3,0,5,5,1,2,8.4,1,1,1,0,0,1,7,2020,0,3,6,0,2.8000000000000003,50.400000000000006,0,1623,1494,0,104116.0
3,1,4,3,3,2,6.0,2,0,1,1,0,0,4,2023,0,2,4,0,3.0,24.0,0,1623,1611,0,91566.0
1,0,0,6,1,2,8.0,0,1,0,0,1,1,3,2024,0,3,9,0,2.6666666666666665,72.0,0,1714,1567,0,113873.0
0,3,5,3,2,4,7.0,0,0,0,1,0,0,5,2023,0,1,3,0,7.0,21.0,0,1679,1494,0,113873.0
1,0,4,5,1,3,1.0,0,0,1,0,0,1,5,2021,0,2,4,0,0.5,4.0,0,1714,1611,1,202887.5
2,0,6,6,0,1,6.0,1,1,0,1,0,1,1,2024,0,3,8,0,2.0,48.0,1,1626,676,0,72793.0
4,2,1,5,1,2,10.0,0,0,1,1,0,1,8,2026,0,3,7,0,3.333333333333333,70.0,1,1661,1531,0,82100.0
3,1,0,2,0,3,12.0,3,1,1,1,1,0,11,2020,0,4,10,1,3.0,120.0,0,1623,1567,0,125791.0
3,0,3,1,2,1,7.0,0,1,0,1,0,1,6,2020,0,3,8,0,2.333333333333333,56.0,1,1623,1551,0,91980.0
1,0,2,6,2,4,7.0,1,1,1,0,1,1,1,2024,0,4,10,0,1.75,70.0,0,1714,1595,0,140452.0
5,2,6,1,0,4,10.0,1,0,0,0,1,1,5,2020,2,2,7,0,5.0,70.0,0,1682,676,0,153925.0
5,1,0,0,1,1,13.0,0,1,1,1,0,1,5,2026,2,4,9,0,3.25,117.0,1,1682,1567,0,116989.0
0,1,2,6,0,1,10.0,2,1,0,1,1,1,9,2024,2,4,12,1,2.5,120.0,1,1679,1595,0,131982.0
1,2,4,6,0,4,7.0,0,0,1,1,1,0,6,2023,2,3,8,1,2.333333333333333,56.0,0,1714,1611,0,113873.0
1,1,1,5,1,3,14.0,1,0,1,0,0,1,2,2020,2,2,4,0,7.0,56.0,0,1714,1531,0,120620.0
1,1,6,2,1,2,0.0,1,0,1,1,0,0,4,2022,2,2,4,0,0.0,0.0,0,1714,676,0,86205.0
1,2,4,6,3,1,1.5,1,1,1,0,1,0,3,2022,0,3,7,0,0.5,10.5,0,1714,1611,0,113873.0
4,3,1,4,0,2,1.0,1,0,1,0,1,0,8,2025,0,2,5,0,0.5,5.0,0,1661,1531,0,61640.0
1,3,2,1,1,1,1.0,1,1,0,1,1,1,6,2021,0,4,12,1,0.25,12.0,1,1714,1595,0,113873.0
4,0,5,4,1,2,11.0,1,1,1,0,0,0,4,2025,0,2,3,0,5.5,33.0,0,1661,1494,0,92518.0
2,0,0,7,0,1,7.0,3,0,0,0,0,1,4,2026,0,1,3,0,7.0,21.0,0,1626,1567,0,61640.0
1,1,5,0,2,3,3.0,0,1,1,0,1,0,1,2026,0,3,7,0,1.0,21.0,0,1714,1494,0,110531.0
5,2,4,1,1,1,5.0,1,1,1,0,1,0,6,2022,0,3,7,0,1.6666666666666667,35.0,0,1682,1611,1,202887.5
2,1,2,6,1,2,7.0,2,1,0,1,0,0,11,2023,0,2,5,0,3.5,35.0,0,1626,1595,0,79553.0
1,3,3,2,2,3,11.0,1,0,1,0,0,0,12,2022,0,1,1,0,11.0,11.0,0,1714,1551,1,202887.5
2,3,4,2,3,3,5.1,3,0,1,1,0,1,7,2025,0,3,7,0,1.7,35.7,1,1626,1611,0,125562.0
0,0,4,4,2,3,10.0,1,0,1,1,0,1,3,2020,0,3,7,0,3.333333333333333,70.0,1,1679,1611,0,148519.0
2,0,4,2,0,1,7.0,0,0,1,1,0,0,11,2022,0,2,4,0,3.5,28.0,0,1626,1611,0,75677.0
4,0,2,2,1,2,7.0,0,1,1,1,0,0,11,2022,1,3,6,0,2.333333333333333,42.0,0,1661,1595,0,91436.0
5,0,5,2,1,1,14.0,1,1,1,0,1,1,12,2026,1,4,10,0,3.5,140.0,0,1682,1494,0,123719.0
0,1,6,5,3,4,7.0,2,0,0,1,1,1,1,2023,1,3,10,1,2.333333333333333,70.0,1,1679,676,0,113873.0
4,0,4,0,1,1,8.0,1,0,0,1,1,1,1,2024,1,3,10,1,2.6666666666666665,80.0,1,1661,1611,0,61640.0
2,2,1,6,2,1,8.0,2,1,1,0,1,0,3,2022,1,3,7,0,2.6666666666666665,56.0,0,1626,1531,0,67859.0
5,2,2,1,0,1,8.0,0,1,1,0,0,1,3,2022,0,3,6,0,2.6666666666666665,48.0,0,1682,1595,0,95549.0
2,0,4,1,2,3,12.0,1,0,1,1,0,0,9,2026,0,2,4,0,6.0,48.0,0,1626,1611,0,101874.0
2,2,4,5,1,1,6.0,0,0,1,0,0,1,2,2026,0,2,4,0,3.0,24.0,0,1626,1611,0,64611.0
2,0,2,1,0,2,1.0,0,1,0,0,0,1,8,2020,0,2,5,0,0.5,5.0,0,1626,1595,0,83066.0
3,0,1,3,1,2,7.0,2,0,0,0,1,1,8,2024,0,2,7,0,3.5,49.0,0,1623,1531,0,118283.0
3,0,0,1,1,3,14.0,2,1,1,1,1,0,11,2026,0,4,10,1,3.5,140.0,0,1623,1567,0,113873.0
0,2,2,3,2,3,7.0,3,0,1,1,0,0,11,2021,0,2,4,0,3.5,28.0,0,1679,1595,1,202887.5
0,1,5,5,3,2,0.0,0,0,0,1,1,1,7,2025,0,3,10,1,0.0,0.0,1,1679,1494,0,155072.0
0,0,4,5,1,2,11.0,1,1,1,1,1,0,2,2024,0,4,10,1,2.75,110.0,0,1679,1611,1,166131.0
1,2,5,6,0,3,7.0,1,0,1,1,1,0,7,2022,0,3,8,1,2.333333333333333,56.0,0,1714,1494,0,113873.0
3,0,5,3,1,1,12.0,0,0,1,0,0,1,8,2024,2,2,4,0,6.0,48.0,0,1623,1494,0,63773.0
5,0,4,0,0,3,6.0,1,0,0,1,1,0,9,2025,2,2,7,1,3.0,42.0,0,1682,1611,1,202887.5
1,0,5,5,2,2,12.0,2,0,0,1,0,1,1,2020,2,2,6,0,6.0,72.0,1,1714,1494,0,122589.0
2,0,6,4,1,1,5.0,2,1,1,1,1,1,8,2026,2,5,13,1,1.0,65.0,1,1626,676,0,113873.0
4,2,3,1,1,1,9.0,0,1,0,1,1,0,9,2026,2,3,9,1,3.0,81.0,0,1661,1551,0,64637.0
4,3,2,2,0,4,6.0,1,1,0,0,0,0,6,2025,2,1,2,0,6.0,12.0,0,1661,1595,0,61640.0
1,0,2,1,0,3,4.0,0,1,1,1,0,1,8,2025,2,4,9,0,1.0,36.0,1,1714,1595,0,140010.0
4,2,1,2,0,2,7.0,0,0,0,1,1,1,4,2022,2,3,10,1,2.333333333333333,70.0,1,1661,1531,0,117276.0
2,2,4,2,0,3,7.4,0,1,1,0,0,1,9,2026,2,3,6,0,2.466666666666667,44.400000000000006,0,1626,1611,0,103229.0
2,2,2,5,1,2,1.0,2,1,0,1,0,1,1,2025,1,3,8,0,0.3333333333333333,8.0,1,1626,1595,0,103778.0
4,2,2,7,0,3,6.0,1,0,0,1,0,0,12,2021,1,1,3,0,6.0,18.0,0,1661,1595,0,114675.0
4,3,4,0,2,2,12.0,1,1,1,1,0,1,11,2026,1,4,9,0,3.0,108.0,1,1661,1611,0,95848.0
0,0,5,4,2,2,7.0,0,0,1,0,0,1,5,2026,1,2,4,0,3.5,28.0,0,1679,1494,0,132739.0
5,0,1,1,2,1,7.0,1,1,1,0,1,1,2,2026,1,4,10,0,1.75,70.0,0,1682,1531,0,114351.0
2,0,5,5,3,3,2.0,1,0,1,1,0,1,5,2021,1,3,7,0,0.6666666666666666,14.0,1,1626,1494,0,123593.0
5,3,4,2,2,1,7.0,2,1,1,0,0,0,5,2024,1,2,3,0,3.5,21.0,0,1682,1611,0,93281.0
1,1,6,1,1,3,7.0,0,1,1,1,1,0,8,2020,1,4,10,1,1.75,70.0,0,1714,676,0,114848.0
3,0,0,6,1,3,12.0,0,1,1,1,0,1,10,2025,1,4,9,0,3.0,108.0,1,1623,1567,0,61640.0
1,0,3,5,2,4,5.0,0,1,0,1,0,1,1,2020,1,3,8,0,1.6666666666666667,40.0,1,1714,1551,0,137223.0
4,0,4,2,1,1,6.0,1,1,0,0,1,1,5,2020,1,3,9,0,2.0,54.0,0,1661,1611,0,72792.0
5,2,3,3,2,2,3.0,2,1,0,1,1,1,11,2021,0,4,12,1,0.75,36.0,1,1682,1551,0,159047.0
0,0,5,0,0,1,4.0,2,0,1,1,0,1,9,2024,1,3,7,0,1.3333333333333333,28.0,1,1679,1494,0,113873.0
5,0,0,1,1,3,1.0,1,1,0,1,1,0,10,2026,1,3,9,1,0.3333333333333333,9.0,0,1682,1567,0,156616.0
5,0,2,6,0,1,12.0,1,0,0,0,0,1,5,2025,1,1,3,0,12.0,36.0,0,1682,1595,0,113777.0
0,1,5,3,3,1,0.0,2,0,0,0,1,0,7,2020,1,1,4,0,0.0,0.0,0,1679,1494,0,112356.0
1,2,1,2,1,1,7.0,2,1,1,0,1,1,1,2021,1,4,10,0,1.75,70.0,0,1714,1531,0,77592.0
3,0,1,3,1,2,6.0,2,0,0,0,0,1,12,2026,1,1,3,0,6.0,18.0,0,1623,1531,0,101135.0
1,2,2,3,2,2,8.0,2,0,1,1,0,1,10,2026,1,3,7,0,2.6666666666666665,56.0,1,1714,1595,0,95200.0
2,3,5,6,0,3,7.0,1,0,1,0,1,0,6,2024,1,2,5,0,3.5,35.0,0,1626,1494,0,115400.0
1,0,4,3,0,1,0.0,1,1,1,0,1,0,1,2023,1,3,7,0,0.0,0.0,0,1714,1611,0,66818.0
4,2,3,6,1,2,12.6,2,1,1,0,0,0,11,2022,1,2,3,0,6.3,37.8,0,1661,1551,0,78430.0
4,0,1,5,0,3,11.0,2,0,1,0,1,1,11,2024,2,3,8,0,3.6666666666666665,88.0,0,1661,1531,0,143195.0
5,1,3,2,2,1,9.0,1,0,1,0,1,1,6,2026,2,3,8,0,3.0,72.0,0,1682,1551,0,117555.0
5,3,3,3,2,3,13.0,2,0,0,1,0,1,8,2022,2,2,6,0,6.5,78.0,1,1682,1551,1,168902.0
0,0,6,2,0,1,5.0,0,1,0,0,1,1,4,2021,2,3,9,0,1.6666666666666667,45.0,0,1679,676,0,138794.0
1,0,2,0,0,3,4.0,0,0,0,1,1,0,9,2020,2,2,7,1,2.0,28.0,0,1714,1595,0,113873.0
2,1,5,0,1,3,1.0,1,0,1,1,0,1,1,2023,2,3,7,0,0.3333333333333333,7.0,1,1626,1494,0,127525.0
4,0,3,4,0,1,5.0,2,0,0,1,0,0,1,2020,1,1,3,0,5.0,15.0,0,1661,1551,0,86267.0
1,2,2,3,2,1,0.0,0,1,0,1,1,1,12,2024,1,4,12,1,0.0,0.0,1,1714,1595,0,88111.0
5,0,2,5,0,1,9.0,0,0,1,0,1,0,1,2022,1,2,5,0,4.5,45.0,0,1682,1595,0,121004.0
5,0,1,7,1,3,9.0,0,0,1,0,0,1,1,2026,1,2,4,0,4.5,36.0,0,1682,1531,0,152931.0
0,1,4,2,1,1,2.0,3,0,1,1,0,1,9,2023,0,3,7,0,0.6666666666666666,14.0,1,1679,1611,0,123339.0
5,0,2,2,2,3,10.0,1,0,1,0,0,0,4,2024,0,1,1,0,10.0,10.0,0,1682,1595,0,139020.0
3,0,0,5,1,2,9.0,1,1,0,0,0,1,1,2021,0,2,5,0,4.5,45.0,0,1623,1567,0,102500.0
0,1,3,6,1,3,5.0,0,1,1,1,0,1,3,2022,0,4,9,0,1.25,45.0,1,1679,1551,0,151269.0
1,0,3,4,1,1,5.0,0,0,1,0,0,1,9,2020,0,2,4,0,2.5,20.0,0,1714,1551,1,202887.5
5,0,0,1,0,2,2.0,2,1,0,1,1,0,4,2021,0,3,9,1,0.6666666666666666,18.0,0,1682,1567,0,148399.0
3,0,0,5,1,1,8.0,1,0,1,0,0,0,4,2020,0,1,1,0,8.0,8.0,0,1623,1567,0,86285.0
0,1,4,7,3,3,8.3,0,1,0,0,1,1,3,2023,0,3,9,0,2.766666666666667,74.7,0,1679,1611,1,163011.0
4,0,6,4,1,1,0.0,1,1,0,0,1,0,10,2021,0,2,6,0,0.0,0.0,0,1661,676,0,87357.0
1,0,1,6,3,3,13.0,1,1,1,0,1,0,2,2023,0,3,7,0,4.333333333333333,91.0,0,1714,1531,0,136393.0
0,2,2,3,1,1,7.0,0,0,0,1,1,1,1,2022,0,3,10,1,2.333333333333333,70.0,1,1679,1595,0,125343.0
0,2,3,7,0,3,9.6,1,1,0,0,1,0,2,2022,0,2,6,0,4.8,57.6,0,1679,1551,0,113873.0
4,0,4,5,1,2,6.0,1,0,0,1,1,1,10,2024,0,3,10,1,2.0,60.0,1,1661,1611,0,116070.0
4,0,6,0,1,1,11.0,0,0,1,0,1,0,2,2022,2,2,5,0,5.5,55.0,0,1661,676,0,69647.0
5,2,4,5,0,2,4.0,1,1,0,1,0,1,6,2025,2,3,8,0,1.3333333333333333,32.0,1,1682,1611,0,139978.0
3,3,3,1,1,2,5.0,2,1,0,0,1,1,11,2025,2,3,9,0,1.6666666666666667,45.0,0,1623,1551,0,101734.0
1,1,2,6,1,1,8.0,2,1,1,0,0,0,2,2026,2,2,3,0,4.0,24.0,0,1714,1595,0,61640.0
5,0,3,7,0,3,8.0,1,0,0,1,0,1,4,2020,2,2,6,0,4.0,48.0,1,1682,1551,1,183700.0
1,1,4,1,2,1,11.0,0,0,1,1,0,0,1,2020,2,2,4,0,5.5,44.0,0,1714,1611,0,62420.0
5,0,6,2,1,2,10.0,2,0,1,0,0,0,6,2020,2,1,1,0,10.0,10.0,0,1682,676,0,150179.0
4,1,1,3,0,4,3.0,1,0,1,1,1,0,8,2020,2,3,8,1,1.0,24.0,0,1661,1531,0,84074.0
2,2,4,0,2,1,7.0,0,1,1,1,1,1,1,2021,2,5,13,1,1.4,91.0,1,1626,1611,0,90886.0
2,0,5,5,1,2,11.0,1,0,1,1,0,1,6,2025,2,3,7,0,3.6666666666666665,77.0,1,1626,1494,0,104610.0
5,0,0,6,0,0,7.0,2,0,1,1,1,0,12,2022,2,3,8,1,2.333333333333333,56.0,0,1682,1567,0,124289.0
2,1,1,4,2,2,7.0,2,1,0,1,0,0,5,2022,2,2,5,0,3.5,35.0,0,1626,1531,0,93580.0
0,2,5,0,0,2,0.0,2,1,1,0,0,0,3,2022,2,2,3,0,0.0,0.0,0,1679,1494,0,126192.0
5,2,4,3,0,3,11.0,2,0,0,1,0,1,1,2026,2,2,6,0,5.5,66.0,1,1682,1611,0,147100.0
4,0,0,7,1,3,5.0,3,1,1,1,1,0,12,2020,0,4,10,1,1.25,50.0,0,1661,1567,1,202887.5
1,0,4,4,2,2,1.0,1,0,0,0,0,1,10,2026,0,1,3,0,1.0,3.0,0,1714,1611,0,96139.0
0,2,4,5,0,3,9.0,2,0,0,1,0,1,2,2022,0,2,6,0,4.5,54.0,1,1679,1611,0,162127.0
1,2,0,6,2,4,4.0,1,1,1,1,1,0,5,2024,0,4,10,1,1.0,40.0,0,1714,1567,0,109072.0
5,2,2,5,1,1,14.0,3,0,1,0,1,1,2,2024,0,3,8,0,4.666666666666667,112.0,0,1682,1595,0,131400.0
5,2,4,0,1,2,7.0,1,0,1,1,0,0,2,2024,1,2,4,0,3.5,28.0,0,1682,1611,0,134467.0
0,3,0,4,1,4,8.0,0,1,1,0,1,0,4,2025,1,3,7,0,2.6666666666666665,56.0,0,1679,1567,0,157736.0
1,1,0,0,1,0,7.0,1,1,1,1,0,1,11,2026,1,4,9,0,1.75,63.0,1,1714,1567,0,76529.0
5,3,1,0,1,3,2.0,2,0,0,0,1,1,9,2025,1,2,7,0,1.0,14.0,0,1682,1531,0,148198.0
4,1,0,6,2,2,7.0,1,1,0,1,1,0,1,2022,1,3,9,1,2.333333333333333,63.0,0,1661,1567,0,100959.0
3,0,0,7,2,2,0.0,0,0,1,1,0,1,11,2025,0,3,7,0,0.0,0.0,1,1623,1567,0,96279.0
0,3,0,1,1,1,7.0,0,0,0,1,0,1,6,2023,0,2,6,0,3.5,42.0,1,1679,1567,0,116314.0
4,0,5,0,0,2,12.2,1,0,1,0,0,1,8,2020,0,2,4,0,6.1,48.8,0,1661,1494,0,101627.0
3,3,5,5,3,2,12.0,2,0,1,0,0,1,4,2025,0,2,4,0,6.0,48.0,0,1623,1494,0,76147.0
6,1,0,1,1,1,11.0,1,1,1,1,1,1,8,2023,0,5,13,1,2.2,143.0,1,40,1567,0,94314.0
3,1,4,5,2,1,7.0,1,1,1,1,0,0,1,2022,0,3,6,0,2.333333333333333,42.0,0,1623,1611,0,67222.0
0,0,0,1,1,1,7.0,2,1,1,0,0,0,3,2025,0,2,3,0,3.5,21.0,0,1679,1567,0,112550.0
4,0,0,3,3,3,14.0,0,1,1,0,0,1,8,2022,0,3,6,0,4.666666666666667,84.0,0,1661,1567,0,133007.0
0,0,6,1,0,1,3.0,0,0,0,1,1,1,1,2026,0,3,10,1,1.0,30.0,1,1679,676,0,151209.0
1,0,3,4,0,1,3.0,0,1,1,1,0,1,1,2025,0,4,9,0,0.75,27.0,1,1714,1551,0,77145.0
4,0,5,2,1,2,2.0,2,0,1,1,1,1,1,2023,0,4,11,1,0.5,22.0,1,1661,1494,0,134850.0
2,3,6,1,2,3,9.0,1,1,1,0,0,1,4,2026,0,3,6,0,3.0,54.0,0,1626,676,1,202887.5
3,0,6,1,0,3,10.0,0,0,1,0,1,1,10,2020,0,3,8,0,3.333333333333333,80.0,0,1623,676,0,142868.0
0,0,6,0,2,3,5.0,1,0,0,0,1,0,11,2026,0,1,4,0,5.0,20.0,0,1679,676,0,152905.0
4,0,2,7,2,3,12.0,0,1,1,0,1,1,4,2022,0,4,10,0,3.0,120.0,0,1661,1595,0,148448.0
2,2,2,1,1,1,14.0,0,1,1,1,0,1,10,2022,0,4,9,0,3.5,126.0,1,1626,1595,0,70331.0
4,2,0,0,0,1,7.0,3,1,1,0,0,1,11,2025,0,3,6,0,2.333333333333333,42.0,0,1661,1567,0,61640.0
0,2,0,0,0,4,13.0,1,1,1,0,1,0,2,2025,1,3,7,0,4.333333333333333,91.0,0,1679,1567,0,131073.0
5,2,3,2,0,3,14.0,2,1,1,0,0,0,1,2025,1,2,3,0,7.0,42.0,0,1682,1551,0,150287.0
1,1,4,7,3,4,1.0,2,1,1,0,0,0,7,2025,1,2,3,0,0.5,3.0,0,1714,1611,0,113873.0
3,2,4,0,1,3,1.0,0,0,1,1,0,1,12,2023,1,3,7,0,0.3333333333333333,7.0,1,1623,1611,0,114376.0
4,0,4,7,2,3,13.0,3,1,0,1,1,0,8,2025,1,3,9,1,4.333333333333333,117.0,0,1661,1611,0,134877.0
5,0,4,3,2,2,10.0,0,1,1,1,1,0,6,2022,2,4,10,1,2.5,100.0,0,1682,1611,0,146284.0
0,0,5,6,1,1,13.0,2,0,1,1,1,0,3,2022,2,3,8,1,4.333333333333333,104.0,0,1679,1494,0,105617.0
0,0,6,5,0,2,11.0,0,0,1,1,1,0,1,2026,2,3,8,1,3.6666666666666665,88.0,0,1679,676,0,146834.0
3,2,5,0,1,3,7.0,0,0,1,0,1,1,4,2025,2,3,8,0,2.333333333333333,56.0,0,1623,1494,0,129329.0
5,0,3,5,0,1,7.0,2,1,0,1,1,1,1,2025,2,4,12,1,1.75,84.0,1,1682,1551,0,148757.0
0,1,4,6,1,4,10.0,1,1,1,0,0,0,9,2026,2,2,3,0,5.0,30.0,0,1679,1611,0,142179.0
3,1,2,5,1,1,7.0,3,0,1,1,0,1,10,2025,1,3,7,0,2.333333333333333,49.0,1,1623,1595,0,113873.0
5,0,3,1,2,3,12.0,0,1,1,0,1,1,1,2023,1,4,10,0,3.0,120.0,0,1682,1551,1,168312.0
4,0,3,2,1,1,13.5,2,1,0,0,1,1,8,2021,1,3,9,0,4.5,121.5,0,1661,1551,0,81352.0
4,2,5,5,1,1,5.0,1,0,1,1,1,1,7,2021,0,4,11,1,1.25,55.0,1,1661,1494,0,93062.0
5,0,5,6,0,4,4.0,0,1,0,0,1,1,4,2023,0,3,9,0,1.3333333333333333,36.0,0,1682,1494,1,182537.0
2,0,2,1,2,3,3.0,0,1,1,0,0,1,1,2024,1,3,6,0,1.0,18.0,0,1626,1595,0,106772.0
1,0,2,4,2,3,6.0,0,1,0,0,1,1,1,2020,1,3,9,0,2.0,54.0,0,1714,1595,0,142419.0
3,2,6,6,0,2,1.0,1,1,1,0,0,1,1,2024,1,3,6,0,0.3333333333333333,6.0,0,1623,676,0,75208.0
5,1,5,3,3,1,10.0,2,1,0,1,0,1,11,2021,1,3,8,0,3.333333333333333,80.0,1,1682,1494,0,110939.0
1,0,1,2,2,2,6.0,1,1,0,0,1,1,1,2022,1,3,9,0,2.0,54.0,0,1714,1531,0,103945.0
4,1,3,3,2,3,7.0,2,1,1,0,0,1,4,2020,1,3,6,0,2.333333333333333,42.0,0,1661,1551,1,202887.5
3,0,5,0,0,3,6.8,1,1,1,1,0,1,12,2026,1,4,9,0,1.7,61.2,1,1623,1494,0,149778.0
0,2,0,4,0,3,7.0,2,0,0,0,0,1,12,2026,1,1,3,0,7.0,21.0,0,1679,1567,0,113873.0
3,0,4,1,1,1,6.0,0,0,1,1,0,1,5,2022,1,3,7,0,2.0,42.0,1,1623,1611,0,113873.0
2,2,2,7,1,2,8.0,0,0,1,0,0,0,5,2022,1,1,1,0,8.0,8.0,0,1626,1595,0,70733.0
3,1,5,6,0,2,7.0,2,0,0,1,0,1,5,2021,1,2,6,0,3.5,42.0,1,1623,1494,0,85366.0
4,2,4,3,2,2,5.0,1,0,1,0,0,1,5,2020,1,2,4,0,2.5,20.0,0,1661,1611,0,87760.0
1,1,0,3,0,3,4.0,0,0,0,1,1,0,12,2025,0,2,7,1,2.0,28.0,0,1714,1567,0,127215.0
5,1,4,4,0,2,10.0,0,0,1,0,0,0,11,2022,0,1,1,0,10.0,10.0,0,1682,1611,0,119491.0
2,2,6,0,2,2,4.0,1,0,0,1,0,1,10,2025,0,2,6,0,2.0,24.0,1,1626,676,0,102914.0
0,1,6,4,1,3,7.0,2,0,0,0,0,1,3,2024,1,1,3,0,7.0,21.0,0,1679,676,0,151536.0
3,2,5,6,2,1,14.0,1,1,1,1,1,1,7,2020,1,5,13,1,2.8,182.0,1,1623,1494,0,94152.0
5,3,4,2,1,1,5.0,1,0,1,1,1,1,7,2026,1,4,11,1,1.25,55.0,1,1682,1611,0,113873.0
5,1,0,6,1,2,1.0,2,0,1,1,0,1,6,2023,1,3,7,0,0.3333333333333333,7.0,1,1682,1567,0,136196.0
4,2,5,2,0,2,7.0,2,1,1,1,1,0,6,2024,1,4,10,1,1.75,70.0,0,1661,1494,0,104810.0
0,2,5,1,0,2,3.0,1,0,1,1,0,0,9,2023,1,2,4,0,1.5,12.0,0,1679,1494,0,117425.0
0,0,0,4,0,3,2.0,2,0,0,1,0,1,11,2026,1,2,6,0,1.0,12.0,1,1679,1567,0,150433.0
3,2,3,2,1,3,3.0,2,0,1,0,0,0,8,2021,1,1,1,0,3.0,3.0,0,1623,1551,1,202887.5
5,0,2,3,0,2,1.0,2,0,1,1,0,0,6,2022,1,2,4,0,0.5,4.0,0,1682,1595,0,131088.0
1,1,5,7,1,1,8.0,2,0,1,0,0,0,1,2023,1,1,1,0,8.0,8.0,0,1714,1494,0,61640.0
3,2,2,5,2,1,2.0,2,1,1,1,0,0,6,2020,1,3,6,0,0.6666666666666666,12.0,0,1623,1595,0,63162.0
0,2,3,6,2,3,3.0,0,1,1,1,1,1,6,2021,1,5,13,1,0.6,39.0,1,1679,1551,1,170923.0
3,1,5,1,2,3,4.0,2,1,1,0,0,0,8,2025,1,2,3,0,2.0,12.0,0,1623,1494,0,103378.0
3,1,1,7,2,2,10.0,2,0,0,0,1,0,3,2026,1,1,4,0,10.0,40.0,0,1623,1531,0,85109.0
0,0,5,4,1,3,14.0,2,0,0,1,0,0,8,2024,1,1,3,0,14.0,42.0,0,1679,1494,1,176257.0
1,0,3,0,1,2,10.0,1,0,1,1,0,1,3,2024,1,3,7,0,3.333333333333333,70.0,1,1714,1551,0,117100.0
4,2,1,5,1,3,1.0,2,0,1,0,0,1,3,2022,1,2,4,0,0.5,4.0,0,1661,1531,0,112911.0
0,0,0,3,0,2,0.0,2,0,1,0,0,0,7,2021,1,1,1,0,0.0,0.0,0,1679,1567,0,133781.0
0,2,1,2,2,1,13.0,1,1,1,1,0,1,3,2021,1,4,9,0,3.25,117.0,1,1679,1531,0,115463.0
4,2,2,0,0,4,3.0,3,0,0,1,1,0,9,2021,1,2,7,1,1.5,21.0,0,1661,1595,0,84579.0
0,2,0,7,1,2,10.0,3,0,0,1,0,1,11,2026,2,2,6,0,5.0,60.0,1,1679,1567,0,128333.0
1,0,0,6,2,3,7.0,1,0,0,1,1,1,8,2024,2,3,10,1,2.333333333333333,70.0,1,1714,1567,0,149183.0
2,1,1,4,0,2,7.0,0,1,0,0,1,1,11,2022,2,3,9,0,2.333333333333333,63.0,0,1626,1531,0,100209.0
1,0,4,7,0,1,3.0,0,1,0,0,1,1,11,2025,2,3,9,0,1.0,27.0,0,1714,1611,0,91699.0
1,1,3,6,2,3,7.0,0,0,1,1,0,1,11,2022,2,3,7,0,2.333333333333333,49.0,1,1714,1551,0,119385.0
4,1,2,1,0,3,1.0,1,1,1,0,0,1,1,2024,2,3,6,0,0.3333333333333333,6.0,0,1661,1595,0,110575.0
4,0,3,4,2,2,9.0,2,1,1,1,0,0,7,2024,0,3,6,0,3.0,54.0,0,1661,1551,0,107700.0
2,3,5,4,1,2,14.0,2,0,0,1,0,1,8,2025,0,2,6,0,7.0,84.0,1,1626,1494,0,98823.0
1,0,4,6,1,3,11.0,2,0,1,1,0,0,11,2025,0,2,4,0,5.5,44.0,0,1714,1611,0,114287.0
5,1,3,2,1,3,13.0,3,0,1,1,1,0,6,2026,0,3,8,1,4.333333333333333,104.0,0,1682,1551,1,174271.0
5,1,6,2,1,3,9.0,1,1,1,1,0,0,9,2020,0,3,6,0,3.0,54.0,0,1682,676,0,113873.0
3,0,2,5,1,1,8.0,1,0,1,1,0,0,4,2025,0,2,4,0,4.0,32.0,0,1623,1595,1,202887.5
1,1,6,6,0,2,7.0,1,0,1,1,0,1,9,2020,0,3,7,0,2.333333333333333,49.0,1,1714,676,0,86290.0
5,0,2,4,3,2,8.0,2,0,0,0,0,1,7,2020,0,1,3,0,8.0,24.0,0,1682,1595,0,113873.0
4,0,1,4,1,2,13.0,1,1,0,1,0,0,12,2023,0,2,5,0,6.5,65.0,0,1661,1531,0,103482.0
3,0,5,2,2,4,5.0,2,1,0,0,0,0,12,2024,0,1,2,0,5.0,10.0,0,1623,1494,0,72729.0
5,1,2,1,0,1,7.0,3,1,0,1,0,0,9,2020,0,2,5,0,3.5,35.0,0,1682,1595,0,92146.0
5,0,1,4,2,1,7.0,2,0,1,1,0,1,3,2022,0,3,7,0,2.333333333333333,49.0,1,1682,1531,0,111134.0
2,1,6,4,1,2,3.0,2,1,0,1,1,0,11,2024,0,3,9,1,1.0,27.0,0,1626,676,0,109011.0
5,0,4,0,2,2,1.0,3,1,0,0,1,1,1,2024,0,3,9,0,0.3333333333333333,9.0,0,1682,1611,0,138415.0
5,2,3,4,2,2,8.0,2,0,0,0,0,1,6,2026,0,1,3,0,8.0,24.0,0,1682,1551,0,114836.0
0,2,1,3,1,1,7.0,1,1,1,0,1,1,8,2022,0,4,10,0,1.75,70.0,0,1679,1531,0,100622.0
2,1,5,5,1,3,9.7,1,0,1,1,1,0,4,2020,0,3,8,1,3.233333333333333,77.6,0,1626,1494,0,127390.0
2,1,3,5,2,1,2.0,3,1,1,0,1,0,2,2020,1,3,7,0,0.6666666666666666,14.0,0,1626,1551,0,65826.0
1,0,4,6,2,2,7.0,1,1,1,1,0,1,2,2020,1,4,9,0,1.75,63.0,1,1714,1611,0,97863.0
3,2,5,4,0,2,1.0,2,1,1,1,1,1,3,2023,0,5,13,1,0.2,13.0,1,1623,1494,0,116700.0
3,0,1,3,1,2,2.0,2,1,1,0,0,1,10,2024,0,3,6,0,0.6666666666666666,12.0,0,1623,1531,0,107548.0
5,0,1,2,2,2,7.0,0,1,1,0,0,1,4,2024,0,3,6,0,2.333333333333333,42.0,0,1682,1531,0,140112.0
3,0,0,6,0,1,7.0,3,1,0,0,1,0,12,2020,0,2,6,0,3.5,42.0,0,1623,1567,0,61640.0
3,0,1,6,1,1,1.0,1,0,0,1,1,0,1,2024,0,2,7,1,0.5,7.0,0,1623,1531,0,84940.0
0,0,0,7,0,2,3.0,0,0,1,1,0,0,6,2021,0,2,4,0,1.5,12.0,0,1679,1567,0,134213.0
5,2,5,2,1,1,12.0,0,1,1,0,1,1,8,2020,0,4,10,0,3.0,120.0,0,1682,1494,0,118811.0
1,0,6,5,1,1,10.6,2,1,1,0,0,0,10,2023,0,2,3,0,5.3,31.8,0,1714,676,0,61640.0
2,0,2,5,0,2,13.0,1,0,1,0,0,1,8,2026,2,2,4,0,6.5,52.0,0,1626,1595,0,83690.0
0,2,2,0,1,3,9.0,1,0,0,1,0,1,2,2021,2,2,6,0,4.5,54.0,1,1679,1595,1,165948.0
0,0,5,5,0,4,7.0,1,0,1,1,0,1,6,2021,2,3,7,0,2.333333333333333,49.0,1,1679,1494,1,184800.0
5,2,0,6,2,2,11.0,0,1,0,0,1,1,6,2021,2,3,9,0,3.6666666666666665,99.0,0,1682,1567,0,113873.0
3,0,6,5,0,1,10.0,0,1,0,1,0,1,1,2023,2,3,8,0,3.333333333333333,80.0,1,1623,676,0,80143.0
4,0,1,6,2,3,12.0,1,0,0,0,1,0,8,2020,2,1,4,0,12.0,48.0,0,1661,1531,0,131151.0
0,0,5,2,2,1,2.0,0,1,1,0,0,1,8,2026,2,3,6,0,0.6666666666666666,12.0,0,1679,1494,0,95496.0
3,2,3,4,2,2,7.0,1,0,0,1,1,1,12,2026,2,3,10,1,2.333333333333333,70.0,1,1623,1551,0,115430.0
3,1,2,5,0,3,5.0,2,0,1,0,0,1,10,2024,2,2,4,0,2.5,20.0,0,1623,1595,0,112153.0
0,0,4,6,2,2,7.0,1,1,0,0,0,1,9,2026,2,2,5,0,3.5,35.0,0,1679,1611,0,120058.0
4,0,2,0,0,2,1.0,0,0,1,1,0,0,1,2021,0,2,4,0,0.5,4.0,0,1661,1595,0,90685.0
2,0,5,7,2,2,1.0,2,0,1,0,0,0,5,2022,1,1,1,0,1.0,1.0,0,1626,1494,0,61640.0
3,1,5,2,0,1,6.0,2,0,1,1,1,0,5,2020,1,3,8,1,2.0,48.0,0,1623,1494,0,79205.0
2,1,5,4,0,3,11.0,2,0,0,1,0,1,10,2020,2,2,6,0,5.5,66.0,1,1626,1494,0,124865.0
0,0,0,6,0,1,2.0,0,0,1,1,1,0,8,2024,2,3,8,1,0.6666666666666666,16.0,0,1679,1567,0,137671.0
2,0,0,5,3,1,2.0,1,1,1,0,0,1,12,2020,2,3,6,0,0.6666666666666666,12.0,0,1626,1567,0,84228.0
1,0,3,0,2,1,3.0,1,1,1,0,0,1,6,2023,0,3,6,0,1.0,18.0,0,1714,1551,0,76204.0
1,0,5,4,0,3,0.0,1,1,1,0,1,1,4,2023,1,4,10,0,0.0,0.0,0,1714,1494,0,127167.0
3,1,6,4,1,3,10.0,0,1,0,0,0,1,5,2021,1,2,5,0,5.0,50.0,0,1623,676,1,202887.5
2,2,5,2,1,3,12.0,0,1,1,0,1,0,10,2024,1,3,7,0,4.0,84.0,0,1626,1494,0,118472.0
4,0,0,1,0,3,4.0,2,0,1,1,0,0,2,2024,1,2,4,0,2.0,16.0,0,1661,1567,0,113481.0
4,3,4,6,2,3,9.0,1,1,0,0,0,1,2,2024,1,2,5,0,4.5,45.0,0,1661,1611,0,112385.0
3,0,5,6,2,3,11.0,3,0,1,1,0,0,9,2026,1,2,4,0,5.5,44.0,0,1623,1494,0,122320.0
2,2,2,3,0,3,7.0,0,1,1,0,0,0,9,2025,2,2,3,0,3.5,21.0,0,1626,1595,0,101152.0
2,0,5,7,0,2,6.0,1,1,0,1,0,1,1,2020,1,3,8,0,2.0,48.0,1,1626,1494,0,100323.0
0,1,4,1,2,1,1.0,2,1,1,1,0,1,1,2021,1,4,9,0,0.25,9.0,1,1679,1611,0,114017.0
4,0,1,6,2,3,2.0,1,1,1,1,0,1,6,2023,1,4,9,0,0.5,18.0,1,1661,1531,0,120611.0
5,0,0,6,1,1,11.0,0,1,0,1,0,0,6,2025,2,2,5,0,5.5,55.0,0,1682,1567,0,102407.0
3,1,3,0,1,3,6.0,2,0,1,1,0,0,9,2024,2,2,4,0,3.0,24.0,0,1623,1551,0,129761.0
3,0,6,4,1,2,7.0,2,1,0,1,0,0,7,2026,2,2,5,0,3.5,35.0,0,1623,676,0,99478.0
3,2,5,5,0,3,12.2,1,1,0,0,0,1,11,2022,2,2,5,0,6.1,61.0,0,1623,1494,0,108591.0
2,3,2,3,1,2,2.0,1,1,0,0,0,1,10,2025,2,2,5,0,1.0,10.0,0,1626,1595,0,113873.0
5,0,1,0,2,2,7.0,2,1,1,0,0,1,11,2024,2,3,6,0,2.333333333333333,42.0,0,1682,1531,0,141154.0
3,2,0,5,0,2,0.0,3,0,1,1,0,1,11,2022,2,3,7,0,0.0,0.0,1,1623,1567,0,110380.0
1,0,3,5,0,3,2.0,1,0,1,1,1,1,9,2023,2,4,11,1,0.5,22.0,1,1714,1551,0,122849.0
0,1,1,2,2,1,1.0,2,0,1,0,1,0,5,2020,2,2,5,0,0.5,5.0,0,1679,1531,0,104482.0
4,0,4,3,0,1,2.0,0,0,0,1,0,1,2,2024,2,2,6,0,1.0,12.0,1,1661,1611,0,76642.0
2,2,4,3,1,4,1.0,0,1,1,0,1,0,11,2025,2,3,7,0,0.3333333333333333,7.0,0,1626,1611,1,202887.5
1,2,5,2,2,2,5.2,1,0,1,1,1,0,11,2022,2,3,8,1,1.7333333333333334,41.6,0,1714,1494,0,106900.0
0,3,5,1,2,3,10.0,0,1,1,0,0,0,8,2020,2,2,3,0,5.0,30.0,0,1679,1494,0,138998.0
3,0,2,6,0,4,12.6,3,0,1,1,1,1,12,2024,2,4,11,1,3.15,138.6,1,1623,1595,0,133624.0
0,1,1,7,2,1,8.0,2,0,1,0,1,0,12,2020,2,2,5,0,4.0,40.0,0,1679,1531,0,109149.0
4,0,3,2,0,2,4.0,1,0,0,0,1,0,5,2024,2,1,4,0,4.0,16.0,0,1661,1551,0,89351.0
1,0,4,5,0,3,7.0,2,0,1,1,1,1,5,2020,2,4,11,1,1.75,77.0,1,1714,1611,1,202887.5
3,0,5,1,0,3,13.0,2,1,1,1,0,1,2,2023,2,4,9,0,3.25,117.0,1,1623,1494,0,145614.0
4,1,1,3,2,3,7.0,1,1,1,1,1,0,9,2026,2,4,10,1,1.75,70.0,0,1661,1531,1,202887.5
4,3,3,6,1,1,3.0,1,0,0,0,1,0,1,2023,2,1,4,0,3.0,12.0,0,1661,1551,0,61640.0
4,0,4,1,1,1,9.0,2,0,1,0,0,0,10,2021,2,1,1,0,9.0,9.0,0,1661,1611,0,89256.0
5,0,6,7,1,2,4.0,1,0,1,0,0,0,3,2025,2,1,1,0,4.0,4.0,0,1682,676,0,128501.0
2,2,4,3,0,3,2.0,2,1,1,1,1,0,5,2023,2,4,10,1,0.5,20.0,0,1626,1611,0,131977.0
2,1,2,3,2,2,10.0,1,1,0,1,1,0,1,2024,0,3,9,1,3.333333333333333,90.0,0,1626,1595,0,107903.0
4,0,6,3,2,3,7.0,2,1,1,1,0,0,9,2022,0,3,6,0,2.333333333333333,42.0,0,1661,676,0,137798.0
1,1,2,0,0,4,5.0,0,1,0,1,1,1,2,2024,0,4,12,1,1.25,60.0,1,1714,1595,0,135200.0
2,0,4,4,1,2,0.0,0,1,1,0,1,0,2,2026,1,3,7,0,0.0,0.0,0,1626,1611,0,107623.0
2,1,5,7,1,2,14.0,1,0,0,0,1,1,12,2025,1,2,7,0,7.0,98.0,0,1626,1494,0,95900.0
0,0,1,2,1,1,7.0,1,0,1,1,0,0,7,2020,1,2,4,0,3.5,28.0,0,1679,1531,0,113873.0
0,2,4,1,2,3,7.0,2,1,1,1,0,0,8,2022,1,3,6,0,2.333333333333333,42.0,0,1679,1611,0,113873.0
0,0,0,3,2,2,12.0,2,0,1,1,0,0,4,2022,1,2,4,0,6.0,48.0,0,1679,1567,0,146053.0
0,0,0,6,0,1,7.0,0,0,1,1,0,1,4,2021,1,3,7,0,2.333333333333333,49.0,1,1679,1567,0,139844.0
0,0,4,1,0,3,5.3,1,0,0,1,0,0,4,2021,1,1,3,0,5.3,15.9,0,1679,1611,0,155412.0
0,1,1,0,0,3,3.0,0,1,1,1,0,0,2,2023,1,3,6,0,1.0,18.0,0,1679,1531,0,159539.0
2,0,5,3,1,1,5.0,0,0,1,1,0,1,11,2024,1,3,7,0,1.6666666666666667,35.0,1,1626,1494,0,105379.0
5,3,3,6,2,2,9.0,1,1,0,1,1,1,3,2020,1,4,12,1,2.25,108.0,1,1682,1551,0,150768.0
2,2,4,4,2,2,11.0,0,1,1,1,0,1,8,2025,1,4,9,0,2.75,99.0,1,1626,1611,0,75067.0
3,0,0,7,2,1,7.0,1,0,0,1,0,1,4,2024,1,2,6,0,3.5,42.0,1,1623,1567,0,92892.0
2,2,3,4,1,2,7.0,2,1,1,1,0,0,3,2023,0,3,6,0,2.333333333333333,42.0,0,1626,1551,0,91079.0
4,2,5,4,2,3,10.0,0,0,0,1,1,1,7,2025,0,3,10,1,3.333333333333333,100.0,1,1661,1494,0,141163.0
4,0,0,1,2,1,4.0,1,0,0,1,0,0,12,2026,0,1,3,0,4.0,12.0,0,1661,1567,0,88683.0
4,0,0,6,0,1,5.0,1,0,0,1,0,0,10,2026,0,1,3,0,5.0,15.0,0,1661,1567,0,102466.0
1,1,4,6,1,2,12.0,3,0,0,1,0,0,6,2021,0,1,3,0,12.0,36.0,0,1714,1611,0,90138.0
5,1,0,6,1,3,9.0,3,0,1,1,0,1,12,2021,0,3,7,0,3.0,63.0,1,1682,1567,0,160700.0
1,3,5,4,0,1,6.0,0,0,1,1,0,1,1,2022,0,3,7,0,2.0,42.0,1,1714,1494,0,81432.0
4,2,1,4,0,2,1.0,1,0,1,0,1,0,8,2025,0,2,5,0,0.5,5.0,0,1661,1531,0,87800.0
1,2,4,3,1,3,8.0,2,0,0,1,0,0,1,2025,0,1,3,0,8.0,24.0,0,1714,1611,0,116182.0
3,1,4,5,1,1,3.0,0,0,0,0,1,0,11,2020,1,1,4,0,3.0,12.0,0,1623,1611,0,63482.0
2,2,6,4,1,2,2.0,1,1,0,0,0,0,7,2020,1,1,2,0,2.0,4.0,0,1626,676,0,75580.0
3,1,4,2,2,2,8.0,1,1,0,0,0,1,9,2022,1,2,5,0,4.0,40.0,0,1623,1611,0,87614.0
3,0,6,4,1,1,5.0,0,0,1,1,0,1,2,2024,1,3,7,0,1.6666666666666667,35.0,1,1623,676,0,93102.0
3,0,0,4,0,1,7.0,2,0,0,1,0,1,4,2022,1,2,6,0,3.5,42.0,1,1623,1567,0,73964.0
4,1,2,6,3,3,7.0,0,0,0,1,1,0,8,2024,1,2,7,1,3.5,49.0,0,1661,1595,0,125299.0
0,0,4,5,1,3,3.0,2,0,1,1,1,1,8,2022,1,4,11,1,0.75,33.0,1,1679,1611,1,199130.0
5,1,0,5,3,2,0.0,1,1,0,1,0,1,10,2022,1,3,8,0,0.0,0.0,1,1682,1567,0,122962.0
1,0,1,0,1,3,12.0,0,0,0,1,0,1,3,2026,2,2,6,0,6.0,72.0,1,1714,1531,0,142976.0
5,2,1,0,2,3,0.0,0,1,0,0,0,1,9,2024,2,2,5,0,0.0,0.0,0,1682,1531,0,113873.0
5,0,3,7,2,4,8.0,2,1,0,1,0,0,4,2024,2,2,5,0,4.0,40.0,0,1682,1551,0,127700.0
1,0,4,6,1,3,8.0,0,0,1,1,1,0,6,2026,2,3,8,1,2.6666666666666665,64.0,0,1714,1611,0,149085.0
5,2,4,0,2,3,8.0,0,1,0,1,0,1,2,2024,2,3,8,0,2.6666666666666665,64.0,1,1682,1611,1,164633.0
3,2,2,7,0,2,9.0,2,0,1,1,0,1,12,2020,2,3,7,0,3.0,63.0,1,1623,1595,0,97097.0
3,1,2,5,2,3,10.0,0,0,1,1,1,0,6,2020,2,3,8,1,3.333333333333333,80.0,0,1623,1595,0,61640.0
5,0,0,3,2,1,4.0,0,0,1,0,1,1,4,2026,1,3,8,0,1.3333333333333333,32.0,0,1682,1567,0,132576.0
3,1,1,0,0,1,8.5,0,0,1,1,0,1,3,2023,1,3,7,0,2.833333333333333,59.5,1,1623,1531,0,79137.0
0,0,2,3,1,3,4.0,2,1,1,0,1,1,10,2024,1,4,10,0,1.0,40.0,0,1679,1595,1,169400.0
3,0,4,6,1,3,4.0,2,0,0,0,0,1,9,2024,1,1,3,0,4.0,12.0,0,1623,1611,0,114769.0
2,0,3,6,2,1,8.0,2,0,0,0,0,1,1,2024,0,1,3,0,8.0,24.0,0,1626,1551,0,76955.0
2,0,3,6,1,1,4.0,1,0,1,0,1,1,6,2021,0,3,8,0,1.3333333333333333,32.0,0,1626,1551,0,78137.0
1,1,0,4,2,1,7.0,2,0,0,0,0,1,10,2022,0,1,3,0,7.0,21.0,0,1714,1567,0,61640.0
2,2,1,3,1,3,7.0,3,0,1,1,0,1,7,2026,0,3,7,0,2.333333333333333,49.0,1,1626,1531,0,137145.0
2,1,3,6,0,3,11.0,2,1,0,0,0,0,5,2025,2,1,2,0,11.0,22.0,0,1626,1551,0,103243.0
2,0,0,2,1,2,3.0,1,1,0,1,0,1,6,2022,2,3,8,0,1.0,24.0,1,1626,1567,0,97551.0
5,1,1,5,1,2,0.0,0,0,1,1,1,1,3,2020,2,4,11,1,0.0,0.0,1,1682,1531,0,157195.0
0,2,4,4,2,2,7.0,1,0,1,1,1,0,1,2026,2,3,8,1,2.333333333333333,56.0,0,1679,1611,0,145218.0
2,0,0,1,0,1,7.0,0,1,0,0,0,0,8,2026,2,1,2,0,7.0,14.0,0,1626,1567,0,68642.0
0,1,1,0,0,2,5.6,2,1,1,1,0,1,9,2024,2,4,9,0,1.4,50.4,1,1679,1531,0,143999.0
2,0,2,7,2,1,13.0,0,0,1,0,0,1,1,2020,2,2,4,0,6.5,52.0,0,1626,1595,0,90803.0
4,0,3,0,2,2,11.3,1,0,1,0,1,1,10,2021,2,3,8,0,3.766666666666667,90.4,0,1661,1551,0,100764.0
2,0,6,3,1,2,1.8,2,1,1,0,0,0,11,2025,2,2,3,0,0.9,5.4,0,1626,676,0,90838.0
2,1,6,1,1,3,0.0,0,1,0,1,0,1,11,2024,2,3,8,0,0.0,0.0,1,1626,676,0,126930.0
3,0,4,0,2,1,8.3,1,0,0,1,0,0,4,2021,2,1,3,0,8.3,24.9,0,1623,1611,1,202887.5
2,0,1,2,1,2,5.0,1,1,1,1,0,0,5,2020,2,3,6,0,1.6666666666666667,30.0,0,1626,1531,0,109108.0
3,1,5,6,1,2,4.0,0,0,0,0,1,1,12,2023,1,2,7,0,2.0,28.0,0,1623,1494,0,92554.0
5,2,5,2,2,3,11.3,2,0,1,1,0,1,5,2024,1,3,7,0,3.766666666666667,79.10000000000001,1,1682,1494,0,160821.0
5,0,4,3,1,4,14.0,3,1,1,0,0,1,1,2020,1,3,6,0,4.666666666666667,84.0,0,1682,1611,0,148531.0
3,0,1,4,1,3,7.0,0,1,1,1,0,1,12,2025,1,4,9,0,1.75,63.0,1,1623,1531,0,139778.0
2,0,3,6,2,1,11.0,1,0,0,0,0,1,9,2021,1,1,3,0,11.0,33.0,0,1626,1551,0,62909.0
5,0,3,5,0,1,6.0,1,1,1,0,0,1,7,2026,1,3,6,0,2.0,36.0,0,1682,1551,0,102746.0
4,0,2,5,1,2,7.5,0,0,0,1,1,0,1,2023,1,2,7,1,3.75,52.5,0,1661,1595,1,202887.5
1,2,4,6,0,3,11.0,2,0,0,1,1,1,12,2023,1,3,10,1,3.6666666666666665,110.0,1,1714,1611,0,144100.0
1,0,3,3,2,1,2.0,0,1,0,0,0,1,3,2021,1,2,5,0,1.0,10.0,0,1714,1551,0,77521.0
4,1,3,6,1,3,0.0,3,0,1,0,0,1,10,2023,1,2,4,0,0.0,0.0,0,1661,1551,0,111733.0
2,2,0,2,2,1,2.0,2,1,1,0,1,1,1,2024,1,4,10,0,0.5,20.0,0,1626,1567,0,73821.0
4,1,0,6,2,2,14.0,0,0,1,1,0,1,7,2025,1,3,7,0,4.666666666666667,98.0,1,1661,1567,1,202887.5
3,1,2,0,2,4,5.0,2,1,0,1,1,1,1,2023,1,4,12,1,1.25,60.0,1,1623,1595,0,118027.0
3,0,3,4,1,2,6.0,1,0,0,1,0,1,5,2022,1,2,6,0,3.0,36.0,1,1623,1551,0,102739.0
5,2,2,5,1,2,2.0,2,1,1,1,0,1,4,2022,1,4,9,0,0.5,18.0,1,1682,1595,0,140814.0
4,0,3,4,0,2,14.0,0,1,0,0,0,0,3,2020,1,1,2,0,14.0,28.0,0,1661,1551,0,95000.0
4,0,0,0,1,3,2.0,2,0,1,0,1,1,12,2023,1,3,8,0,0.6666666666666666,16.0,0,1661,1567,1,202887.5
2,2,4,0,2,1,12.0,1,0,0,1,0,0,2,2022,1,1,3,0,12.0,36.0,0,1626,1611,0,61640.0
4,1,1,2,0,1,7.0,0,0,1,1,0,1,5,2026,1,3,7,0,2.333333333333333,49.0,1,1661,1531,0,77312.0
0,0,5,4,0,1,2.0,3,1,1,0,0,0,12,2025,0,2,3,0,1.0,6.0,0,1679,1494,0,90506.0
0,3,6,5,2,2,1.0,2,0,1,1,0,1,12,2026,0,3,7,0,0.3333333333333333,7.0,1,1679,676,0,159340.0
4,1,6,5,1,1,13.0,0,0,0,1,0,1,1,2025,0,2,6,0,6.5,78.0,1,1661,676,0,61640.0
2,0,4,1,3,1,10.0,0,1,1,1,0,0,12,2022,0,3,6,0,3.333333333333333,60.0,0,1626,1611,1,202887.5
4,0,0,4,1,1,2.0,0,0,0,0,1,0,8,2025,0,1,4,0,2.0,8.0,0,1661,1567,0,68339.0
5,1,5,6,2,1,5.0,2,0,1,1,0,1,1,2025,0,3,7,0,1.6666666666666667,35.0,1,1682,1494,0,119128.0
0,0,4,2,2,2,0.0,2,0,0,0,1,1,12,2022,1,2,7,0,0.0,0.0,0,1679,1611,1,164000.0
4,2,0,4,0,2,13.0,1,1,0,1,1,1,2,2021,1,4,12,1,3.25,156.0,1,1661,1567,0,115212.0
0,3,4,1,1,1,7.0,1,0,1,1,0,1,11,2021,1,3,7,0,2.333333333333333,49.0,1,1679,1611,0,116555.0
3,0,6,1,1,1,1.0,1,0,0,0,1,0,11,2021,1,1,4,0,1.0,4.0,0,1623,676,0,87008.0
3,0,3,0,2,1,10.0,2,1,0,0,0,1,4,2025,2,2,5,0,5.0,50.0,0,1623,1551,0,113873.0
5,0,5,1,0,2,7.0,2,1,0,1,0,1,3,2023,2,3,8,0,2.333333333333333,56.0,1,1682,1494,0,113873.0
3,0,6,1,2,4,0.0,1,0,0,0,0,1,5,2020,2,1,3,0,0.0,0.0,0,1623,676,0,104957.0
0,1,1,3,0,2,4.0,2,1,0,0,1,1,1,2020,1,3,9,0,1.3333333333333333,36.0,0,1679,1531,0,139800.0
5,0,1,0,0,2,3.0,0,0,0,1,0,1,6,2024,1,2,6,0,1.5,18.0,1,1682,1531,0,142061.0
5,0,1,5,2,2,9.0,0,0,0,0,1,0,12,2024,2,1,4,0,9.0,36.0,0,1682,1531,0,147403.0
5,1,2,3,0,2,7.0,1,1,1,1,0,0,6,2026,2,3,6,0,2.333333333333333,42.0,0,1682,1595,0,125559.0
2,0,3,5,0,1,11.0,3,1,1,1,1,1,6,2021,2,5,13,1,2.2,143.0,1,1626,1551,0,108439.0
2,0,6,6,2,1,13.0,2,1,1,0,1,0,3,2024,2,3,7,0,4.333333333333333,91.0,0,1626,676,0,85192.0
5,2,0,7,0,1,1.0,0,0,1,0,1,1,8,2025,2,3,8,0,0.3333333333333333,8.0,0,1682,1567,0,111265.0
4,1,2,6,2,1,7.0,1,0,0,0,1,0,6,2020,2,1,4,0,7.0,28.0,0,1661,1595,0,62065.0
1,0,3,6,1,2,9.0,0,0,1,1,1,1,7,2025,2,4,11,1,2.25,99.0,1,1714,1551,0,130921.0
0,2,3,3,2,1,7.0,0,0,1,1,0,1,1,2026,2,3,7,0,2.333333333333333,49.0,1,1679,1551,0,118900.0
0,0,0,1,1,2,12.0,1,0,1,1,0,0,10,2020,0,2,4,0,6.0,48.0,0,1679,1567,0,128764.0
4,0,1,4,0,1,7.0,0,0,0,1,0,1,10,2023,0,2,6,0,3.5,42.0,1,1661,1531,0,77166.0
0,2,5,3,3,1,12.0,3,0,1,0,1,1,5,2026,0,3,8,0,4.0,96.0,0,1679,1494,1,202887.5
5,0,0,4,2,3,11.8,0,0,0,1,1,0,10,2026,0,2,7,1,5.9,82.60000000000001,0,1682,1567,1,185296.0
1,1,1,2,2,3,5.0,2,1,1,0,1,1,5,2020,0,4,10,0,1.25,50.0,0,1714,1531,0,113778.0
2,0,4,5,2,2,7.0,1,0,1,1,0,1,11,2023,0,3,7,0,2.333333333333333,49.0,1,1626,1611,0,96051.0
3,0,5,1,0,3,7.0,0,1,1,0,0,1,4,2025,0,3,6,0,2.333333333333333,42.0,0,1623,1494,0,133828.0
5,1,5,2,2,1,4.0,2,0,1,1,1,0,7,2022,0,3,8,1,1.3333333333333333,32.0,0,1682,1494,0,121894.0
0,0,6,3,1,3,12.0,0,1,1,1,0,0,1,2024,0,3,6,0,4.0,72.0,0,1679,676,0,159437.0
5,1,1,5,2,1,8.0,0,0,1,0,0,0,2,2022,2,1,1,0,8.0,8.0,0,1682,1531,0,89342.0
3,3,1,6,1,2,13.0,0,0,1,0,1,0,6,2020,2,2,5,0,6.5,65.0,0,1623,1531,0,113873.0
0,3,6,7,2,2,2.0,3,0,0,1,0,0,8,2022,1,1,3,0,2.0,6.0,0,1679,676,0,127933.0
3,0,3,3,1,1,4.0,2,0,1,0,0,1,10,2024,1,2,4,0,2.0,16.0,0,1623,1551,0,83848.0
3,3,3,1,1,3,6.0,1,0,0,1,1,1,12,2021,1,3,10,1,2.0,60.0,1,1623,1551,0,136771.0
1,0,3,2,2,1,1.0,1,1,1,1,0,0,12,2024,1,3,6,0,0.3333333333333333,6.0,0,1714,1551,0,71000.0
5,0,2,6,2,3,14.0,0,0,0,0,0,1,8,2023,1,1,3,0,14.0,42.0,0,1682,1595,1,167380.0
1,2,2,0,0,2,5.0,0,0,0,0,0,1,1,2020,1,1,3,0,5.0,15.0,0,1714,1595,0,61640.0
5,0,2,4,0,1,8.0,1,0,1,0,0,0,5,2023,1,1,1,0,8.0,8.0,0,1682,1595,0,105227.0
1,0,3,4,1,3,7.0,1,0,1,1,1,1,1,2026,1,4,11,1,1.75,77.0,1,1714,1551,0,159236.0
1,0,1,3,0,1,9.0,0,0,1,0,0,1,1,2022,1,2,4,0,4.5,36.0,0,1714,1531,0,80464.0
1,0,3,1,2,2,11.6,2,1,1,0,0,0,11,2025,1,2,3,0,5.8,34.8,0,1714,1551,0,98000.0
2,1,5,3,2,2,10.0,3,1,1,0,0,0,5,2025,1,2,3,0,5.0,30.0,0,1626,1494,0,71706.0
0,2,3,1,2,3,7.0,1,0,1,0,0,0,10,2025,1,1,1,0,7.0,7.0,0,1679,1551,0,141542.0
3,0,4,3,0,2,13.0,2,1,1,0,1,0,6,2025,2,3,7,0,4.333333333333333,91.0,0,1623,1611,0,110526.0
3,2,0,5,0,2,4.0,1,0,1,1,1,1,1,2024,1,4,11,1,1.0,44.0,1,1623,1567,0,104130.0
5,1,5,6,1,3,7.0,1,1,1,0,1,0,1,2025,1,3,7,0,2.333333333333333,49.0,0,1682,1494,0,152709.0
2,2,1,0,1,3,7.0,1,0,0,1,0,1,1,2022,1,2,6,0,3.5,42.0,1,1626,1531,0,125645.0
1,0,5,0,3,1,11.0,0,0,1,0,0,1,2,2024,0,2,4,0,5.5,44.0,0,1714,1494,0,78958.0
1,0,0,4,0,2,6.0,0,1,0,1,1,1,12,2026,0,4,12,1,1.5,72.0,1,1714,1567,0,114385.0
3,0,2,5,0,3,2.0,1,0,0,0,1,0,1,2024,0,1,4,0,2.0,8.0,0,1623,1595,0,131281.0
4,1,4,7,1,3,12.0,3,0,1,1,1,0,1,2024,0,3,8,1,4.0,96.0,0,1661,1611,0,119775.0
4,2,2,0,2,1,11.0,2,0,0,1,1,0,8,2020,0,2,7,1,5.5,77.0,0,1661,1595,0,79811.0
4,2,2,0,2,1,6.0,3,0,0,1,1,0,8,2023,0,2,7,1,3.0,42.0,0,1661,1595,0,113873.0
3,2,4,0,0,1,11.0,2,0,0,0,1,1,8,2024,0,2,7,0,5.5,77.0,0,1623,1611,0,77084.0
4,1,5,5,0,1,4.0,1,1,1,1,0,0,8,2020,0,3,6,0,1.3333333333333333,24.0,0,1661,1494,0,62168.0
3,1,1,5,1,1,11.0,0,0,1,1,0,1,7,2021,0,3,7,0,3.6666666666666665,77.0,1,1623,1531,0,72409.0
4,1,2,3,1,2,4.0,2,1,0,1,1,0,3,2024,1,3,9,1,1.3333333333333333,36.0,0,1661,1595,0,92063.0
4,0,6,4,0,3,7.0,0,0,0,1,1,1,4,2024,1,3,10,1,2.333333333333333,70.0,1,1661,676,0,146071.0
3,0,1,7,1,3,11.0,0,1,0,1,0,0,6,2024,1,2,5,0,5.5,55.0,0,1623,1531,0,136996.0
5,2,2,2,2,2,12.0,1,1,0,0,1,0,1,2023,1,2,6,0,6.0,72.0,0,1682,1595,1,202887.5
4,0,1,3,1,1,0.0,2,0,1,1,0,1,2,2024,1,3,7,0,0.0,0.0,1,1661,1531,0,72287.0
5,0,6,6,2,3,4.0,1,0,1,0,1,1,8,2024,1,3,8,0,1.3333333333333333,32.0,0,1682,676,1,169215.0
4,1,5,6,1,1,12.0,2,1,0,0,0,0,11,2025,1,1,2,0,12.0,24.0,0,1661,1494,1,202887.5
0,2,6,0,2,2,3.0,2,0,1,0,1,0,12,2022,1,2,5,0,1.5,15.0,0,1679,676,0,113873.0
4,2,4,1,2,3,7.0,2,1,1,1,0,0,6,2024,1,3,6,0,2.333333333333333,42.0,0,1661,1611,0,112387.0
2,0,3,7,1,1,4.0,0,0,1,1,0,0,7,2024,1,2,4,0,2.0,16.0,0,1626,1551,0,113873.0
5,0,6,3,1,3,7.0,0,0,1,1,0,0,8,2025,1,2,4,0,3.5,28.0,0,1682,676,0,139038.0
3,0,3,5,2,1,2.0,0,1,0,1,0,1,8,2026,1,3,8,0,0.6666666666666666,16.0,1,1623,1551,0,74500.0
1,2,0,4,1,2,14.0,1,0,1,1,0,0,10,2022,1,2,4,0,7.0,56.0,0,1714,1567,0,88303.0
4,1,3,1,0,3,2.0,1,1,0,1,0,1,11,2025,1,3,8,0,0.6666666666666666,16.0,1,1661,1551,0,123402.0
0,0,4,3,0,3,12.0,1,1,1,1,1,1,10,2025,0,5,13,1,2.4,156.0,1,1679,1611,1,201230.0
4,0,5,6,2,3,1.0,2,1,1,1,0,0,7,2022,0,3,6,0,0.3333333333333333,6.0,0,1661,1494,0,151041.0
1,0,3,3,0,3,6.0,0,1,1,1,0,1,7,2023,1,4,9,0,1.5,54.0,1,1714,1551,0,147026.0
1,0,4,4,2,1,4.0,2,0,1,1,0,1,3,2020,1,3,7,0,1.3333333333333333,28.0,1,1714,1611,0,80479.0
3,2,1,6,0,3,6.0,1,1,1,1,1,0,3,2023,1,4,10,1,1.5,60.0,0,1623,1531,0,127295.0
5,0,5,4,1,1,14.0,2,0,1,1,0,1,1,2024,1,3,7,0,4.666666666666667,98.0,1,1682,1494,0,111827.0
0,0,2,1,0,3,7.0,1,0,1,1,0,1,5,2022,1,3,7,0,2.333333333333333,49.0,1,1679,1595,1,167937.0
2,2,0,6,2,4,0.0,2,0,0,1,0,1,6,2024,1,2,6,0,0.0,0.0,1,1626,1567,0,126267.0
0,0,1,2,2,3,0.0,1,0,1,1,1,1,12,2025,1,4,11,1,0.0,0.0,1,1679,1531,1,176410.0
3,0,5,0,1,3,6.0,2,1,1,1,0,1,12,2026,1,4,9,0,1.5,54.0,1,1623,1494,0,125800.0
2,0,4,4,1,1,3.0,2,0,1,1,1,1,6,2026,1,4,11,1,0.75,33.0,1,1626,1611,0,113873.0
2,1,5,2,0,2,6.0,1,0,0,1,0,0,1,2020,1,1,3,0,6.0,18.0,0,1626,1494,0,89326.0
4,0,1,1,0,4,0.0,1,0,1,1,0,0,3,2020,1,2,4,0,0.0,0.0,0,1661,1531,0,113873.0
3,1,1,3,1,1,7.0,1,0,1,1,1,0,7,2023,1,3,8,1,2.333333333333333,56.0,0,1623,1531,0,79111.0
5,0,0,0,1,3,10.0,1,0,1,1,1,0,8,2025,1,3,8,1,3.333333333333333,80.0,0,1682,1567,1,193199.0
3,2,0,3,2,4,7.0,1,0,1,1,1,0,3,2023,0,3,8,1,2.333333333333333,56.0,0,1623,1567,0,113873.0
3,1,2,0,2,1,5.0,3,1,0,1,0,0,10,2026,0,2,5,0,2.5,25.0,0,1623,1595,0,61900.0
5,0,5,3,1,2,14.0,0,1,1,1,1,1,2,2026,0,5,13,1,2.8,182.0,1,1682,1494,1,178428.0
5,3,5,4,2,4,11.0,2,1,1,1,0,0,7,2026,0,3,6,0,3.6666666666666665,66.0,0,1682,1494,0,61640.0
0,2,2,5,0,1,7.0,0,1,1,1,1,0,12,2022,0,4,10,1,1.75,70.0,0,1679,1595,0,117240.0
1,1,4,5,0,2,3.3,0,1,0,0,0,0,3,2021,1,1,2,0,3.3,6.6,0,1714,1611,0,74377.0
3,0,6,4,1,1,2.0,2,1,1,1,1,1,8,2022,1,5,13,1,0.4,26.0,1,1623,676,0,61640.0
5,1,4,6,0,1,9.0,3,1,1,0,1,1,11,2026,2,4,10,0,2.25,90.0,0,1682,1611,0,113873.0
5,0,5,1,0,1,11.0,2,0,1,1,1,1,5,2024,2,4,11,1,2.75,121.0,1,1682,1494,0,154385.0
1,3,0,3,1,1,0.0,0,1,1,1,1,1,12,2021,2,5,13,1,0.0,0.0,1,1714,1567,0,93705.0
0,0,4,7,2,3,8.0,3,0,1,0,0,1,3,2021,2,2,4,0,4.0,32.0,0,1679,1611,0,148075.0
3,0,0,4,1,4,7.0,2,0,0,1,1,0,12,2026,2,2,7,1,3.5,49.0,0,1623,1567,0,150600.0
1,3,6,0,0,3,0.0,2,1,0,1,0,1,7,2026,1,3,8,0,0.0,0.0,1,1714,676,0,131632.0
0,0,0,1,3,2,2.0,2,0,0,0,0,1,6,2021,1,1,3,0,2.0,6.0,0,1679,1567,0,162644.0
1,1,0,1,0,3,7.0,0,0,0,0,1,1,6,2025,1,2,7,0,3.5,49.0,0,1714,1567,0,127244.0
2,0,2,6,1,4,6.0,0,1,1,0,0,1,12,2021,1,3,6,0,2.0,36.0,0,1626,1595,0,64817.0
4,0,2,7,3,2,8.0,1,0,1,0,0,1,1,2020,1,2,4,0,4.0,32.0,0,1661,1595,0,75360.0
0,0,3,5,2,3,14.0,2,0,0,0,0,1,1,2023,1,1,3,0,14.0,42.0,0,1679,1551,1,182600.0
1,1,3,4,1,1,6.0,0,1,1,1,1,1,6,2022,0,5,13,1,1.2,78.0,1,1714,1551,0,94631.0
2,0,5,4,0,3,13.0,2,0,0,0,0,1,6,2022,0,1,3,0,13.0,39.0,0,1626,1494,0,110971.0
1,0,2,4,1,2,1.0,1,0,1,1,1,0,5,2022,0,3,8,1,0.3333333333333333,8.0,0,1714,1595,0,109722.0
4,0,6,5,0,1,13.0,2,0,0,0,0,1,8,2021,0,1,3,0,13.0,39.0,0,1661,676,0,111800.0
5,3,4,5,0,3,3.0,2,1,1,1,1,0,9,2026,0,4,10,1,0.75,30.0,0,1682,1611,1,177147.0
5,0,2,6,0,3,3.0,1,1,1,1,0,1,2,2026,0,4,9,0,0.75,27.0,1,1682,1595,1,169406.0
5,1,3,3,2,2,7.0,2,0,1,0,1,0,3,2026,0,2,5,0,3.5,35.0,0,1682,1551,0,128072.0
1,0,5,3,0,3,0.0,2,0,1,0,0,0,9,2020,1,1,1,0,0.0,0.0,0,1714,1494,0,97506.0
3,0,2,5,0,1,9.3,1,0,0,0,1,1,11,2020,1,2,7,0,4.65,65.10000000000001,0,1623,1595,0,94366.0
5,0,3,4,0,2,11.0,2,0,1,1,0,1,6,2026,1,3,7,0,3.6666666666666665,77.0,1,1682,1551,0,144897.0
1,2,0,5,0,2,7.0,2,1,0,1,0,0,1,2020,1,2,5,0,3.5,35.0,0,1714,1567,0,101783.0
0,0,5,3,1,1,10.0,2,1,1,1,0,1,1,2020,1,4,9,0,2.5,90.0,1,1679,1494,0,122598.0
1,3,0,3,3,2,2.0,2,0,0,1,1,1,1,2024,1,3,10,1,0.6666666666666666,20.0,1,1714,1567,0,118653.0
0,1,0,3,0,2,4.8,1,0,0,1,1,0,3,2025,1,2,7,1,2.4,33.6,0,1679,1567,0,113873.0
3,0,4,0,1,4,7.0,0,0,0,0,1,0,1,2021,0,1,4,0,7.0,28.0,0,1623,1611,0,68213.0
2,0,0,4,0,2,7.0,0,0,1,0,0,0,10,2020,0,1,1,0,7.0,7.0,0,1626,1567,0,88780.0
5,1,0,1,0,1,12.0,2,0,1,0,0,0,10,2023,0,1,1,0,12.0,12.0,0,1682,1567,0,90714.0
4,0,2,2,1,1,5.0,1,1,1,0,0,1,12,2022,0,3,6,0,1.6666666666666667,30.0,0,1661,1595,0,61640.0
5,0,1,3,2,2,6.0,2,0,1,0,0,1,12,2022,0,2,4,0,3.0,24.0,0,1682,1531,1,202887.5
0,0,0,0,1,1,7.0,1,1,1,0,0,0,1,2026,0,2,3,0,3.5,21.0,0,1679,1567,0,109934.0
0,0,0,5,1,4,7.0,1,0,1,0,1,0,1,2024,0,2,5,0,3.5,35.0,0,1679,1567,0,113873.0
4,2,5,6,1,2,4.0,1,0,0,1,0,1,6,2023,1,2,6,0,2.0,24.0,1,1661,1494,0,99627.0
0,2,6,0,0,1,7.0,2,0,1,1,1,1,11,2025,1,4,11,1,1.75,77.0,1,1679,676,0,125371.0
0,1,2,2,1,1,13.0,2,0,0,0,0,1,4,2026,1,1,3,0,13.0,39.0,0,1679,1595,0,86687.0
2,0,5,5,1,3,13.0,0,0,1,1,0,1,4,2020,1,3,7,0,4.333333333333333,91.0,1,1626,1494,0,132237.0
5,0,6,1,1,2,9.0,1,0,0,1,1,1,1,2022,1,3,10,1,3.0,90.0,1,1682,676,0,113873.0
1,1,5,2,0,1,2.0,3,1,0,0,0,1,4,2026,1,2,5,0,1.0,10.0,0,1714,1494,0,61640.0
0,1,0,1,1,2,6.0,2,0,1,1,0,1,3,2025,1,3,7,0,2.0,42.0,1,1679,1567,0,113873.0
5,0,0,0,1,1,7.0,0,0,1,1,0,0,4,2022,1,2,4,0,3.5,28.0,0,1682,1567,0,135968.0
3,1,0,5,1,2,9.0,0,1,1,1,0,0,9,2021,1,3,6,0,3.0,54.0,0,1623,1567,1,202887.5
3,0,6,4,1,1,4.0,2,0,0,0,0,1,12,2021,1,1,3,0,4.0,12.0,0,1623,676,0,76980.0
3,2,5,1,2,3,7.0,0,0,1,1,0,1,9,2021,1,3,7,0,2.333333333333333,49.0,1,1623,1494,0,120406.0
0,0,2,2,1,4,7.0,2,0,0,1,1,1,6,2026,1,3,10,1,2.333333333333333,70.0,1,1679,1595,1,182692.0
3,3,2,1,2,2,11.0,0,1,0,1,0,1,2,2024,1,3,8,0,3.6666666666666665,88.0,1,1623,1595,0,116950.0
0,2,1,6,1,2,5.0,0,1,0,0,0,1,7,2025,1,2,5,0,2.5,25.0,0,1679,1531,0,118688.0
3,2,3,2,2,1,7.0,2,1,1,1,1,1,1,2024,1,5,13,1,1.4,91.0,1,1623,1551,0,89971.0
1,2,5,4,2,1,13.0,2,0,0,1,0,0,2,2020,2,1,3,0,13.0,39.0,0,1714,1494,0,113873.0
1,0,0,0,1,4,7.0,0,0,0,1,0,1,1,2026,2,2,6,0,3.5,42.0,1,1714,1567,0,114464.0
3,0,5,4,2,2,0.0,2,1,1,0,1,1,6,2022,2,4,10,0,0.0,0.0,0,1623,1494,0,98016.0
0,3,1,6,0,4,2.0,1,1,0,0,1,1,9,2024,2,3,9,0,0.6666666666666666,18.0,0,1679,1531,0,159387.0
4,2,1,2,0,3,13.0,1,0,1,1,1,0,3,2024,2,3,8,1,4.333333333333333,104.0,0,1661,1531,0,119064.0
0,0,5,0,0,1,5.0,3,0,1,1,0,1,10,2024,2,3,7,0,1.6666666666666667,35.0,1,1679,1494,0,137900.0
3,0,1,1,3,1,13.0,0,1,1,0,1,0,12,2020,2,3,7,0,4.333333333333333,91.0,0,1623,1531,0,86645.0
3,0,1,2,1,1,10.0,1,1,0,0,0,1,4,2026,2,2,5,0,5.0,50.0,0,1623,1531,0,78382.0
4,0,5,3,2,2,2.0,0,0,0,0,0,1,12,2021,2,1,3,0,2.0,6.0,0,1661,1494,0,92051.0
3,0,1,6,1,3,5.0,0,0,1,1,1,1,10,2021,2,4,11,1,1.25,55.0,1,1623,1531,0,113873.0
4,0,5,5,0,1,7.0,1,0,1,1,0,1,8,2025,2,3,7,0,2.333333333333333,49.0,1,1661,1494,0,78443.0
3,3,3,5,1,3,7.0,1,0,0,0,1,1,1,2026,2,2,7,0,3.5,49.0,0,1623,1551,0,123515.0
4,0,0,1,3,2,12.0,0,1,0,0,0,1,1,2026,2,2,5,0,6.0,60.0,0,1661,1567,0,80017.0
1,0,4,5,3,3,8.0,0,0,0,1,0,1,12,2022,2,2,6,0,4.0,48.0,1,1714,1611,0,121099.0
1,0,3,2,2,2,8.0,0,0,1,1,1,0,4,2020,2,3,8,1,2.6666666666666665,64.0,0,1714,1551,0,121589.0
1,1,2,6,0,1,7.0,0,0,0,0,1,1,8,2022,2,2,7,0,3.5,49.0,0,1714,1595,0,63659.0
4,0,4,2,0,4,7.0,0,1,1,1,0,0,11,2024,2,3,6,0,2.333333333333333,42.0,0,1661,1611,0,112650.0
0,0,0,3,2,3,7.0,3,1,1,1,1,0,11,2021,2,4,10,1,1.75,70.0,0,1679,1567,1,167969.0
3,1,6,4,2,2,0.0,0,1,1,0,1,0,10,2026,2,3,7,0,0.0,0.0,0,1623,676,0,87326.0
2,0,3,4,2,2,3.0,2,1,0,0,1,0,2,2023,2,2,6,0,1.5,18.0,0,1626,1551,0,90412.0
2,0,3,3,1,1,14.0,2,0,1,0,0,1,1,2026,2,2,4,0,7.0,56.0,0,1626,1551,0,61640.0
5,1,0,1,0,2,11.0,0,0,1,1,1,1,2,2025,2,4,11,1,2.75,121.0,1,1682,1567,0,159812.0
2,0,5,2,1,3,4.0,1,0,1,1,1,1,12,2020,2,4,11,1,1.0,44.0,1,1626,1494,0,141511.0
0,2,4,7,2,1,9.0,1,0,1,1,1,0,6,2023,2,3,8,1,3.0,72.0,0,1679,1611,0,61640.0
5,0,1,4,0,2,1.0,0,0,1,0,1,0,2,2026,1,2,5,0,0.5,5.0,0,1682,1531,0,146000.0
3,1,5,1,0,2,7.0,1,0,1,1,0,0,12,2026,1,2,4,0,3.5,28.0,0,1623,1494,0,88011.0
2,2,6,4,2,2,4.2,2,1,1,1,0,0,6,2024,1,3,6,0,1.4,25.200000000000003,0,1626,676,0,90182.0
4,0,0,2,2,3,8.0,1,1,0,1,1,0,11,2025,1,3,9,1,2.6666666666666665,72.0,0,1661,1567,0,154411.0
1,1,4,7,2,2,0.0,3,1,1,1,1,1,1,2020,1,5,13,1,0.0,0.0,1,1714,1611,0,90428.0
1,2,4,4,0,3,8.0,0,0,1,1,0,0,7,2025,1,2,4,0,4.0,32.0,0,1714,1611,0,110629.0
4,1,4,3,0,2,14.0,0,1,0,1,1,0,1,2025,0,3,9,1,4.666666666666667,126.0,0,1661,1611,0,104487.0
3,0,1,1,2,1,13.0,2,0,1,0,1,1,1,2021,0,3,8,0,4.333333333333333,104.0,0,1623,1531,0,61640.0
5,1,3,4,1,3,12.0,0,0,1,1,1,0,2,2026,0,3,8,1,4.0,96.0,0,1682,1551,0,113873.0
3,0,3,0,0,1,12.0,0,0,1,0,0,1,1,2021,0,2,4,0,6.0,48.0,0,1623,1551,0,61640.0
2,2,1,5,3,3,1.0,3,0,0,1,1,1,6,2022,0,3,10,1,0.3333333333333333,10.0,1,1626,1531,0,61640.0
1,2,4,3,2,2,1.0,1,0,0,1,1,1,10,2022,0,3,10,1,0.3333333333333333,10.0,1,1714,1611,0,114411.0
2,0,3,5,0,1,5.0,1,1,0,0,0,0,1,2022,0,1,2,0,5.0,10.0,0,1626,1551,0,61640.0
4,2,5,3,2,4,3.0,3,0,0,1,0,1,2,2025,0,2,6,0,1.5,18.0,1,1661,1494,0,90946.0
4,0,5,5,2,3,9.0,0,1,0,0,0,0,2,2022,2,1,2,0,9.0,18.0,0,1661,1494,0,120739.0
5,2,2,3,0,1,12.0,1,0,1,1,0,1,2,2022,2,3,7,0,4.0,84.0,1,1682,1595,1,202887.5
0,3,3,6,2,1,6.0,3,0,0,1,1,0,3,2020,0,2,7,1,3.0,42.0,0,1679,1551,0,121144.0
2,0,5,4,0,1,9.0,3,0,1,0,0,1,5,2024,0,2,4,0,4.5,36.0,0,1626,1494,0,61640.0
2,0,3,7,0,1,7.0,1,0,0,1,0,0,1,2021,0,1,3,0,7.0,21.0,0,1626,1551,0,76502.0
3,0,3,4,0,1,6.0,0,0,1,0,1,1,4,2022,0,3,8,0,2.0,48.0,0,1623,1551,0,79490.0
2,2,1,0,2,3,0.0,2,0,0,0,0,1,4,2022,0,1,3,0,0.0,0.0,0,1626,1531,0,108368.0
2,0,4,4,0,2,7.0,0,1,0,1,1,1,10,2020,0,4,12,1,1.75,84.0,1,1626,1611,0,139968.0
5,2,1,6,1,2,7.0,0,0,0,1,0,1,8,2022,0,2,6,0,3.5,42.0,1,1682,1531,0,139797.0
5,2,3,3,2,2,7.0,0,0,1,0,1,0,5,2020,0,2,5,0,3.5,35.0,0,1682,1551,0,133356.0
5,0,2,3,1,2,2.0,3,0,0,1,1,0,2,2024,0,2,7,1,1.0,14.0,0,1682,1595,1,165588.0
1,2,1,0,1,4,0.0,3,0,1,0,0,1,5,2025,0,2,4,0,0.0,0.0,0,1714,1531,0,97644.0
3,1,2,3,0,3,7.0,0,1,0,1,0,1,8,2021,0,3,8,0,2.333333333333333,56.0,1,1623,1595,0,120362.0
0,1,5,2,2,3,10.0,1,0,1,0,0,0,12,2026,0,1,1,0,10.0,10.0,0,1679,1494,0,141674.0
5,2,5,4,0,1,2.0,0,0,0,0,1,1,9,2020,0,2,7,0,1.0,14.0,0,1682,1494,0,116588.0
1,3,0,6,1,3,6.0,2,0,0,1,0,0,9,2024,0,1,3,0,6.0,18.0,0,1714,1567,0,133201.0
3,1,2,0,0,3,13.0,2,1,1,1,0,1,3,2025,0,4,9,0,3.25,117.0,1,1623,1595,0,113873.0
4,0,2,6,3,3,6.0,1,0,1,1,1,1,3,2020,0,4,11,1,1.5,66.0,1,1661,1595,0,61640.0
1,3,2,1,0,0,9.0,1,0,0,1,1,0,8,2026,0,2,7,1,4.5,63.0,0,1714,1595,0,78644.0
1,1,0,0,0,2,5.0,1,0,1,0,1,0,10,2021,1,2,5,0,2.5,25.0,0,1714,1567,0,92100.0
3,2,6,1,1,3,10.0,0,1,0,1,1,1,12,2023,1,4,12,1,2.5,120.0,1,1623,676,0,114439.0
4,2,3,5,0,3,13.0,2,0,1,1,0,0,12,2020,1,2,4,0,6.5,52.0,0,1661,1551,0,133623.0
4,1,2,2,1,3,12.0,3,1,1,1,0,0,4,2021,2,3,6,0,4.0,72.0,0,1661,1595,0,119755.0
0,0,0,3,1,2,8.0,2,1,0,0,0,0,6,2020,2,1,2,0,8.0,16.0,0,1679,1567,0,137666.0
5,0,2,7,0,2,7.0,0,1,1,0,1,0,10,2021,2,3,7,0,2.333333333333333,49.0,0,1682,1595,0,128900.0
3,0,4,4,1,4,7.0,1,0,0,1,0,1,9,2025,0,2,6,0,3.5,42.0,1,1623,1611,0,136500.0
5,0,1,0,3,3,13.0,1,0,1,1,0,1,1,2026,0,3,7,0,4.333333333333333,91.0,1,1682,1531,1,180984.0
1,2,3,5,0,2,6.0,2,0,1,0,0,1,1,2025,0,2,4,0,3.0,24.0,0,1714,1551,0,81281.0
3,0,0,1,0,4,0.0,2,0,0,1,0,0,6,2026,1,1,3,0,0.0,0.0,0,1623,1567,0,77735.0
1,0,2,5,1,3,2.0,0,0,0,1,0,1,8,2024,1,2,6,0,1.0,12.0,1,1714,1595,0,159444.0
2,2,4,3,2,1,9.0,2,0,1,0,1,1,2,2022,2,3,8,0,3.0,72.0,0,1626,1611,0,76275.0
3,1,3,5,2,3,7.0,2,0,0,0,0,1,5,2022,2,1,3,0,7.0,21.0,0,1623,1551,0,105995.0
4,0,2,5,1,2,10.0,0,0,0,0,0,1,5,2022,2,1,3,0,10.0,30.0,0,1661,1595,0,101566.0
2,2,4,2,2,2,10.0,0,1,0,0,0,0,6,2022,2,1,2,0,10.0,20.0,0,1626,1611,0,79545.0
3,1,3,5,0,2,13.0,0,1,1,1,0,1,8,2026,2,4,9,0,3.25,117.0,1,1623,1551,0,96115.0
4,0,0,3,1,4,14.0,0,0,1,0,0,1,12,2020,2,2,4,0,7.0,56.0,0,1661,1567,0,88210.0
3,2,1,1,0,1,13.0,2,0,0,1,0,1,5,2020,2,2,6,0,6.5,78.0,1,1623,1531,0,113873.0
1,1,1,7,2,1,8.0,0,1,1,1,1,0,8,2023,2,4,10,1,2.0,80.0,0,1714,1531,0,82624.0
5,3,2,5,2,1,14.0,1,0,0,0,1,1,8,2023,2,2,7,0,7.0,98.0,0,1682,1595,0,123211.0
4,1,0,7,1,4,6.0,2,1,1,0,0,1,6,2022,2,3,6,0,2.0,36.0,0,1661,1567,0,61640.0
2,0,0,5,1,4,10.0,0,0,1,1,0,1,5,2024,2,3,7,0,3.333333333333333,70.0,1,1626,1567,0,121200.0
0,2,1,0,0,1,9.0,0,0,0,0,1,0,4,2022,2,1,4,0,9.0,36.0,0,1679,1531,0,107496.0
3,1,3,6,3,2,13.0,0,0,1,0,1,1,7,2026,2,3,8,0,4.333333333333333,104.0,0,1623,1551,0,102052.0
4,3,1,1,0,2,7.0,2,0,1,1,0,0,6,2024,2,2,4,0,3.5,28.0,0,1661,1531,0,91923.0
1,0,6,3,0,3,7.0,1,0,1,1,0,1,3,2026,2,3,7,0,2.333333333333333,49.0,1,1714,676,0,133043.0
3,1,2,2,2,3,7.0,2,1,1,1,0,1,12,2021,2,4,9,0,1.75,63.0,1,1623,1595,0,118181.0
3,2,4,3,2,4,1.0,2,0,1,1,0,0,11,2021,2,2,4,0,0.5,4.0,0,1623,1611,0,113873.0
2,2,0,0,3,2,0.0,2,1,0,1,0,1,4,2026,1,3,8,0,0.0,0.0,1,1626,1567,0,96211.0
1,2,6,5,0,3,5.0,2,0,0,1,0,0,1,2021,1,1,3,0,5.0,15.0,0,1714,676,0,118484.0
2,1,3,1,1,2,9.0,1,0,0,1,1,1,8,2026,1,3,10,1,3.0,90.0,1,1626,1551,0,109090.0
3,1,1,6,1,2,3.0,0,0,1,0,1,0,11,2022,1,2,5,0,1.5,15.0,0,1623,1531,0,91884.0
0,2,3,0,0,1,14.0,0,1,0,1,0,1,11,2025,0,3,8,0,4.666666666666667,112.0,1,1679,1551,0,101438.0
2,3,5,6,2,1,14.0,0,1,0,1,1,0,10,2025,0,3,9,1,4.666666666666667,126.0,0,1626,1494,0,69161.0
2,0,5,4,2,3,12.0,2,0,1,1,0,0,2,2022,0,2,4,0,6.0,48.0,0,1626,1494,0,132419.0
2,1,5,5,2,3,7.0,0,0,1,1,0,1,6,2020,0,3,7,0,2.333333333333333,49.0,1,1626,1494,0,119848.0
4,3,1,1,1,2,0.0,1,0,1,0,0,1,6,2020,0,2,4,0,0.0,0.0,0,1661,1531,0,97967.0
3,0,1,5,0,3,6.0,0,0,1,1,1,1,1,2021,0,4,11,1,1.5,66.0,1,1623,1531,0,131634.0
4,3,3,2,2,3,7.0,2,1,0,1,0,1,7,2020,0,3,8,0,2.333333333333333,56.0,1,1661,1551,0,113873.0
4,2,5,5,2,2,7.0,2,0,1,1,0,0,5,2023,0,2,4,0,3.5,28.0,0,1661,1494,0,88086.0
1,1,1,4,2,3,13.0,1,1,0,0,1,1,1,2020,0,3,9,0,4.333333333333333,117.0,0,1714,1531,0,122553.0
5,1,4,5,3,1,7.0,2,0,0,1,1,1,2,2022,0,3,10,1,2.333333333333333,70.0,1,1682,1611,0,123015.0
4,2,3,6,1,3,12.0,1,1,1,1,1,0,2,2022,0,4,10,1,3.0,120.0,0,1661,1551,0,131563.0
2,1,2,3,0,2,10.0,0,1,1,1,1,1,1,2024,0,5,13,1,2.0,130.0,1,1626,1595,0,101477.0
4,0,3,1,0,2,11.0,1,0,1,1,1,1,4,2025,0,4,11,1,2.75,121.0,1,1661,1551,0,116500.0
3,2,1,5,0,4,7.0,1,1,1,0,1,0,8,2022,0,3,7,0,2.333333333333333,49.0,0,1623,1531,0,63183.0
5,1,5,4,1,3,9.0,0,0,1,1,0,1,7,2023,0,3,7,0,3.0,63.0,1,1682,1494,1,166014.0
1,2,6,6,2,4,14.0,1,1,0,0,0,0,10,2026,0,1,2,0,14.0,28.0,0,1714,676,0,78185.0
5,2,6,4,0,1,7.0,1,0,0,0,1,1,11,2020,0,2,7,0,3.5,49.0,0,1682,676,0,114662.0
3,0,3,2,2,1,14.0,3,1,1,0,1,0,11,2025,0,3,7,0,4.666666666666667,98.0,0,1623,1551,0,61640.0
5,2,4,3,1,1,12.0,0,1,0,0,0,0,11,2022,0,1,2,0,12.0,24.0,0,1682,1611,1,202887.5
0,0,4,6,1,3,14.0,0,0,1,1,0,0,1,2026,2,2,4,0,7.0,56.0,0,1679,1611,1,171216.0
0,0,5,0,2,3,0.0,0,0,0,1,1,1,4,2026,2,3,10,1,0.0,0.0,1,1679,1494,1,202887.5
1,2,5,6,1,3,0.0,1,1,0,1,0,0,5,2024,2,2,5,0,0.0,0.0,0,1714,1494,0,112375.0
2,2,2,5,1,2,7.0,2,0,0,0,0,1,1,2024,2,1,3,0,7.0,21.0,0,1626,1595,0,87816.0
0,1,6,1,0,2,6.0,0,0,1,1,1,1,1,2020,2,4,11,1,1.5,66.0,1,1679,676,0,155472.0
4,0,3,4,0,3,3.0,2,0,1,0,1,0,12,2020,2,2,5,0,1.5,15.0,0,1661,1551,0,119083.0
5,3,4,0,1,4,7.0,1,1,0,1,1,1,5,2021,0,4,12,1,1.75,84.0,1,1682,1611,1,165878.0
2,0,5,4,2,2,7.0,1,0,1,0,0,1,1,2024,2,2,4,0,3.5,28.0,0,1626,1494,0,84677.0
1,0,0,6,0,1,5.0,1,1,0,1,0,1,12,2026,2,3,8,0,1.6666666666666667,40.0,1,1714,1567,0,95387.0
5,1,2,0,3,1,14.0,2,1,1,1,1,1,11,2025,2,5,13,1,2.8,182.0,1,1682,1595,0,133642.0
4,0,5,2,0,3,2.0,3,0,0,1,1,0,1,2022,2,2,7,1,1.0,14.0,0,1661,1494,0,145681.0
2,2,2,3,0,2,5.0,1,0,1,0,0,0,1,2022,1,1,1,0,5.0,5.0,0,1626,1595,0,74539.0
0,2,1,4,0,3,12.0,3,1,0,1,0,0,2,2021,1,2,5,0,6.0,60.0,0,1679,1531,0,151265.0
0,2,1,2,2,2,6.0,1,1,1,0,1,1,5,2021,1,4,10,0,1.5,60.0,0,1679,1531,0,136776.0
0,0,3,4,2,4,3.0,2,0,0,1,1,0,7,2023,1,2,7,1,1.5,21.0,0,1679,1551,1,168894.0
0,0,4,6,0,4,7.0,1,1,1,1,0,0,7,2024,1,3,6,0,2.333333333333333,42.0,0,1679,1611,0,127430.0
0,0,0,7,1,2,7.0,1,1,1,0,1,0,6,2023,1,3,7,0,2.333333333333333,49.0,0,1679,1567,0,154906.0
4,2,3,5,2,4,0.0,0,0,1,1,0,1,1,2023,1,3,7,0,0.0,0.0,1,1661,1551,0,95735.0
1,0,4,3,0,4,13.0,0,1,0,0,0,0,7,2024,2,1,2,0,13.0,26.0,0,1714,1611,0,69702.0
5,0,3,2,1,3,3.0,2,0,1,0,0,0,3,2023,2,1,1,0,3.0,3.0,0,1682,1551,0,61640.0
4,1,4,4,2,3,13.0,2,0,1,1,1,1,6,2024,0,4,11,1,3.25,143.0,1,1661,1611,0,140156.0
0,1,1,7,2,2,7.0,1,1,0,1,0,1,4,2022,0,3,8,0,2.333333333333333,56.0,1,1679,1531,0,126211.0
3,1,2,2,1,2,5.0,0,1,0,1,1,1,4,2024,0,4,12,1,1.25,60.0,1,1623,1595,0,103600.0
4,2,5,3,1,2,10.0,1,0,1,1,0,0,9,2022,0,2,4,0,5.0,40.0,0,1661,1494,0,113873.0
2,1,5,0,2,2,4.0,0,0,1,0,0,0,1,2021,0,1,1,0,4.0,4.0,0,1626,1494,0,113873.0
5,0,5,6,2,4,5.0,2,0,0,0,1,0,11,2022,0,1,4,0,5.0,20.0,0,1682,1494,0,132779.0
6,0,5,5,0,2,7.0,0,1,0,1,0,0,4,2020,0,2,5,0,3.5,35.0,0,40,1494,0,113873.0
4,0,0,3,0,1,1.0,0,1,1,1,0,0,1,2024,0,3,6,0,0.3333333333333333,6.0,0,1661,1567,0,84349.0
3,0,2,2,0,1,4.0,0,0,1,1,0,0,6,2021,0,2,4,0,2.0,16.0,0,1623,1595,0,99672.0
4,0,4,2,2,2,14.0,1,1,1,1,0,1,5,2026,0,4,9,0,3.5,126.0,1,1661,1611,0,111209.0
0,0,3,5,2,2,6.0,2,0,0,0,0,1,3,2025,0,1,3,0,6.0,18.0,0,1679,1551,0,121379.0
4,0,1,2,0,1,13.0,1,1,1,0,0,1,5,2021,0,3,6,0,4.333333333333333,78.0,0,1661,1531,0,76280.0
5,2,1,7,1,2,5.0,1,0,0,0,1,1,1,2021,1,2,7,0,2.5,35.0,0,1682,1531,0,61640.0
1,0,1,5,1,1,7.0,1,0,1,1,1,1,1,2020,1,4,11,1,1.75,77.0,1,1714,1531,0,113464.0
4,3,1,5,3,3,7.0,2,0,0,0,0,1,12,2020,1,1,3,0,7.0,21.0,0,1661,1531,0,107068.0
2,2,3,3,2,3,9.0,0,0,1,1,0,0,6,2020,1,2,4,0,4.5,36.0,0,1626,1551,0,119053.0
5,0,4,2,1,3,11.0,2,0,0,1,1,0,12,2020,1,2,7,1,5.5,77.0,0,1682,1611,1,165843.0
0,2,3,4,1,1,5.7,3,0,1,1,0,0,3,2021,1,2,4,0,2.85,22.8,0,1679,1551,0,108565.0
1,0,0,6,0,1,14.0,0,0,1,1,0,1,9,2021,1,3,7,0,4.666666666666667,98.0,1,1714,1567,0,79937.0
0,1,2,4,2,3,11.0,1,0,1,1,0,1,11,2023,1,3,7,0,3.6666666666666665,77.0,1,1679,1595,1,164416.0
6,2,3,0,2,1,7.0,2,1,1,1,0,1,6,2023,1,4,9,0,1.75,63.0,1,40,1551,0,134671.0
3,0,1,2,0,3,4.0,1,1,0,1,0,0,7,2025,1,2,5,0,2.0,20.0,0,1623,1531,0,135268.0
5,0,3,1,0,1,3.0,2,1,1,1,1,1,4,2026,1,5,13,1,0.6,39.0,1,1682,1551,0,153838.0
0,2,4,3,2,1,6.0,1,1,1,1,0,1,9,2026,1,4,9,0,1.5,54.0,1,1679,1611,0,112305.0
4,2,5,7,2,3,3.0,2,0,1,1,0,1,11,2025,1,3,7,0,1.0,21.0,1,1661,1494,1,202887.5
1,1,6,3,0,2,13.0,0,1,1,1,0,1,10,2023,1,4,9,0,3.25,117.0,1,1714,676,0,113873.0
2,0,3,4,0,3,6.0,1,1,1,1,0,1,7,2024,1,4,9,0,1.5,54.0,1,1626,1551,0,129991.0
0,2,0,1,0,2,10.0,1,0,0,0,1,0,7,2024,1,1,4,0,10.0,40.0,0,1679,1567,0,131989.0
5,3,5,5,1,3,9.0,1,0,0,1,0,1,12,2022,1,2,6,0,4.5,54.0,1,1682,1494,1,165360.0
4,0,1,0,1,3,5.0,2,0,1,1,1,0,7,2025,1,3,8,1,1.6666666666666667,40.0,0,1661,1531,0,153572.0
3,0,3,2,0,3,13.0,0,1,1,1,1,0,10,2021,1,4,10,1,3.25,130.0,0,1623,1551,0,129544.0
4,1,4,0,0,4,4.0,0,0,1,0,1,1,5,2021,1,3,8,0,1.3333333333333333,32.0,0,1661,1611,1,202887.5
1,3,2,7,1,1,9.0,0,1,1,1,0,0,1,2021,1,3,6,0,3.0,54.0,0,1714,1595,0,63699.0
0,1,2,1,3,2,0.0,0,0,0,1,0,0,9,2022,1,1,3,0,0.0,0.0,0,1679,1595,0,131241.0
4,2,3,2,3,3,10.9,1,1,1,1,1,0,10,2024,1,4,10,1,2.725,109.0,0,1661,1551,0,132270.0
1,1,4,3,1,3,10.0,0,1,1,1,1,1,1,2023,1,5,13,1,2.0,130.0,1,1714,1611,0,140506.0
4,0,1,7,2,2,0.0,2,0,1,1,1,0,11,2021,1,3,8,1,0.0,0.0,0,1661,1531,0,120528.0
0,1,3,5,0,2,11.0,3,0,1,0,1,1,10,2025,1,3,8,0,3.6666666666666665,88.0,0,1679,1551,0,131052.0
2,1,3,0,0,2,12.0,0,0,1,1,0,1,10,2026,1,3,7,0,4.0,84.0,1,1626,1551,0,117508.0
5,0,5,3,0,1,7.0,1,0,0,0,1,0,2,2023,1,1,4,0,7.0,28.0,0,1682,1494,0,109082.0
2,1,3,3,0,0,12.0,2,1,0,0,1,1,6,2025,1,3,9,0,4.0,108.0,0,1626,1551,0,76405.0
1,2,2,1,1,3,7.0,1,0,0,1,0,1,10,2026,1,2,6,0,3.5,42.0,1,1714,1595,0,120572.0
1,0,4,3,1,2,5.0,0,0,1,0,0,1,8,2023,1,2,4,0,2.5,20.0,0,1714,1611,0,82899.0
0,3,3,5,1,1,1.0,2,1,1,0,0,1,12,2023,1,3,6,0,0.3333333333333333,6.0,0,1679,1551,0,99671.0
1,1,3,1,1,3,4.0,1,1,0,0,0,1,1,2025,1,2,5,0,2.0,20.0,0,1714,1551,0,107716.0
0,0,2,2,0,2,5.0,2,1,0,1,0,1,11,2020,1,3,8,0,1.6666666666666667,40.0,1,1679,1595,0,125941.0
5,0,2,3,2,3,4.0,2,1,1,0,1,1,11,2020,1,4,10,0,1.0,40.0,0,1682,1595,1,181890.0
5,0,5,0,0,3,7.0,2,0,0,1,1,0,2,2023,1,2,7,1,3.5,49.0,0,1682,1494,1,185843.0
3,2,3,0,3,3,5.0,0,0,1,0,1,1,4,2020,1,3,8,0,1.6666666666666667,40.0,0,1623,1551,0,111600.0
2,2,4,6,1,2,6.3,2,0,1,1,1,0,8,2023,1,3,8,1,2.1,50.4,0,1626,1611,0,109656.0
0,0,5,0,1,3,7.0,2,0,0,0,1,0,11,2024,1,1,4,0,7.0,28.0,0,1679,1494,0,156572.0
1,0,4,1,0,1,1.0,0,1,1,1,0,1,5,2025,1,4,9,0,0.25,9.0,1,1714,1611,0,69619.0
3,3,3,3,1,1,5.0,0,0,0,1,1,0,11,2025,1,2,7,1,2.5,35.0,0,1623,1551,0,84583.0
3,2,3,0,2,1,10.0,0,1,1,0,0,1,6,2021,1,3,6,0,3.333333333333333,60.0,0,1623,1551,0,61640.0
1,0,5,4,1,1,10.0,0,0,1,0,0,1,3,2021,1,2,4,0,5.0,40.0,0,1714,1494,0,78146.0
1,1,1,7,1,2,12.0,0,1,1,1,0,1,5,2020,0,4,9,0,3.0,108.0,1,1714,1531,0,99614.0
5,3,1,4,3,2,9.0,2,1,0,1,1,0,5,2021,0,3,9,1,3.0,81.0,0,1682,1531,0,141747.0
0,0,3,1,0,3,3.0,2,0,0,1,0,1,4,2025,0,2,6,0,1.5,18.0,1,1679,1551,1,172280.0
3,3,4,5,1,4,6.0,3,0,0,1,0,0,3,2026,0,1,3,0,6.0,18.0,0,1623,1611,0,68906.0
3,0,2,1,1,3,7.0,1,0,1,0,1,0,11,2023,0,2,5,0,3.5,35.0,0,1623,1595,0,115587.0
3,1,4,4,2,3,2.0,1,1,1,0,0,0,5,2022,0,2,3,0,1.0,6.0,0,1623,1611,0,97518.0
2,2,0,6,0,3,8.0,2,0,0,1,1,1,1,2022,0,3,10,1,2.6666666666666665,80.0,1,1626,1567,0,141937.0
1,2,5,1,2,4,7.0,2,0,0,1,1,0,1,2022,0,2,7,1,3.5,49.0,0,1714,1494,0,117349.0
4,2,5,0,1,1,13.0,0,1,0,1,0,1,6,2024,0,3,8,0,4.333333333333333,104.0,1,1661,1494,0,71070.0
2,2,3,6,1,3,6.0,1,1,0,0,0,0,4,2025,0,1,2,0,6.0,12.0,0,1626,1551,0,100138.0
0,0,5,5,1,3,12.0,2,0,0,1,0,1,3,2025,0,2,6,0,6.0,72.0,1,1679,1494,1,187392.0
1,0,4,4,1,2,4.0,0,0,1,1,0,0,12,2024,0,2,4,0,2.0,16.0,0,1714,1611,0,105500.0
4,2,1,3,2,1,7.0,0,0,1,1,0,0,6,2025,0,2,4,0,3.5,28.0,0,1661,1531,0,66464.0
1,2,5,2,1,1,7.0,1,1,0,1,0,1,2,2020,0,3,8,0,2.333333333333333,56.0,1,1714,1494,0,79062.0
1,1,2,1,2,3,6.0,1,1,1,1,0,1,3,2024,1,4,9,0,1.5,54.0,1,1714,1595,0,120719.0
3,2,1,7,3,2,2.0,1,1,1,1,1,0,2,2021,1,4,10,1,0.5,20.0,0,1623,1531,0,103666.0
0,1,0,5,1,3,9.0,1,1,0,0,1,1,12,2024,1,3,9,0,3.0,81.0,0,1679,1567,1,165164.0
1,1,2,2,1,3,14.0,0,1,1,0,0,1,11,2021,1,3,6,0,4.666666666666667,84.0,0,1714,1595,0,105601.0
0,2,2,6,1,1,7.0,3,1,1,0,0,0,5,2022,1,2,3,0,3.5,21.0,0,1679,1595,0,113873.0
2,1,0,4,0,1,3.0,2,1,0,1,1,0,3,2025,0,3,9,1,1.0,27.0,0,1626,1567,0,82200.0
4,0,2,5,1,2,14.0,2,1,0,1,0,1,12,2023,0,3,8,0,4.666666666666667,112.0,1,1661,1595,0,119097.0
1,1,6,1,1,1,2.0,1,1,1,1,0,1,12,2023,0,4,9,0,0.5,18.0,1,1714,676,0,113873.0
1,2,1,1,0,1,13.0,2,1,0,0,0,1,12,2020,0,2,5,0,6.5,65.0,0,1714,1531,0,61640.0
5,2,5,5,2,2,1.8,3,1,0,0,1,1,9,2021,0,3,9,0,0.6,16.2,0,1682,1494,0,137500.0
1,0,3,2,1,1,1.0,1,1,0,0,0,0,1,2025,0,1,2,0,1.0,2.0,0,1714,1551,0,61640.0
0,1,3,3,1,2,14.0,1,0,1,0,1,0,5,2022,0,2,5,0,7.0,70.0,0,1679,1551,0,128379.0
1,3,5,4,1,4,2.0,0,0,1,1,0,1,1,2021,0,3,7,0,0.6666666666666666,14.0,1,1714,1494,0,70955.0
5,0,0,1,1,3,0.0,2,0,0,1,1,1,9,2026,0,3,10,1,0.0,0.0,1,1682,1567,1,183928.0
2,0,3,6,0,3,11.2,0,0,0,0,1,1,12,2026,0,2,7,0,5.6,78.39999999999999,0,1626,1551,0,127440.0
4,0,3,4,1,3,7.0,1,0,1,1,0,0,2,2022,0,2,4,0,3.5,28.0,0,1661,1551,0,113664.0
1,1,1,5,0,0,3.7,1,1,1,1,0,1,7,2022,1,4,9,0,0.925,33.300000000000004,1,1714,1531,0,113873.0
2,1,2,6,0,4,12.0,2,1,0,0,0,0,11,2023,1,1,2,0,12.0,24.0,0,1626,1595,0,99559.0
3,0,3,0,3,1,12.0,1,0,0,0,1,0,1,2026,1,1,4,0,12.0,48.0,0,1623,1551,0,61640.0
3,0,4,6,1,3,3.2,1,1,1,1,0,1,4,2025,1,4,9,0,0.8,28.8,1,1623,1611,0,143680.0
1,2,5,6,1,1,0.0,2,1,1,1,1,1,10,2023,0,5,13,1,0.0,0.0,1,1714,1494,0,90183.0
2,2,3,3,3,1,3.0,1,0,0,0,1,1,3,2022,0,2,7,0,1.5,21.0,0,1626,1551,0,74529.0
4,0,2,0,0,1,5.0,0,0,1,0,0,1,1,2025,0,2,4,0,2.5,20.0,0,1661,1595,0,84319.0
0,0,6,1,1,3,1.0,1,0,1,0,0,1,12,2021,0,2,4,0,0.5,4.0,0,1679,676,1,169257.0
3,2,3,3,0,2,11.0,0,0,0,1,1,1,1,2024,0,3,10,1,3.6666666666666665,110.0,1,1623,1551,0,119895.0
5,2,1,5,1,2,14.5,0,0,0,0,1,0,4,2022,0,1,4,0,14.5,58.0,0,1682,1531,0,126060.0
0,1,1,4,2,2,7.0,1,0,0,1,1,0,8,2026,0,2,7,1,3.5,49.0,0,1679,1531,0,144998.0
1,0,5,4,2,3,6.0,0,0,1,0,0,0,3,2026,0,1,1,0,6.0,6.0,0,1714,1494,0,120349.0
2,0,1,5,1,2,9.0,0,0,0,1,0,1,12,2020,2,2,6,0,4.5,54.0,1,1626,1531,0,124402.0
0,0,0,5,2,1,7.0,1,1,0,0,0,0,1,2025,2,1,2,0,7.0,14.0,0,1679,1567,0,113873.0
2,3,3,1,1,3,7.0,2,0,0,1,0,0,4,2025,2,1,3,0,7.0,21.0,0,1626,1551,0,121222.0
5,0,6,3,2,2,12.0,0,1,0,0,1,1,2,2025,2,3,9,0,4.0,108.0,0,1682,676,1,175319.0
1,0,4,4,0,3,10.0,0,1,1,1,1,0,2,2024,2,4,10,1,2.5,100.0,0,1714,1611,0,134530.0
3,1,0,3,1,2,7.0,2,1,1,0,0,1,9,2021,1,3,6,0,2.333333333333333,42.0,0,1623,1567,0,101118.0
4,0,1,6,0,3,4.0,2,0,1,1,1,0,4,2025,1,3,8,1,1.3333333333333333,32.0,0,1661,1531,0,153573.0
0,0,1,7,0,2,11.0,2,1,1,1,0,0,1,2025,1,3,6,0,3.6666666666666665,66.0,0,1679,1531,0,113873.0
5,0,3,4,1,1,8.0,2,0,1,1,1,1,4,2022,1,4,11,1,2.0,88.0,1,1682,1551,0,131889.0
4,1,4,6,0,0,9.0,1,0,0,1,0,0,6,2025,1,1,3,0,9.0,27.0,0,1661,1611,0,68983.0
1,2,1,2,1,0,12.0,2,1,1,1,0,1,11,2025,1,4,9,0,3.0,108.0,1,1714,1531,0,71300.0
5,1,5,4,0,3,2.0,0,0,1,1,1,0,1,2026,1,3,8,1,0.6666666666666666,16.0,0,1682,1494,1,174415.0
1,0,4,1,0,1,11.0,2,1,0,0,0,1,1,2023,1,2,5,0,5.5,55.0,0,1714,1611,0,113873.0
1,0,5,5,0,3,5.0,2,1,0,0,0,1,3,2020,1,2,5,0,2.5,25.0,0,1714,1494,0,104316.0
1,2,4,5,0,2,7.0,0,0,0,0,1,1,7,2024,1,2,7,0,3.5,49.0,0,1714,1611,1,202887.5
3,0,4,4,3,2,10.0,2,1,1,0,1,1,12,2024,1,4,10,0,2.5,100.0,0,1623,1611,0,115875.0
3,0,3,6,1,4,11.0,1,0,1,1,1,1,2,2026,1,4,11,1,2.75,121.0,1,1623,1551,0,132555.0
1,1,5,3,2,2,0.0,2,0,1,0,1,1,5,2026,1,3,8,0,0.0,0.0,0,1714,1494,0,104183.0
1,1,3,5,1,3,13.0,0,0,0,1,0,0,12,2026,1,1,3,0,13.0,39.0,0,1714,1551,0,96345.0
1,1,5,7,2,3,8.0,1,0,0,0,1,0,5,2026,1,1,4,0,8.0,32.0,0,1714,1494,0,111590.0
5,0,4,2,3,2,14.0,2,1,1,0,0,1,10,2026,1,3,6,0,4.666666666666667,84.0,0,1682,1611,0,113873.0
3,2,5,2,0,2,2.0,2,0,0,0,0,1,6,2025,1,1,3,0,2.0,6.0,0,1623,1494,0,97815.0
5,1,2,2,1,3,12.0,1,1,1,1,1,0,1,2020,1,4,10,1,3.0,120.0,0,1682,1595,1,174782.0
2,0,3,6,0,2,7.0,2,1,1,1,1,1,10,2020,1,5,13,1,1.4,91.0,1,1626,1551,1,202887.5
3,2,4,0,2,3,4.0,2,0,0,1,1,1,7,2024,1,3,10,1,1.3333333333333333,40.0,1,1623,1611,0,136778.0
1,1,5,3,1,3,4.4,2,1,1,0,1,1,1,2021,1,4,10,0,1.1,44.0,0,1714,1494,0,125132.0
1,1,0,0,0,3,14.0,0,0,1,1,0,1,10,2024,1,3,7,0,4.666666666666667,98.0,1,1714,1567,0,109600.0
5,2,3,2,1,1,7.0,1,1,0,0,0,0,5,2022,1,1,2,0,7.0,14.0,0,1682,1551,0,93578.0
2,0,5,2,0,1,2.0,0,1,0,1,0,0,5,2022,1,2,5,0,1.0,10.0,0,1626,1494,0,82994.0
0,2,4,4,2,2,14.0,0,0,1,1,0,0,2,2024,1,2,4,0,7.0,56.0,0,1679,1611,0,110525.0
2,1,6,3,1,1,1.0,0,1,1,1,1,1,7,2021,1,5,13,1,0.2,13.0,1,1626,676,0,92675.0
3,3,3,0,0,1,7.0,1,1,1,0,1,1,1,2020,1,4,10,0,1.75,70.0,0,1623,1551,0,73023.0
5,1,2,4,1,2,7.0,1,1,1,1,1,1,7,2020,1,5,13,1,1.4,91.0,1,1682,1595,1,202887.5
1,0,4,6,0,2,3.0,0,0,0,1,0,0,1,2025,1,1,3,0,3.0,9.0,0,1714,1611,0,86791.0
5,2,3,1,2,3,7.0,2,0,0,0,0,1,4,2021,1,1,3,0,7.0,21.0,0,1682,1551,1,166294.0
0,1,1,5,1,2,3.0,2,0,0,0,1,0,9,2023,1,1,4,0,3.0,12.0,0,1679,1531,0,134334.0
0,0,1,3,2,2,7.0,1,1,1,1,0,1,1,2022,1,4,9,0,1.75,63.0,1,1679,1531,0,161897.0
1,2,4,6,0,3,5.0,0,1,1,0,1,1,1,2025,1,4,10,0,1.25,50.0,0,1714,1611,0,121177.0
3,1,4,5,0,2,8.0,1,0,1,1,0,1,1,2024,1,3,7,0,2.6666666666666665,56.0,1,1623,1611,0,103868.0
4,3,6,5,1,2,8.0,1,0,1,1,1,1,1,2025,1,4,11,1,2.0,88.0,1,1661,676,0,139600.0
0,0,3,7,3,1,14.0,1,0,1,0,0,1,10,2025,2,2,4,0,7.0,56.0,0,1679,1551,0,130383.0
3,1,0,0,0,1,3.0,0,1,0,0,1,0,1,2024,1,2,6,0,1.5,18.0,0,1623,1567,0,65669.0
5,0,0,3,0,2,14.0,2,0,1,0,1,1,11,2026,0,3,8,0,4.666666666666667,112.0,0,1682,1567,0,158939.0
5,0,3,3,2,1,3.0,1,1,1,1,1,0,9,2021,0,4,10,1,0.75,30.0,0,1682,1551,0,141001.0
5,0,1,2,0,2,9.7,1,0,1,1,0,1,9,2020,0,3,7,0,3.233333333333333,67.89999999999999,1,1682,1531,0,159944.0
2,2,4,3,2,3,4.0,2,0,1,1,1,1,5,2023,0,4,11,1,1.0,44.0,1,1626,1611,0,140588.0
3,2,4,1,1,3,5.0,2,1,0,1,0,1,5,2026,0,3,8,0,1.6666666666666667,40.0,1,1623,1611,0,129808.0
5,2,5,6,3,1,4.0,0,0,1,1,1,1,10,2023,0,4,11,1,1.0,44.0,1,1682,1494,0,131650.0
1,1,3,6,0,2,14.0,0,0,1,0,1,1,5,2023,0,3,8,0,4.666666666666667,112.0,0,1714,1551,0,103200.0
5,0,2,1,0,3,10.0,0,1,1,1,1,0,6,2025,0,4,10,1,2.5,100.0,0,1682,1595,1,174644.0
4,3,6,4,2,1,7.0,2,1,1,0,1,1,11,2025,0,4,10,0,1.75,70.0,0,1661,676,0,70700.0
5,0,6,5,0,2,11.0,0,1,1,1,1,1,8,2020,0,5,13,1,2.2,143.0,1,1682,676,0,152424.0
5,2,3,0,2,4,11.0,0,1,0,1,1,1,9,2026,0,4,12,1,2.75,132.0,1,1682,1551,1,183463.0
3,0,1,5,1,1,9.0,3,0,0,0,1,1,1,2022,0,2,7,0,4.5,63.0,0,1623,1531,0,67900.0
1,0,0,3,2,3,8.0,3,0,1,1,1,1,10,2025,0,4,11,1,2.0,88.0,1,1714,1567,0,136861.0
2,0,4,5,1,1,7.0,2,1,1,1,0,0,6,2021,1,3,6,0,2.333333333333333,42.0,0,1626,1611,0,63274.0
5,1,0,6,0,2,4.0,3,0,1,1,1,0,3,2024,1,3,8,1,1.3333333333333333,32.0,0,1682,1567,0,145089.0
4,1,6,5,1,3,11.0,0,0,1,1,1,1,6,2026,1,4,11,1,2.75,121.0,1,1661,676,0,139177.0
5,1,6,3,2,1,1.0,0,1,1,0,0,1,3,2024,1,3,6,0,0.3333333333333333,6.0,0,1682,676,0,94640.0
4,0,1,0,2,0,7.4,0,1,1,0,0,0,5,2023,1,2,3,0,3.7,22.200000000000003,0,1661,1531,0,80062.0
1,1,0,2,2,1,9.0,0,0,1,0,0,1,9,2026,1,2,4,0,4.5,36.0,0,1714,1567,0,63879.0
2,0,2,0,1,1,10.0,2,0,0,0,1,1,3,2022,1,2,7,0,5.0,70.0,0,1626,1595,0,75247.0
2,0,4,3,1,2,2.0,0,0,0,1,0,0,12,2024,1,1,3,0,2.0,6.0,0,1626,1611,0,61640.0
0,1,2,5,0,3,12.0,1,1,1,0,1,0,9,2021,1,3,7,0,4.0,84.0,0,1679,1595,0,156371.0
0,0,0,7,1,3,5.0,0,1,1,1,1,1,12,2025,1,5,13,1,1.0,65.0,1,1679,1567,0,113873.0
1,1,5,3,1,1,4.0,1,0,0,0,1,0,4,2020,0,1,4,0,4.0,16.0,0,1714,1494,0,64480.0
2,0,1,4,0,2,2.0,1,1,1,1,1,0,12,2020,0,4,10,1,0.5,20.0,0,1626,1531,1,202887.5
4,0,3,1,1,3,5.8,2,1,0,0,0,1,2,2025,0,2,5,0,2.9,29.0,0,1661,1551,1,202887.5
1,1,2,1,2,3,1.0,2,1,0,0,1,1,2,2022,0,3,9,0,0.3333333333333333,9.0,0,1714,1595,0,129681.0
5,1,1,3,2,3,8.0,2,1,0,1,0,0,7,2025,0,2,5,0,4.0,40.0,0,1682,1531,0,152455.0
2,0,4,6,1,1,7.0,1,0,0,0,1,0,11,2020,0,1,4,0,7.0,28.0,0,1626,1611,0,88866.0
3,1,6,0,2,1,12.0,3,0,0,0,1,1,12,2025,0,2,7,0,6.0,84.0,0,1623,676,0,71794.0
4,0,5,0,3,2,0.0,0,1,1,0,0,0,1,2023,0,2,3,0,0.0,0.0,0,1661,1494,0,87000.0
5,1,1,1,3,1,3.0,2,1,0,1,0,1,10,2025,0,3,8,0,1.0,24.0,1,1682,1531,0,117199.0
0,2,0,6,1,1,10.0,0,0,0,1,0,0,8,2025,0,1,3,0,10.0,30.0,0,1679,1567,0,104783.0
2,1,2,7,1,3,7.0,0,0,0,0,0,1,1,2024,0,1,3,0,7.0,21.0,0,1626,1595,0,111068.0
0,1,0,7,2,1,8.0,0,0,1,1,1,1,4,2025,0,4,11,1,2.0,88.0,1,1679,1567,0,110457.0
2,2,3,3,2,4,13.0,1,1,1,1,0,1,1,2022,2,4,9,0,3.25,117.0,1,1626,1551,0,124093.0
1,1,0,4,2,3,10.0,3,0,0,1,0,1,2,2024,2,2,6,0,5.0,60.0,1,1714,1567,0,108879.0
0,2,3,6,1,2,14.0,0,1,0,1,0,0,5,2024,2,2,5,0,7.0,70.0,0,1679,1551,0,130448.0
0,0,0,6,0,2,11.0,1,1,0,1,0,0,11,2025,2,2,5,0,5.5,55.0,0,1679,1567,0,61640.0
4,0,3,3,1,0,5.0,2,0,0,1,0,1,1,2021,2,2,6,0,2.5,30.0,1,1661,1551,0,78915.0
0,1,3,3,3,1,7.0,3,0,1,1,1,1,1,2020,2,4,11,1,1.75,77.0,1,1679,1551,0,113873.0
0,1,2,5,3,1,9.0,2,1,1,1,1,0,9,2026,2,4,10,1,2.25,90.0,0,1679,1595,0,122453.0
2,0,3,0,2,1,13.4,1,0,1,0,0,1,2,2026,2,2,4,0,6.7,53.6,0,1626,1551,0,76509.0
0,0,6,1,1,2,8.0,1,0,0,0,1,0,3,2025,2,1,4,0,8.0,32.0,0,1679,676,0,152571.0
5,0,3,2,2,1,12.0,2,0,0,1,1,1,7,2021,2,3,10,1,4.0,120.0,1,1682,1551,0,153900.0
1,2,1,4,0,3,7.0,1,0,0,0,1,1,4,2020,0,2,7,0,3.5,49.0,0,1714,1531,1,202887.5
2,0,2,4,2,3,8.0,1,0,0,0,1,1,4,2020,0,2,7,0,4.0,56.0,0,1626,1595,0,149893.0
0,0,1,5,2,1,3.0,1,0,1,0,1,1,11,2021,0,3,8,0,1.0,24.0,0,1679,1531,0,130616.0
3,3,2,6,2,1,8.0,2,0,0,1,0,0,7,2020,0,1,3,0,8.0,24.0,0,1623,1595,0,62272.0
0,2,5,2,1,3,7.0,3,0,1,0,0,1,9,2020,0,2,4,0,3.5,28.0,0,1679,1494,0,153785.0
0,0,1,0,2,1,10.0,3,0,0,1,1,1,11,2020,0,3,10,1,3.333333333333333,100.0,1,1679,1531,0,127181.0
4,0,6,2,2,2,12.0,0,0,0,0,1,1,1,2024,2,2,7,0,6.0,84.0,0,1661,676,0,122700.0
2,1,4,6,2,1,10.0,1,0,1,0,1,1,2,2020,2,3,8,0,3.333333333333333,80.0,0,1626,1611,0,78553.0
1,1,0,6,1,1,6.0,0,0,0,1,0,0,5,2020,2,1,3,0,6.0,18.0,0,1714,1567,0,67127.0
4,0,0,4,1,2,12.0,0,0,1,1,1,1,5,2021,2,4,11,1,3.0,132.0,1,1661,1567,0,119148.0
2,3,2,0,3,1,3.0,2,1,1,0,0,1,7,2021,2,3,6,0,1.0,18.0,0,1626,1595,0,61640.0
3,0,2,0,1,3,7.0,0,0,1,0,0,0,7,2022,0,1,1,0,7.0,7.0,0,1623,1595,0,101775.0
3,1,0,3,2,1,0.0,2,1,0,0,1,1,4,2020,0,3,9,0,0.0,0.0,0,1623,1567,0,75197.0
0,2,2,7,1,3,14.0,2,0,0,1,0,0,2,2022,0,1,3,0,14.0,42.0,0,1679,1595,0,158252.0
5,2,3,6,1,2,11.0,1,0,1,1,0,1,7,2022,0,3,7,0,3.6666666666666665,77.0,1,1682,1551,0,143691.0
1,1,2,5,2,3,14.0,3,0,0,0,0,1,2,2024,2,1,3,0,14.0,42.0,0,1714,1595,0,95446.0
0,2,2,5,1,4,0.0,2,0,0,1,1,0,2,2026,0,2,7,1,0.0,0.0,0,1679,1595,0,146502.0
1,2,0,0,2,3,14.0,3,1,1,1,0,0,11,2021,0,3,6,0,4.666666666666667,84.0,0,1714,1567,0,113900.0
3,2,0,6,1,3,1.0,0,1,1,0,1,1,7,2023,0,4,10,0,0.25,10.0,0,1623,1567,0,113873.0
4,2,2,0,2,3,11.0,0,1,1,0,1,1,4,2020,0,4,10,0,2.75,110.0,0,1661,1595,0,113873.0
4,1,5,3,1,1,4.0,3,0,1,1,0,0,9,2020,1,2,4,0,2.0,16.0,0,1661,1494,0,67676.0
4,0,2,0,2,3,14.0,2,1,0,1,0,0,3,2025,1,2,5,0,7.0,70.0,0,1661,1595,0,103929.0
1,3,4,2,2,2,0.0,0,1,1,0,0,1,9,2026,1,3,6,0,0.0,0.0,0,1714,1611,0,113873.0
3,0,4,1,0,2,7.0,1,0,0,0,0,1,8,2020,1,1,3,0,7.0,21.0,0,1623,1611,0,107416.0
3,2,5,5,0,2,7.0,2,0,1,1,0,0,8,2022,1,2,4,0,3.5,28.0,0,1623,1494,0,87500.0
5,2,0,6,2,1,13.0,1,1,1,1,0,0,8,2026,1,3,6,0,4.333333333333333,78.0,0,1682,1567,0,93915.0
3,3,4,3,3,3,5.0,1,1,1,1,0,1,11,2024,1,4,9,0,1.25,45.0,1,1623,1611,0,128678.0
3,2,0,2,1,3,14.0,1,0,1,1,1,0,5,2024,0,3,8,1,4.666666666666667,112.0,0,1623,1567,0,128240.0
5,0,5,4,0,3,6.0,0,0,1,1,1,1,6,2024,0,4,11,1,1.5,66.0,1,1682,1494,1,202425.0
3,0,4,6,0,1,3.0,2,0,0,1,0,0,4,2020,1,1,3,0,3.0,9.0,0,1623,1611,0,68700.0
1,1,2,5,3,1,9.4,2,1,1,0,0,0,4,2020,1,2,3,0,4.7,28.200000000000003,0,1714,1595,0,61640.0
2,1,5,3,3,1,7.0,0,0,1,1,1,1,8,2025,1,4,11,1,1.75,77.0,1,1626,1494,0,68725.0
1,0,6,2,2,3,6.0,2,1,1,0,0,0,8,2021,1,2,3,0,3.0,18.0,0,1714,676,0,103922.0
4,2,0,0,3,3,11.0,0,1,1,1,0,1,11,2023,1,4,9,0,2.75,99.0,1,1661,1567,0,120872.0
0,0,0,0,0,2,6.0,2,1,0,0,1,0,7,2023,1,2,6,0,3.0,36.0,0,1679,1567,0,126875.0
1,1,0,4,1,2,7.0,0,0,0,1,1,1,8,2023,0,3,10,1,2.333333333333333,70.0,1,1714,1567,0,112271.0
2,3,5,5,2,3,13.0,0,0,1,0,0,1,7,2025,0,2,4,0,6.5,52.0,0,1626,1494,0,107200.0
0,2,3,6,0,3,8.0,1,0,1,1,1,0,1,2021,0,3,8,1,2.6666666666666665,64.0,0,1679,1551,1,168178.0
0,2,1,4,2,2,7.0,1,0,1,1,0,0,1,2024,0,2,4,0,3.5,28.0,0,1679,1531,0,128991.0
4,0,3,1,2,2,9.0,0,1,1,1,1,1,7,2023,0,5,13,1,1.8,117.0,1,1661,1551,0,110446.0
2,2,5,5,0,3,0.0,1,1,0,0,1,1,11,2024,0,3,9,0,0.0,0.0,0,1626,1494,0,120687.0
0,0,6,1,2,3,7.0,0,1,1,1,1,1,1,2023,0,5,13,1,1.4,91.0,1,1679,676,1,164094.0
2,1,3,4,3,1,4.0,2,1,0,0,1,0,5,2022,0,2,6,0,2.0,24.0,0,1626,1551,0,67234.0
2,1,5,3,1,3,4.0,1,1,0,1,0,1,6,2025,1,3,8,0,1.3333333333333333,32.0,1,1626,1494,0,121878.0
0,3,2,7,0,4,0.8,2,0,0,0,0,1,4,2021,1,1,3,0,0.8,2.4000000000000004,0,1679,1595,0,123049.0
4,0,4,5,2,1,9.0,1,1,0,1,1,1,7,2026,1,4,12,1,2.25,108.0,1,1661,1611,0,87934.0
5,1,3,0,0,3,1.0,2,1,0,1,1,1,7,2026,1,4,12,1,0.25,12.0,1,1682,1551,0,113873.0
0,2,3,4,1,2,5.0,2,0,1,0,0,0,7,2022,1,1,1,0,5.0,5.0,0,1679,1551,0,115710.0
2,0,5,7,2,2,0.7,2,1,1,0,0,0,8,2020,1,2,3,0,0.35,2.1,0,1626,1494,0,77947.0
5,0,4,4,1,1,11.0,0,1,1,0,0,0,1,2020,1,2,3,0,5.5,33.0,0,1682,1611,0,89526.0
2,0,2,4,3,2,2.0,2,1,0,1,0,0,6,2022,1,2,5,0,1.0,10.0,0,1626,1595,0,94757.0
5,2,5,5,3,1,8.0,3,1,1,0,0,1,10,2024,1,3,6,0,2.6666666666666665,48.0,0,1682,1494,0,113527.0
5,0,5,7,1,1,6.0,2,0,1,0,1,0,1,2025,0,2,5,0,3.0,30.0,0,1682,1494,0,124953.0
3,0,4,6,1,2,2.0,2,1,1,1,0,0,1,2025,0,3,6,0,0.6666666666666666,12.0,0,1623,1611,0,88501.0
2,2,1,6,0,1,1.2,3,1,1,0,1,0,9,2026,0,3,7,0,0.3999999999999999,8.4,0,1626,1531,0,65985.0
0,0,4,2,1,3,12.0,1,0,1,1,0,1,9,2022,0,3,7,0,4.0,84.0,1,1679,1611,0,153506.0
4,0,4,7,3,1,0.0,1,0,0,1,0,1,2,2022,0,2,6,0,0.0,0.0,1,1661,1611,0,72140.0
5,1,4,3,0,4,7.0,2,0,1,0,1,0,4,2023,0,2,5,0,3.5,35.0,0,1682,1611,0,153658.0
3,0,3,5,1,3,9.5,3,1,1,1,1,1,10,2024,0,5,13,1,1.9,123.5,1,1623,1551,0,139260.0
4,0,0,5,3,3,3.0,0,1,1,0,1,0,8,2023,0,3,7,0,1.0,21.0,0,1661,1567,0,134312.0
4,0,0,5,2,3,4.0,0,1,1,1,1,0,3,2023,0,4,10,1,1.0,40.0,0,1661,1567,0,146951.0
2,0,4,0,1,2,8.0,1,1,1,1,0,0,10,2021,0,3,6,0,2.6666666666666665,48.0,0,1626,1611,0,112263.0
0,0,4,2,0,1,7.0,0,1,0,1,1,0,1,2023,0,3,9,1,2.333333333333333,63.0,0,1679,1611,0,139625.0
2,2,0,6,2,3,12.0,2,0,0,0,0,1,8,2024,0,1,3,0,12.0,36.0,0,1626,1567,0,112737.0
5,0,2,6,2,3,0.0,1,1,1,1,1,0,6,2026,0,4,10,1,0.0,0.0,0,1682,1595,1,170058.0
3,2,1,2,0,2,6.0,1,0,1,0,1,1,12,2025,0,3,8,0,2.0,48.0,0,1623,1531,0,101700.0
2,0,2,6,1,1,10.0,2,1,0,0,0,1,11,2020,0,2,5,0,5.0,50.0,0,1626,1595,0,76855.0
4,0,2,3,0,2,13.0,0,1,0,1,0,1,6,2021,0,3,8,0,4.333333333333333,104.0,1,1661,1595,0,108744.0
3,1,1,4,2,1,2.0,3,0,1,0,0,1,7,2022,0,2,4,0,1.0,8.0,0,1623,1531,0,70028.0
1,2,4,3,2,2,2.0,0,0,1,0,0,1,11,2021,0,2,4,0,1.0,8.0,0,1714,1611,0,86883.0
4,2,3,7,0,2,9.0,0,1,1,0,1,1,1,2025,2,4,10,0,2.25,90.0,0,1661,1551,0,95500.0
0,0,0,4,2,1,1.0,0,0,1,1,0,1,9,2020,1,3,7,0,0.3333333333333333,7.0,1,1679,1567,0,130120.0
5,3,4,4,2,0,2.0,0,0,0,1,0,1,10,2021,1,2,6,0,1.0,12.0,1,1682,1611,0,119904.0
4,0,6,2,1,3,10.0,0,1,0,0,0,1,9,2021,1,2,5,0,5.0,50.0,0,1661,676,0,130116.0
4,0,4,6,0,1,1.0,0,1,1,0,1,1,4,2024,1,4,10,0,0.25,10.0,0,1661,1611,0,96205.0
4,0,5,0,3,1,14.0,0,0,1,1,1,1,1,2025,1,4,11,1,3.5,154.0,1,1661,1494,0,91837.0
0,2,4,0,2,1,3.0,1,1,0,1,1,0,1,2023,1,3,9,1,1.0,27.0,0,1679,1611,1,202887.5
1,0,4,3,2,1,7.0,0,0,1,0,0,1,4,2024,1,2,4,0,3.5,28.0,0,1714,1611,0,72255.0
3,0,0,0,3,3,8.0,2,0,0,0,1,1,6,2024,1,2,7,0,4.0,56.0,0,1623,1567,0,146159.0
1,2,5,6,2,2,13.0,2,0,0,1,0,0,2,2022,1,1,3,0,13.0,39.0,0,1714,1494,0,93219.0
5,0,5,2,0,2,6.0,0,0,0,0,1,1,11,2021,1,2,7,0,3.0,42.0,0,1682,1494,0,134092.0
5,1,5,7,0,3,10.0,1,1,1,0,1,0,1,2026,1,3,7,0,3.333333333333333,70.0,0,1682,1494,0,157550.0
0,3,6,4,0,1,4.0,2,1,0,0,1,0,4,2023,1,2,6,0,2.0,24.0,0,1679,676,0,61640.0
1,2,2,6,1,4,13.0,2,0,0,1,0,0,11,2022,1,1,3,0,13.0,39.0,0,1714,1595,0,79331.0
4,1,4,3,2,3,9.0,2,1,0,0,0,1,5,2020,1,2,5,0,4.5,45.0,0,1661,1611,0,106176.0
3,2,2,4,0,2,7.0,1,1,0,1,0,1,3,2022,1,3,8,0,2.333333333333333,56.0,1,1623,1595,0,103288.0
3,0,4,7,1,2,5.0,1,1,1,1,1,0,3,2025,1,4,10,1,1.25,50.0,0,1623,1611,0,127595.0
4,1,3,5,2,2,7.0,0,0,0,1,0,1,1,2025,1,2,6,0,3.5,42.0,1,1661,1551,0,96108.0
4,1,3,2,3,1,1.4,2,0,0,1,1,1,4,2024,1,3,10,1,0.4666666666666666,14.0,1,1661,1551,0,86700.0
0,0,2,5,1,2,12.0,0,0,0,1,0,0,7,2025,1,1,3,0,12.0,36.0,0,1679,1595,0,113873.0
0,0,0,6,2,4,13.0,2,0,1,1,0,1,6,2021,1,3,7,0,4.333333333333333,91.0,1,1679,1567,0,140800.0
3,1,2,2,1,2,7.1,0,1,0,0,0,0,6,2021,1,1,2,0,7.1,14.2,0,1623,1595,0,77058.0
5,2,2,2,2,1,4.0,2,1,1,1,0,1,7,2025,1,4,9,0,1.0,36.0,1,1682,1595,1,202887.5
5,1,5,3,2,4,1.6,2,1,1,1,0,1,7,2026,1,4,9,0,0.4,14.4,1,1682,1494,0,155836.0
2,0,1,0,0,3,12.0,1,1,1,0,1,1,2,2020,1,4,10,0,3.0,120.0,0,1626,1531,0,128611.0
3,1,1,6,1,2,5.0,0,0,0,1,0,1,12,2024,1,2,6,0,2.5,30.0,1,1623,1531,0,97708.0
1,1,0,2,0,2,9.0,2,1,0,1,0,0,7,2025,1,2,5,0,4.5,45.0,0,1714,1567,1,202887.5
2,1,2,0,2,3,7.0,1,0,0,1,1,0,7,2020,1,2,7,1,3.5,49.0,0,1626,1595,0,125700.0
5,3,1,3,1,1,8.2,1,0,1,1,1,0,11,2021,1,3,8,1,2.733333333333333,65.6,0,1682,1531,0,116619.0
0,0,0,2,0,1,5.0,0,1,1,1,0,1,4,2024,1,4,9,0,1.25,45.0,1,1679,1567,0,130749.0
1,2,5,2,0,3,11.0,1,1,0,1,0,0,4,2023,1,2,5,0,5.5,55.0,0,1714,1494,0,126432.0
1,2,3,4,0,4,9.0,3,1,1,0,0,0,10,2023,1,2,3,0,4.5,27.0,0,1714,1551,0,113873.0
2,0,4,6,0,1,7.0,1,1,1,0,0,1,3,2025,1,3,6,0,2.333333333333333,42.0,0,1626,1611,0,63906.0
3,2,3,0,1,2,7.0,2,1,0,0,0,1,7,2026,1,2,5,0,3.5,35.0,0,1623,1551,0,100293.0
5,0,6,3,2,2,1.0,1,1,1,1,0,1,12,2021,1,4,9,0,0.25,9.0,1,1682,676,0,139591.0
2,2,1,2,0,2,10.0,2,1,0,1,0,0,1,2021,1,2,5,0,5.0,50.0,0,1626,1531,0,113873.0
4,0,1,3,2,3,6.2,0,0,1,1,1,1,6,2021,0,4,11,1,1.55,68.2,1,1661,1531,0,156645.0
3,2,2,6,2,2,13.0,2,1,1,0,1,1,3,2023,0,4,10,0,3.25,130.0,0,1623,1595,0,96247.0
3,2,4,0,0,2,7.0,0,1,0,0,0,1,12,2025,1,2,5,0,3.5,35.0,0,1623,1611,1,202887.5
4,0,0,2,2,3,6.0,1,1,1,0,0,0,1,2025,1,2,3,0,3.0,18.0,0,1661,1567,0,99631.0
4,2,5,0,2,2,7.0,0,0,1,0,0,1,5,2022,1,2,4,0,3.5,28.0,0,1661,1494,0,80631.0
0,2,3,3,0,2,7.0,2,1,0,0,0,0,8,2021,1,1,2,0,7.0,14.0,0,1679,1551,0,61640.0
1,3,0,1,1,2,14.0,0,1,0,1,1,0,10,2021,1,3,9,1,4.666666666666667,126.0,0,1714,1567,0,109456.0
0,2,1,0,2,3,11.0,1,1,0,1,0,0,9,2026,1,2,5,0,5.5,55.0,0,1679,1531,0,158860.0
0,0,0,3,2,3,3.0,0,1,1,0,1,1,9,2022,1,4,10,0,0.75,30.0,0,1679,1567,0,161900.0
1,0,2,3,0,2,2.0,3,1,0,1,1,1,8,2021,1,4,12,1,0.5,24.0,1,1714,1595,0,117428.0
1,1,3,6,3,3,0.0,0,1,0,0,1,1,10,2021,0,3,9,0,0.0,0.0,0,1714,1551,0,128546.0
0,2,3,4,2,2,7.0,1,0,1,1,1,1,11,2026,0,4,11,1,1.75,77.0,1,1679,1551,0,151963.0
0,2,3,3,1,3,7.0,2,0,1,0,0,0,4,2020,0,1,1,0,7.0,7.0,0,1679,1551,0,140292.0
2,2,4,6,2,3,10.0,0,0,1,1,1,0,7,2026,0,3,8,1,3.333333333333333,80.0,0,1626,1611,0,133861.0
3,0,5,5,1,2,4.0,2,1,1,0,0,1,11,2021,0,3,6,0,1.3333333333333333,24.0,0,1623,1494,0,100973.0
3,2,6,4,2,2,9.0,2,0,1,0,0,0,9,2024,0,1,1,0,9.0,9.0,0,1623,676,0,72216.0
1,0,5,1,2,2,13.0,0,0,1,1,1,1,6,2020,0,4,11,1,3.25,143.0,1,1714,1494,0,131685.0
4,0,1,3,0,3,3.0,2,1,1,0,0,1,6,2024,0,3,6,0,1.0,18.0,0,1661,1531,0,105095.0
5,0,3,0,2,1,8.0,3,0,1,0,0,0,6,2020,0,1,1,0,8.0,8.0,0,1682,1551,0,93147.0
5,0,3,0,1,2,0.0,1,1,1,0,0,1,6,2022,0,3,6,0,0.0,0.0,0,1682,1551,0,153006.0
4,0,3,6,0,1,7.0,0,1,0,0,0,0,11,2021,0,1,2,0,7.0,14.0,0,1661,1551,0,61640.0
2,2,1,4,0,1,3.0,0,1,1,1,0,1,4,2023,0,4,9,0,0.75,27.0,1,1626,1531,0,79897.0
2,1,0,5,1,3,9.0,1,0,1,1,0,0,9,2023,0,2,4,0,4.5,36.0,0,1626,1567,0,118025.0
1,0,2,4,0,1,11.0,1,0,0,1,1,0,12,2024,0,2,7,1,5.5,77.0,0,1714,1595,0,87180.0
5,2,6,4,0,4,7.0,0,1,1,1,0,1,12,2026,1,4,9,0,1.75,63.0,1,1682,676,0,118429.0
0,1,1,5,2,1,13.0,2,1,0,0,1,0,10,2021,1,2,6,0,6.5,78.0,0,1679,1531,0,100960.0
5,0,4,0,1,2,13.0,1,1,0,0,0,1,6,2023,1,2,5,0,6.5,65.0,0,1682,1611,0,142365.0
4,2,5,3,2,2,6.0,1,0,0,1,0,0,1,2026,1,1,3,0,6.0,18.0,0,1661,1494,0,86419.0
1,1,4,0,1,3,7.0,2,1,1,0,1,0,4,2021,1,3,7,0,2.333333333333333,49.0,0,1714,1611,0,117942.0
2,1,3,3,0,1,2.0,1,0,0,1,1,1,5,2025,1,3,10,1,0.6666666666666666,20.0,1,1626,1551,0,91178.0
5,0,5,7,2,3,3.0,0,0,1,1,1,1,6,2024,1,4,11,1,0.75,33.0,1,1682,1494,1,202887.5
0,2,1,1,3,1,10.0,0,0,0,1,0,0,1,2024,1,1,3,0,10.0,30.0,0,1679,1531,0,104850.0
4,0,2,2,0,1,3.0,0,0,1,1,1,0,1,2020,1,3,8,1,1.0,24.0,0,1661,1595,0,77079.0
1,1,4,0,1,3,7.0,2,0,0,1,1,1,3,2024,1,3,10,1,2.333333333333333,70.0,1,1714,1611,0,120808.0
0,3,4,0,0,2,7.0,0,0,0,1,0,0,1,2023,1,1,3,0,7.0,21.0,0,1679,1611,0,134740.0
2,0,1,6,1,3,6.0,3,0,1,1,0,0,7,2022,1,2,4,0,3.0,24.0,0,1626,1531,0,135877.0
1,0,4,7,1,1,0.0,2,1,1,1,1,1,10,2025,1,5,13,1,0.0,0.0,1,1714,1611,0,94342.0
1,0,6,6,2,2,10.0,1,0,1,1,1,0,12,2022,1,3,8,1,3.333333333333333,80.0,0,1714,676,0,128538.0
5,1,6,6,1,1,3.0,0,1,1,0,1,0,8,2025,1,3,7,0,1.0,21.0,0,1682,676,0,108079.0
4,1,3,3,1,2,2.0,1,0,1,0,0,1,1,2026,1,2,4,0,1.0,8.0,0,1661,1551,0,87524.0
1,1,6,2,0,2,3.0,2,1,0,0,0,1,1,2026,1,2,5,0,1.5,15.0,0,1714,676,0,113873.0
5,1,2,0,2,2,13.0,1,0,0,1,0,0,11,2026,1,1,3,0,13.0,39.0,0,1682,1595,0,132702.0
1,1,2,3,0,3,1.0,3,0,1,1,1,0,11,2023,1,3,8,1,0.3333333333333333,8.0,0,1714,1595,0,126225.0
5,1,2,1,0,1,8.0,1,1,0,1,0,0,8,2023,2,2,5,0,4.0,40.0,0,1682,1595,0,103815.0
2,0,1,1,2,2,8.0,0,0,1,1,1,0,9,2023,0,3,8,1,2.6666666666666665,64.0,0,1626,1531,0,101148.0
5,0,2,0,0,2,2.0,2,0,1,0,0,0,6,2023,0,1,1,0,2.0,2.0,0,1682,1595,0,132884.0
2,3,2,1,1,2,2.0,0,1,0,1,1,1,6,2026,0,4,12,1,0.5,24.0,1,1626,1595,0,137752.0
4,2,3,3,0,1,7.0,3,0,1,1,0,1,12,2026,0,3,7,0,2.333333333333333,49.0,1,1661,1551,0,76520.0
5,0,6,6,0,1,0.0,2,0,1,1,1,1,12,2020,0,4,11,1,0.0,0.0,1,1682,676,0,152900.0
4,0,4,5,1,1,1.1,0,0,0,1,1,0,10,2025,0,2,7,1,0.55,7.700000000000001,0,1661,1611,0,78863.0
1,0,2,3,2,0,6.0,1,0,0,0,0,1,10,2021,0,1,3,0,6.0,18.0,0,1714,1595,0,61640.0
0,2,3,5,2,3,5.0,0,1,1,0,1,0,12,2021,0,3,7,0,1.6666666666666667,35.0,0,1679,1551,0,154421.0
3,2,4,1,2,1,7.0,2,0,1,1,0,0,6,2023,0,2,4,0,3.5,28.0,0,1623,1611,0,63061.0
1,2,4,4,3,3,2.0,1,0,0,0,1,0,10,2025,0,1,4,0,2.0,8.0,0,1714,1611,0,117194.0
0,0,1,4,0,2,6.0,0,1,0,0,0,1,12,2024,0,2,5,0,3.0,30.0,0,1679,1531,0,141357.0
0,3,4,3,0,2,7.0,1,0,0,0,0,1,12,2021,0,1,3,0,7.0,21.0,0,1679,1611,0,124934.0
2,0,2,6,1,1,10.0,2,1,0,1,0,1,11,2020,0,3,8,0,3.333333333333333,80.0,1,1626,1595,1,202887.5
0,0,0,3,2,2,4.0,1,0,0,1,0,0,9,2024,1,1,3,0,4.0,12.0,0,1679,1567,0,117900.0
3,0,1,6,3,1,7.0,1,1,1,1,0,0,11,2021,1,3,6,0,2.333333333333333,42.0,0,1623,1531,0,61640.0
4,1,3,1,1,2,7.0,1,1,0,0,1,0,6,2023,1,2,6,0,3.5,42.0,0,1661,1551,0,95578.0
3,1,1,3,1,3,0.0,2,1,1,0,1,1,3,2024,1,4,10,0,0.0,0.0,0,1623,1531,0,114323.0
1,0,1,2,1,3,9.0,2,1,0,1,0,1,5,2024,1,3,8,0,3.0,72.0,1,1714,1531,0,127950.0
3,3,4,7,1,1,1.0,3,0,0,1,1,1,9,2022,1,3,10,1,0.3333333333333333,10.0,1,1623,1611,0,106894.0
4,0,2,2,2,2,5.0,2,0,1,1,1,1,12,2025,1,4,11,1,1.25,55.0,1,1661,1595,0,113873.0
2,0,3,0,2,2,9.0,1,0,1,0,1,0,9,2025,2,2,5,0,4.5,45.0,0,1626,1551,0,93639.0
5,1,4,6,0,3,7.0,1,1,0,1,0,0,5,2020,1,2,5,0,3.5,35.0,0,1682,1611,0,151767.0
4,0,1,4,0,2,12.0,1,0,0,1,0,0,3,2024,1,1,3,0,12.0,36.0,0,1661,1531,0,108881.0
0,0,1,6,2,2,6.0,0,0,1,0,0,1,2,2022,1,2,4,0,3.0,24.0,0,1679,1531,0,128578.0
0,0,4,4,1,0,4.0,1,0,1,1,1,1,8,2024,1,4,11,1,1.0,44.0,1,1679,1611,0,130663.0
0,0,3,4,2,1,9.0,1,0,1,1,0,1,7,2024,1,3,7,0,3.0,63.0,1,1679,1551,0,132339.0
2,0,6,2,2,2,5.0,1,1,0,0,0,0,7,2024,1,1,2,0,5.0,10.0,0,1626,676,0,71699.0
1,0,2,5,2,1,14.0,1,1,0,1,1,1,10,2024,1,4,12,1,3.5,168.0,1,1714,1595,0,61640.0
2,0,1,0,0,3,13.0,2,1,0,1,1,1,3,2021,1,4,12,1,3.25,156.0,1,1626,1531,0,126562.0
5,1,3,6,3,1,11.0,2,0,1,0,0,1,7,2022,2,2,4,0,5.5,44.0,0,1682,1551,0,116383.0
4,1,5,2,2,2,2.0,0,0,1,0,1,1,1,2020,2,3,8,0,0.6666666666666666,16.0,0,1661,1494,0,104772.0
4,2,1,4,2,3,7.0,2,0,0,1,0,0,12,2023,2,1,3,0,7.0,21.0,0,1661,1531,0,99208.0
3,2,2,4,1,2,14.0,0,0,0,1,0,1,1,2021,2,2,6,0,7.0,84.0,1,1623,1595,0,104151.0
3,1,2,5,2,4,5.0,0,1,0,1,0,0,1,2025,2,2,5,0,2.5,25.0,0,1623,1595,0,94522.0
3,2,1,7,2,1,11.0,1,0,1,0,0,1,1,2025,2,2,4,0,5.5,44.0,0,1623,1531,0,62351.0
5,0,6,6,1,4,11.0,2,0,1,0,1,1,3,2021,2,3,8,0,3.6666666666666665,88.0,0,1682,676,0,139323.0
3,0,6,7,2,4,0.0,0,1,1,0,1,1,12,2021,2,4,10,0,0.0,0.0,0,1623,676,0,113873.0
3,1,2,7,1,1,5.0,2,1,0,1,0,0,10,2023,2,2,5,0,2.5,25.0,0,1623,1595,0,68946.0
5,0,5,4,2,1,2.0,0,0,1,0,1,1,6,2022,2,3,8,0,0.6666666666666666,16.0,0,1682,1494,0,132292.0
4,2,2,4,1,2,5.0,0,0,1,0,1,0,1,2024,2,2,5,0,2.5,25.0,0,1661,1595,0,87900.0
4,2,2,0,1,4,10.0,1,0,0,0,0,1,2,2026,2,1,3,0,10.0,30.0,0,1661,1595,0,61640.0
3,1,5,6,0,1,9.0,2,0,1,0,1,1,7,2024,2,3,8,0,3.0,72.0,0,1623,1494,0,79427.0
3,0,5,7,2,2,11.0,2,1,1,0,0,0,5,2024,2,2,3,0,5.5,33.0,0,1623,1494,0,75823.0
1,0,4,2,1,3,1.0,1,0,0,1,1,1,4,2026,2,3,10,1,0.3333333333333333,10.0,1,1714,1611,0,126728.0
1,0,3,5,3,1,10.0,0,1,0,1,0,0,4,2023,2,2,5,0,5.0,50.0,0,1714,1551,0,113873.0
0,0,3,5,2,2,2.0,2,0,0,1,1,0,2,2024,2,2,7,1,1.0,14.0,0,1679,1551,0,127923.0
2,1,3,4,0,1,10.0,2,0,1,0,1,1,3,2020,2,3,8,0,3.333333333333333,80.0,0,1626,1551,0,113873.0
5,1,4,1,0,1,8.0,0,0,1,0,0,0,1,2025,2,1,1,0,8.0,8.0,0,1682,1611,0,88076.0
1,1,4,0,2,4,9.0,1,0,0,1,1,0,1,2022,2,2,7,1,4.5,63.0,0,1714,1611,0,105844.0
3,1,3,3,0,1,4.0,3,1,0,1,1,0,1,2023,2,3,9,1,1.3333333333333333,36.0,0,1623,1551,0,76713.0
2,0,0,3,3,2,10.0,1,1,0,1,0,0,5,2020,2,2,5,0,5.0,50.0,0,1626,1567,0,86129.0
0,0,4,2,2,4,7.0,0,1,0,0,1,1,2,2022,1,3,9,0,2.333333333333333,63.0,0,1679,1611,0,153568.0
0,0,2,6,0,2,7.0,3,0,0,0,0,1,10,2020,1,1,3,0,7.0,21.0,0,1679,1595,0,140596.0
5,2,0,0,0,4,9.0,0,1,0,1,1,1,7,2026,1,4,12,1,2.25,108.0,1,1682,1567,0,113873.0
2,2,1,7,1,1,7.0,2,0,1,1,1,0,2,2021,1,3,8,1,2.333333333333333,56.0,0,1626,1531,0,65528.0
1,0,4,7,2,3,7.0,0,0,0,1,1,0,5,2020,1,2,7,1,3.5,49.0,0,1714,1611,0,127810.0
1,0,2,4,2,2,0.0,0,1,1,1,0,1,10,2020,1,4,9,0,0.0,0.0,1,1714,1595,0,102769.0
5,1,4,6,3,1,5.0,1,1,1,0,1,0,4,2024,1,3,7,0,1.6666666666666667,35.0,0,1682,1611,0,106488.0
2,1,0,6,1,3,9.0,2,1,1,1,0,1,9,2026,1,4,9,0,2.25,81.0,1,1626,1567,1,202887.5
0,1,4,6,0,1,2.0,0,0,1,1,1,1,9,2023,1,4,11,1,0.5,22.0,1,1679,1611,0,134010.0
2,0,3,0,2,3,2.0,2,1,1,1,0,1,6,2023,1,4,9,0,0.5,18.0,1,1626,1551,0,147000.0
5,3,5,6,1,1,11.0,0,0,1,1,1,0,11,2026,1,3,8,1,3.6666666666666665,88.0,0,1682,1494,0,105325.0
0,0,6,0,2,2,14.0,1,0,1,0,0,0,11,2021,1,1,1,0,14.0,14.0,0,1679,676,0,137506.0
4,2,3,4,2,1,2.8,0,1,1,1,1,1,1,2024,1,5,13,1,0.5599999999999999,36.4,1,1661,1551,1,202887.5
3,1,2,2,3,4,9.0,2,1,1,1,0,1,12,2022,1,4,9,0,2.25,81.0,1,1623,1595,0,118181.0
5,3,3,1,2,2,9.0,2,1,1,0,1,0,1,2020,1,3,7,0,3.0,63.0,0,1682,1551,0,134678.0
1,3,3,0,2,3,7.0,1,0,0,0,0,1,11,2025,1,1,3,0,7.0,21.0,0,1714,1551,0,125397.0
0,0,0,3,0,4,7.0,0,0,1,0,1,0,3,2024,1,2,5,0,3.5,35.0,0,1679,1567,1,178856.0
5,0,5,6,3,2,9.0,1,1,0,0,0,0,3,2022,2,1,2,0,9.0,18.0,0,1682,1494,0,130396.0
2,0,3,7,0,2,3.0,2,0,1,1,0,1,10,2026,2,3,7,0,1.0,21.0,1,1626,1551,0,103031.0
0,0,6,7,1,2,1.5,0,0,1,0,0,1,6,2022,1,2,4,0,0.75,6.0,0,1679,676,0,120183.0
3,0,3,2,1,3,5.0,1,0,0,0,1,1,7,2026,1,2,7,0,2.5,35.0,0,1623,1551,1,202887.5
1,0,2,7,2,3,4.0,2,0,0,0,0,1,8,2022,1,1,3,0,4.0,12.0,0,1714,1595,0,133226.0
5,1,1,0,1,1,2.0,1,0,0,0,0,1,9,2020,1,1,3,0,2.0,6.0,0,1682,1531,0,102208.0
2,1,2,0,1,0,7.0,1,0,0,1,0,0,8,2026,1,1,3,0,7.0,21.0,0,1626,1595,0,80327.0
3,0,1,1,2,2,7.0,0,0,1,1,1,0,1,2022,0,3,8,1,2.333333333333333,56.0,0,1623,1531,0,108534.0
0,0,3,3,1,3,6.0,2,1,0,1,0,0,12,2021,0,2,5,0,3.0,30.0,0,1679,1551,1,192204.0
2,0,0,5,1,3,1.0,2,0,0,1,0,1,12,2025,1,2,6,0,0.5,6.0,1,1626,1567,1,202887.5
4,2,0,3,3,4,6.0,2,1,1,0,0,0,2,2025,1,2,3,0,3.0,18.0,0,1661,1567,0,61640.0
4,0,4,6,2,3,10.0,3,0,0,0,1,0,4,2024,0,1,4,0,10.0,40.0,0,1661,1611,0,113400.0
4,2,4,6,0,3,1.0,1,0,1,1,0,1,5,2021,0,3,7,0,0.3333333333333333,7.0,1,1661,1611,0,128519.0
1,2,6,3,1,3,14.0,0,1,1,0,0,1,9,2024,0,3,6,0,4.666666666666667,84.0,0,1714,676,0,113103.0
3,0,4,0,0,1,6.0,2,0,1,1,0,0,3,2020,0,2,4,0,3.0,24.0,0,1623,1611,0,81232.0
2,3,5,0,0,1,12.0,0,1,0,1,0,0,1,2020,0,2,5,0,6.0,60.0,0,1626,1494,0,61640.0
1,0,5,2,2,3,1.0,1,1,0,0,0,0,7,2023,0,1,2,0,1.0,2.0,0,1714,1494,0,123000.0
4,0,0,3,1,3,7.0,0,0,0,0,1,1,1,2025,1,2,7,0,3.5,49.0,0,1661,1567,0,133357.0
0,0,2,0,3,1,7.0,2,1,0,1,1,0,10,2026,1,3,9,1,2.333333333333333,63.0,0,1679,1595,0,136915.0
0,0,4,6,2,3,4.0,3,0,0,1,0,0,9,2022,1,1,3,0,4.0,12.0,0,1679,1611,1,178454.0
2,1,3,1,0,3,14.0,0,0,0,1,1,1,12,2024,1,3,10,1,4.666666666666667,140.0,1,1626,1551,0,143553.0
5,2,0,7,0,2,11.0,2,0,1,0,1,0,10,2021,1,2,5,0,5.5,55.0,0,1682,1567,0,132283.0
0,0,2,2,1,2,9.0,2,1,0,1,0,1,1,2024,1,3,8,0,3.0,72.0,1,1679,1595,0,157988.0
0,2,0,6,1,2,10.0,2,1,1,1,0,0,8,2025,1,3,6,0,3.333333333333333,60.0,0,1679,1567,0,113873.0
3,0,0,5,2,1,11.0,1,0,0,1,1,1,5,2026,1,3,10,1,3.6666666666666665,110.0,1,1623,1567,0,71638.0
5,0,1,6,1,1,3.0,0,0,1,1,0,0,2,2020,1,2,4,0,1.5,12.0,0,1682,1531,0,100214.0
0,0,5,0,2,1,8.0,2,1,1,0,1,1,10,2022,1,4,10,0,2.0,80.0,0,1679,1494,0,134156.0
1,0,2,5,1,1,2.0,1,0,1,0,1,1,5,2022,1,3,8,0,0.6666666666666666,16.0,0,1714,1595,0,92665.0
1,0,3,1,0,1,8.0,1,0,0,1,0,0,8,2026,1,1,3,0,8.0,24.0,0,1714,1551,0,80193.0
5,0,2,4,1,2,14.0,0,1,0,0,0,0,4,2020,1,1,2,0,14.0,28.0,0,1682,1595,0,139596.0
4,1,1,0,0,1,7.0,2,0,1,1,1,1,1,2025,1,4,11,1,1.75,77.0,1,1661,1531,0,94197.0
5,1,0,3,0,1,7.0,2,0,1,0,1,0,9,2026,1,2,5,0,3.5,35.0,0,1682,1567,1,202887.5
4,0,5,3,1,1,3.3,2,0,1,0,1,0,9,2026,1,2,5,0,1.65,16.5,0,1661,1494,0,62904.0
5,0,4,6,2,3,7.0,0,1,0,1,0,1,2,2024,1,3,8,0,2.333333333333333,56.0,1,1682,1611,1,175571.0
3,1,0,5,1,1,2.7,1,0,1,0,1,1,1,2026,1,3,8,0,0.9,21.6,0,1623,1567,0,75886.0
3,0,6,5,0,1,11.6,0,0,1,0,1,1,4,2026,1,3,8,0,3.8666666666666663,92.8,0,1623,676,0,92000.0
3,1,2,2,2,1,11.0,0,0,0,1,1,1,10,2022,1,3,10,1,3.6666666666666665,110.0,1,1623,1595,0,90766.0
1,0,1,6,3,2,7.0,2,1,1,1,1,0,3,2021,1,4,10,1,1.75,70.0,0,1714,1531,0,109914.0
4,0,3,4,2,2,0.0,1,1,1,1,0,0,1,2022,1,3,6,0,0.0,0.0,0,1661,1551,0,112459.0
1,0,4,3,0,1,0.0,1,0,0,1,0,1,2,2026,1,2,6,0,0.0,0.0,1,1714,1611,0,94434.0
3,0,4,4,2,3,3.0,2,1,1,1,0,0,11,2025,1,3,6,0,1.0,18.0,0,1623,1611,0,114991.0
5,0,6,6,1,3,11.0,0,1,1,1,0,1,5,2021,1,4,9,0,2.75,99.0,1,1682,676,1,165400.0
2,1,0,6,2,3,1.0,0,0,1,1,0,0,8,2021,1,2,4,0,0.5,4.0,0,1626,1567,0,125728.0
4,3,4,2,2,2,2.0,2,0,0,0,1,0,6,2025,1,1,4,0,2.0,8.0,0,1661,1611,0,92106.0
2,2,0,2,3,3,12.0,1,0,0,0,0,1,5,2023,1,1,3,0,12.0,36.0,0,1626,1567,0,108578.0
3,0,1,4,2,3,3.0,2,0,1,1,1,0,2,2025,1,3,8,1,1.0,24.0,0,1623,1531,0,113873.0
4,2,3,3,0,3,13.0,3,0,0,1,1,0,10,2026,1,2,7,1,6.5,91.0,0,1661,1551,0,131322.0
5,1,4,0,1,3,3.0,1,1,0,1,1,0,6,2023,1,3,9,1,1.0,27.0,0,1682,1611,1,174734.0
0,3,6,3,2,1,11.0,1,0,0,1,1,0,5,2021,2,2,7,1,5.5,77.0,0,1679,676,0,125707.0
5,2,4,3,0,2,8.0,0,0,1,0,0,0,4,2022,2,1,1,0,8.0,8.0,0,1682,1611,0,111755.0
4,0,4,4,3,1,1.2,0,1,1,0,1,0,11,2021,2,3,7,0,0.3999999999999999,8.4,0,1661,1611,0,86079.0
4,2,0,7,0,3,7.0,0,0,1,0,1,1,7,2026,2,3,8,0,2.333333333333333,56.0,0,1661,1567,0,113873.0
6,2,4,2,0,3,10.0,1,0,0,0,0,1,6,2026,1,1,3,0,10.0,30.0,0,40,1611,0,106884.0
2,2,0,5,0,2,3.0,1,0,1,1,1,0,3,2026,1,3,8,1,1.0,24.0,0,1626,1567,0,102185.0
0,2,0,3,0,1,13.0,1,1,1,1,0,0,12,2022,1,3,6,0,4.333333333333333,78.0,0,1679,1567,0,107996.0
0,0,5,1,0,1,14.0,2,0,1,0,0,1,7,2020,1,2,4,0,7.0,56.0,0,1679,1494,0,86636.0
5,0,4,6,0,1,5.0,2,1,0,1,0,1,12,2023,1,3,8,0,1.6666666666666667,40.0,1,1682,1611,0,113783.0
3,0,1,3,1,2,12.0,2,0,1,1,0,0,4,2022,1,2,4,0,6.0,48.0,0,1623,1531,0,104886.0
0,0,0,5,2,1,6.0,2,0,1,0,0,1,6,2026,1,2,4,0,3.0,24.0,0,1679,1567,0,119742.0
5,1,0,0,3,3,4.0,1,0,1,0,0,0,11,2022,1,1,1,0,4.0,4.0,0,1682,1567,0,144140.0
0,1,1,2,1,3,13.0,1,1,1,1,1,0,12,2025,1,4,10,1,3.25,130.0,0,1679,1531,0,113873.0
1,0,4,5,2,2,12.0,1,0,1,1,0,1,5,2026,1,3,7,0,4.0,84.0,1,1714,1611,1,202887.5
4,0,2,1,0,3,6.0,1,1,0,1,0,1,5,2020,1,3,8,0,2.0,48.0,1,1661,1595,0,142804.0
0,2,0,6,0,3,14.0,1,0,1,1,1,1,12,2020,1,4,11,1,3.5,154.0,1,1679,1567,1,177803.0
2,1,0,6,2,3,10.0,0,1,0,1,1,0,7,2022,1,3,9,1,3.333333333333333,90.0,0,1626,1567,0,129345.0
2,3,3,0,0,2,10.8,0,1,1,1,1,1,2,2022,1,5,13,1,2.16,140.4,1,1626,1551,0,103616.0
0,1,4,1,3,2,6.2,2,1,1,1,0,1,8,2021,1,4,9,0,1.55,55.8,1,1679,1611,0,141767.0
0,0,1,7,2,1,10.0,2,1,0,0,0,0,6,2021,1,1,2,0,10.0,20.0,0,1679,1531,0,108190.0
4,3,0,4,2,4,14.0,0,0,0,1,1,0,2,2020,0,2,7,1,7.0,98.0,0,1661,1567,0,126701.0
2,0,6,5,2,1,12.0,2,0,1,1,0,1,3,2022,0,3,7,0,4.0,84.0,1,1626,676,0,95300.0
2,1,0,0,1,3,8.0,2,0,0,1,0,1,5,2024,0,2,6,0,4.0,48.0,1,1626,1567,0,143495.0
2,2,4,1,1,1,12.0,3,0,1,1,1,1,9,2021,0,4,11,1,3.0,132.0,1,1626,1611,1,202887.5
4,1,0,1,2,4,10.0,0,1,0,1,0,0,2,2022,0,2,5,0,5.0,50.0,0,1661,1567,0,108559.0
1,2,1,5,2,3,14.0,1,0,1,1,0,0,5,2021,0,2,4,0,7.0,56.0,0,1714,1531,0,99914.0
0,1,3,7,0,1,12.0,2,0,0,1,0,1,11,2020,0,2,6,0,6.0,72.0,1,1679,1551,0,114468.0
2,0,5,1,2,3,3.0,1,0,1,0,1,0,1,2022,0,2,5,0,1.5,15.0,0,1626,1494,0,139965.0
5,1,2,2,0,3,13.0,2,1,0,1,1,1,4,2026,0,4,12,1,3.25,156.0,1,1682,1595,1,180746.0
3,2,5,1,0,3,10.0,2,1,1,1,0,1,1,2026,0,4,9,0,2.5,90.0,1,1623,1494,0,124100.0
2,3,0,0,0,3,12.0,1,1,1,1,1,0,9,2023,0,4,10,1,3.0,120.0,0,1626,1567,0,114107.0
3,0,5,6,2,3,0.0,2,1,0,1,0,1,11,2023,0,3,8,0,0.0,0.0,1,1623,1494,0,135935.0
1,0,4,5,1,2,14.0,0,0,1,1,1,0,7,2025,0,3,8,1,4.666666666666667,112.0,0,1714,1611,0,110386.0
2,2,5,1,2,1,8.0,1,1,0,0,0,1,7,2022,2,2,5,0,4.0,40.0,0,1626,1494,0,77993.0
4,1,2,2,2,1,11.0,1,0,0,1,0,1,1,2023,2,2,6,0,5.5,66.0,1,1661,1595,1,202887.5
5,2,5,5,1,3,0.0,0,1,0,0,0,1,6,2020,1,2,5,0,0.0,0.0,0,1682,1494,0,160698.0
2,1,3,0,2,2,7.0,2,0,0,1,0,0,2,2024,1,1,3,0,7.0,21.0,0,1626,1551,1,202887.5
1,0,4,2,0,3,9.0,3,0,1,1,1,1,2,2025,1,4,11,1,2.25,99.0,1,1714,1611,0,135609.0
2,0,0,1,2,1,12.0,3,1,1,1,1,0,2,2025,1,4,10,1,3.0,120.0,0,1626,1567,0,103365.0
2,2,0,7,0,2,7.0,0,0,1,0,1,0,9,2023,1,2,5,0,3.5,35.0,0,1626,1567,1,202887.5
5,0,4,4,1,3,7.0,3,0,0,1,1,0,9,2026,1,2,7,1,3.5,49.0,0,1682,1611,1,192394.0
3,0,0,7,2,1,7.0,1,0,0,1,0,1,4,2024,1,2,6,0,3.5,42.0,1,1623,1567,0,92892.0
2,0,3,5,0,2,1.0,0,0,0,1,0,1,7,2021,1,2,6,0,0.5,6.0,1,1626,1551,0,113873.0
4,0,2,1,2,1,7.0,1,1,1,1,1,1,2,2023,1,5,13,1,1.4,91.0,1,1661,1595,0,100105.0
3,2,0,1,0,1,10.0,0,1,1,1,1,0,3,2024,1,4,10,1,2.5,100.0,0,1623,1567,0,113873.0
1,0,0,0,0,2,10.0,0,1,0,1,0,1,1,2025,1,3,8,0,3.333333333333333,80.0,1,1714,1567,0,113873.0
5,0,1,0,1,2,5.0,0,1,0,0,0,1,5,2022,1,2,5,0,2.5,25.0,0,1682,1531,0,131989.0
2,0,0,7,0,1,2.0,1,1,1,1,1,1,12,2026,1,5,13,1,0.4,26.0,1,1626,1567,0,87565.0
0,0,5,1,0,3,1.0,0,1,0,1,1,0,4,2024,1,3,9,1,0.3333333333333333,9.0,0,1679,1494,1,193545.0
0,2,1,0,1,3,3.0,2,1,0,0,0,1,1,2025,1,2,5,0,1.5,15.0,0,1679,1531,0,142474.0
2,3,2,0,1,3,13.0,3,1,0,0,0,1,1,2021,1,2,5,0,6.5,65.0,0,1626,1595,0,109559.0
4,0,2,1,2,3,14.0,1,1,1,1,0,0,8,2026,1,3,6,0,4.666666666666667,84.0,0,1661,1595,0,116764.0
0,2,5,3,2,3,5.0,1,0,1,1,0,1,1,2025,1,3,7,0,1.6666666666666667,35.0,1,1679,1494,1,177537.0
3,1,1,3,2,4,7.0,0,0,1,0,1,1,6,2025,1,3,8,0,2.333333333333333,56.0,0,1623,1531,0,97641.0
4,2,3,3,0,1,2.0,1,1,0,1,0,1,10,2023,1,3,8,0,0.6666666666666666,16.0,1,1661,1551,0,73198.0
4,2,5,6,2,2,3.0,0,1,0,0,0,0,4,2024,1,1,2,0,3.0,6.0,0,1661,1494,0,113873.0
5,1,2,4,0,2,8.0,1,1,1,0,0,1,8,2025,1,3,6,0,2.6666666666666665,48.0,0,1682,1595,0,129662.0
5,3,1,2,3,3,7.0,3,0,1,1,1,1,8,2026,1,4,11,1,1.75,77.0,1,1682,1531,1,179897.0
2,0,3,7,2,3,2.0,1,0,0,1,1,1,9,2023,1,3,10,1,0.6666666666666666,20.0,1,1626,1551,0,135227.0
0,1,4,3,2,2,4.2,1,0,1,0,0,0,5,2024,1,1,1,0,4.2,4.2,0,1679,1611,0,117064.0
4,1,4,4,2,3,1.0,0,1,0,0,1,0,12,2020,1,2,6,0,0.5,6.0,0,1661,1611,0,112155.0
5,0,2,5,0,3,10.0,0,0,1,1,1,0,3,2026,1,3,8,1,3.333333333333333,80.0,0,1682,1595,1,170642.0
5,0,4,5,3,2,3.0,1,0,0,1,1,1,3,2021,1,3,10,1,1.0,30.0,1,1682,1611,1,170500.0
1,2,3,5,3,1,1.0,0,1,1,1,1,1,1,2021,1,5,13,1,0.2,13.0,1,1714,1551,0,90257.0
3,0,5,0,2,2,6.0,0,1,1,0,0,1,3,2022,1,3,6,0,2.0,36.0,0,1623,1494,0,124076.0
2,2,0,6,0,3,8.0,1,0,1,0,0,0,12,2022,1,1,1,0,8.0,8.0,0,1626,1567,0,98069.0
4,1,4,0,1,3,7.0,1,0,0,0,0,1,1,2025,1,1,3,0,7.0,21.0,0,1661,1611,0,111655.0
3,0,1,5,2,1,8.0,0,0,0,1,0,1,8,2026,1,2,6,0,4.0,48.0,1,1623,1531,0,72870.0
3,1,5,5,2,1,9.2,1,0,1,0,0,1,12,2024,1,2,4,0,4.6,36.8,0,1623,1494,0,113873.0
1,0,0,2,0,4,14.0,0,1,1,1,0,0,11,2025,2,3,6,0,4.666666666666667,84.0,0,1714,1567,0,66752.0
5,0,1,7,0,3,4.0,3,1,1,0,1,0,5,2025,2,3,7,0,1.3333333333333333,28.0,0,1682,1531,1,179100.0
5,2,4,7,0,2,2.0,1,1,1,1,0,0,4,2025,2,3,6,0,0.6666666666666666,12.0,0,1682,1611,0,134190.0
2,1,4,2,1,4,2.0,2,1,0,1,0,1,5,2025,2,3,8,0,0.6666666666666666,16.0,1,1626,1611,0,103126.0
2,0,0,3,2,2,7.0,1,0,0,1,0,0,2,2024,1,1,3,0,7.0,21.0,0,1626,1567,0,93529.0
0,0,5,1,3,1,7.0,0,0,0,1,1,0,9,2020,1,2,7,1,3.5,49.0,0,1679,1494,0,139631.0
4,1,1,3,1,4,11.0,2,1,0,1,1,0,12,2022,1,3,9,1,3.6666666666666665,99.0,0,1661,1531,0,78498.0
1,0,0,3,1,4,7.0,0,1,0,1,0,1,5,2023,1,3,8,0,2.333333333333333,56.0,1,1714,1567,0,61640.0
3,0,2,0,3,2,8.0,1,1,0,1,0,1,3,2022,1,3,8,0,2.6666666666666665,64.0,1,1623,1595,0,116948.0
5,0,6,1,2,2,5.0,0,0,0,1,0,0,11,2021,1,1,3,0,5.0,15.0,0,1682,676,0,150984.0
5,0,3,7,2,2,7.0,3,0,1,1,0,1,4,2022,1,3,7,0,2.333333333333333,49.0,1,1682,1551,0,113873.0
0,2,2,2,1,1,12.0,2,0,1,1,0,0,10,2022,1,2,4,0,6.0,48.0,0,1679,1595,0,124611.0
2,0,3,3,3,1,2.0,0,1,1,1,1,1,7,2023,1,5,13,1,0.4,26.0,1,1626,1551,0,87212.0
0,1,1,0,2,3,6.0,2,0,0,0,1,1,11,2024,1,2,7,0,3.0,42.0,0,1679,1531,1,162858.0
2,0,4,4,0,2,6.0,2,0,1,1,1,1,11,2022,1,4,11,1,1.5,66.0,1,1626,1611,0,104538.0
1,2,5,2,1,1,14.0,1,1,0,1,0,1,11,2020,1,3,8,0,4.666666666666667,112.0,1,1714,1494,0,113873.0
3,2,5,3,0,3,4.0,1,1,1,1,1,1,11,2021,1,5,13,1,0.8,52.0,1,1623,1494,0,137985.0
0,1,0,5,0,1,7.0,0,0,0,1,0,1,8,2024,1,2,6,0,3.5,42.0,1,1679,1567,0,113873.0
4,2,5,2,0,1,6.0,1,0,1,1,0,0,3,2024,1,2,4,0,3.0,24.0,0,1661,1494,0,63400.0
0,0,4,1,0,3,6.0,2,0,0,0,1,1,1,2022,0,2,7,0,3.0,42.0,0,1679,1611,1,189598.0
3,0,5,6,1,4,11.5,2,0,1,1,0,0,1,2020,0,2,4,0,5.75,46.0,0,1623,1494,0,91950.0
1,0,2,6,0,3,7.0,0,1,1,0,0,1,12,2021,0,3,6,0,2.333333333333333,42.0,0,1714,1595,0,106661.0
2,0,5,1,2,1,2.0,1,0,0,1,1,1,4,2026,0,3,10,1,0.6666666666666666,20.0,1,1626,1494,0,94855.0
0,0,3,0,0,2,7.0,0,0,1,1,1,1,4,2023,0,4,11,1,1.75,77.0,1,1679,1551,0,161919.0
3,1,1,5,1,3,7.0,0,0,1,1,1,0,4,2021,0,3,8,1,2.333333333333333,56.0,0,1623,1531,0,119793.0
5,2,2,0,1,0,12.0,2,0,1,1,1,0,10,2023,0,3,8,1,4.0,96.0,0,1682,1595,0,105910.0
3,2,5,5,2,2,13.0,2,0,1,1,0,1,12,2022,0,3,7,0,4.333333333333333,91.0,1,1623,1494,0,98091.0
3,0,4,4,0,2,7.0,0,1,1,1,0,1,1,2022,0,4,9,0,1.75,63.0,1,1623,1611,0,119403.0
1,0,2,7,2,1,6.0,2,1,1,0,1,1,8,2021,0,4,10,0,1.5,60.0,0,1714,1595,0,79156.0
1,0,4,5,1,3,14.0,1,1,0,0,1,1,8,2024,0,3,9,0,4.666666666666667,126.0,0,1714,1611,0,127364.0
4,0,3,1,1,3,12.0,0,1,1,1,1,0,8,2020,0,4,10,1,3.0,120.0,0,1661,1551,0,133469.0
5,2,3,6,0,1,1.0,2,1,1,0,0,1,1,2022,0,3,6,0,0.3333333333333333,6.0,0,1682,1551,0,98162.0
4,0,1,4,1,4,12.0,1,1,0,1,0,1,7,2020,2,3,8,0,4.0,96.0,1,1661,1531,0,129900.0
5,0,3,3,2,1,12.0,0,0,1,0,1,1,11,2022,2,3,8,0,4.0,96.0,0,1682,1551,0,136767.0
0,2,4,6,1,1,0.0,2,1,1,0,1,0,6,2025,1,3,7,0,0.0,0.0,0,1679,1611,0,106333.0
0,0,1,1,2,2,7.0,1,0,1,0,1,0,1,2022,1,2,5,0,3.5,35.0,0,1679,1531,0,126146.0
2,0,0,4,2,1,12.0,0,0,0,1,1,0,7,2020,1,2,7,1,6.0,84.0,0,1626,1567,0,95175.0
5,1,2,0,1,1,7.0,2,1,1,1,1,1,12,2021,1,5,13,1,1.4,91.0,1,1682,1595,0,113873.0
3,1,6,0,2,1,2.5,0,0,1,0,0,0,7,2025,1,1,1,0,2.5,2.5,0,1623,676,0,61640.0
3,0,0,6,0,4,7.0,2,0,1,1,1,1,4,2025,1,4,11,1,1.75,77.0,1,1623,1567,0,141205.0
5,0,5,3,2,1,13.0,2,1,1,1,0,1,11,2024,1,4,9,0,3.25,117.0,1,1682,1494,0,107989.0
1,1,2,6,1,2,2.0,1,1,0,1,1,0,8,2025,1,3,9,1,0.6666666666666666,18.0,0,1714,1595,0,100149.0
1,2,4,0,2,2,3.0,2,1,0,0,1,1,4,2025,1,3,9,0,1.0,27.0,0,1714,1611,0,113873.0
2,1,1,3,1,1,10.0,2,0,0,0,1,0,12,2025,1,1,4,0,10.0,40.0,0,1626,1531,0,67982.0
2,1,1,5,0,4,12.0,2,1,0,0,0,1,10,2024,1,2,5,0,6.0,60.0,0,1626,1531,0,89417.0
1,2,4,5,0,2,6.0,0,0,1,1,0,1,4,2021,1,3,7,0,2.0,42.0,1,1714,1611,0,100417.0
3,2,5,7,1,1,10.0,0,0,1,1,0,0,1,2020,1,2,4,0,5.0,40.0,0,1623,1494,0,67400.0
4,1,4,4,0,3,7.0,2,1,0,1,0,1,9,2025,0,3,8,0,2.333333333333333,56.0,1,1661,1611,0,126714.0
5,0,1,7,1,3,7.0,0,1,0,0,0,1,11,2024,0,2,5,0,3.5,35.0,0,1682,1531,0,148650.0
3,2,3,3,1,3,13.0,2,0,0,0,0,1,3,2026,0,1,3,0,13.0,39.0,0,1623,1551,0,108970.0
1,2,1,1,1,2,7.0,1,1,1,0,1,1,3,2023,0,4,10,0,1.75,70.0,0,1714,1531,0,93396.0
0,0,3,0,2,3,6.0,2,1,1,0,0,0,6,2024,1,2,3,0,3.0,18.0,0,1679,1551,0,146061.0
5,1,4,0,0,1,12.0,1,0,1,0,1,1,6,2024,1,3,8,0,4.0,96.0,0,1682,1611,0,113000.0
3,1,5,6,2,2,0.0,2,0,0,1,1,0,4,2024,1,2,7,1,0.0,0.0,0,1623,1494,0,102721.0
5,2,4,4,0,3,7.0,1,0,0,0,0,1,5,2020,1,1,3,0,7.0,21.0,0,1682,1611,0,137821.0
4,3,2,1,0,3,7.0,2,1,1,0,0,0,1,2022,1,2,3,0,3.5,21.0,0,1661,1595,0,117495.0
4,0,4,6,0,1,13.0,0,1,0,1,1,0,7,2026,1,3,9,1,4.333333333333333,117.0,0,1661,1611,1,202887.5
0,2,0,0,1,3,1.0,0,0,0,0,0,1,1,2021,1,1,3,0,1.0,3.0,0,1679,1567,0,152100.0
0,0,0,1,1,4,3.0,0,1,0,1,0,0,12,2024,1,2,5,0,1.5,15.0,0,1679,1567,0,108923.0
4,0,5,3,1,1,6.4,1,1,0,1,0,1,10,2024,1,3,8,0,2.1333333333333333,51.2,1,1661,1494,0,73087.0
4,1,6,2,1,1,10.0,2,0,1,1,1,1,7,2024,2,4,11,1,2.5,110.0,1,1661,676,0,76300.0
1,3,0,4,2,1,11.0,2,1,0,1,1,0,8,2024,0,3,9,1,3.6666666666666665,99.0,0,1714,1567,0,76291.0
1,2,0,0,1,3,7.0,0,0,0,1,1,1,1,2025,0,3,10,1,2.333333333333333,70.0,1,1714,1567,0,120211.0
1,0,0,3,0,1,5.0,0,1,1,1,0,1,1,2026,0,4,9,0,1.25,45.0,1,1714,1567,0,98088.0
2,0,2,5,2,1,8.0,3,1,1,1,0,1,2,2020,0,4,9,0,2.0,72.0,1,1626,1595,0,113873.0
4,0,0,0,1,2,5.0,1,0,0,1,0,0,2,2023,0,1,3,0,5.0,15.0,0,1661,1567,0,92482.0
5,0,2,5,3,1,12.0,0,1,1,1,0,0,2,2024,0,3,6,0,4.0,72.0,0,1682,1595,0,127230.0
3,0,3,2,2,1,0.0,1,1,0,1,1,0,4,2020,0,3,9,1,0.0,0.0,0,1623,1551,0,75903.0
5,3,3,0,0,2,2.0,0,0,1,1,0,0,5,2020,0,2,4,0,1.0,8.0,0,1682,1551,0,131430.0
0,1,2,4,3,3,10.0,0,1,0,1,0,0,5,2020,0,2,5,0,5.0,50.0,0,1679,1595,0,113873.0
2,2,1,4,2,3,12.0,1,0,1,0,0,0,1,2021,0,1,1,0,12.0,12.0,0,1626,1531,0,95434.0
3,2,5,0,1,1,10.0,2,0,0,1,0,1,10,2021,0,2,6,0,5.0,60.0,1,1623,1494,0,113873.0
1,1,5,0,1,3,13.0,3,0,1,1,0,1,9,2025,0,3,7,0,4.333333333333333,91.0,1,1714,1494,1,202887.5
4,0,2,4,1,1,13.0,3,0,0,1,0,0,10,2023,0,1,3,0,13.0,39.0,0,1661,1595,0,80343.0
2,1,4,1,2,2,5.0,0,0,0,1,0,0,8,2024,0,1,3,0,5.0,15.0,0,1626,1611,0,87026.0
3,2,1,1,1,1,8.0,3,0,0,1,0,1,8,2023,0,2,6,0,4.0,48.0,1,1623,1531,0,76348.0
0,2,3,4,1,2,5.0,1,0,0,1,0,0,9,2021,0,1,3,0,5.0,15.0,0,1679,1551,0,125535.0
2,1,5,0,2,3,1.0,0,0,0,1,0,0,2,2021,0,1,3,0,1.0,3.0,0,1626,1494,1,202887.5
1,1,0,3,2,2,11.0,1,0,1,1,0,1,4,2020,0,3,7,0,3.6666666666666665,77.0,1,1714,1567,0,98100.0
0,2,0,7,0,3,0.0,2,1,1,1,0,1,4,2024,0,4,9,0,0.0,0.0,1,1679,1567,0,160597.0
5,1,3,5,0,2,4.7,0,1,0,0,1,0,4,2023,0,2,6,0,2.35,28.200000000000003,0,1682,1551,0,128623.0
1,0,2,0,3,3,7.0,1,0,1,1,0,0,11,2021,0,2,4,0,3.5,28.0,0,1714,1595,0,113608.0
3,1,2,1,2,1,9.0,0,1,0,0,1,1,11,2021,0,3,9,0,3.0,81.0,0,1623,1595,0,72551.0
2,0,0,2,1,3,0.5,1,0,1,1,1,0,12,2024,0,3,8,1,0.1666666666666666,4.0,0,1626,1567,0,126259.0
0,1,2,5,2,4,5.0,0,0,0,0,1,1,7,2025,0,2,7,0,2.5,35.0,0,1679,1595,0,161098.0
5,0,4,4,0,4,7.0,3,0,1,1,0,1,7,2025,0,3,7,0,2.333333333333333,49.0,1,1682,1611,0,101207.0
1,1,2,0,0,3,12.0,0,1,1,0,1,1,4,2023,0,4,10,0,3.0,120.0,0,1714,1595,0,120591.0
2,2,4,2,2,2,14.0,2,0,1,0,1,1,4,2023,0,3,8,0,4.666666666666667,112.0,0,1626,1611,0,100000.0
4,2,1,3,2,3,13.0,2,0,1,0,0,1,1,2021,0,2,4,0,6.5,52.0,0,1661,1531,0,128145.0
4,1,5,1,1,2,9.0,0,0,1,0,0,1,1,2021,0,2,4,0,4.5,36.0,0,1661,1494,0,114107.0
5,0,6,0,1,3,11.0,0,1,1,0,0,1,6,2024,0,3,6,0,3.6666666666666665,66.0,0,1682,676,0,141600.0
1,0,1,3,3,3,6.0,0,0,1,1,1,0,5,2024,0,3,8,1,2.0,48.0,0,1714,1531,0,150280.0
2,0,3,5,2,3,13.0,0,1,0,0,0,1,9,2024,0,2,5,0,6.5,65.0,0,1626,1551,0,127452.0
1,0,4,6,0,3,1.0,3,0,0,1,0,0,7,2022,0,1,3,0,1.0,3.0,0,1714,1611,0,131145.0
4,0,1,6,2,1,13.0,0,0,1,1,0,0,1,2025,2,2,4,0,6.5,52.0,0,1661,1531,0,64052.0
2,0,5,6,0,2,6.0,2,1,1,1,1,1,10,2021,2,5,13,1,1.2,78.0,1,1626,1494,0,113873.0
0,1,1,0,0,2,6.0,1,1,1,1,0,1,10,2021,2,4,9,0,1.5,54.0,1,1679,1531,0,157900.0
5,1,3,1,0,2,1.0,2,1,0,1,1,0,9,2025,0,3,9,1,0.3333333333333333,9.0,0,1682,1551,0,145445.0
2,0,6,5,1,3,12.0,2,1,0,1,0,1,1,2023,0,3,8,0,4.0,96.0,1,1626,676,0,141398.0
0,3,4,5,1,1,12.0,2,1,1,1,1,1,8,2020,0,5,13,1,2.4,156.0,1,1679,1611,0,128674.0
2,1,0,5,1,2,1.0,0,0,1,0,0,1,1,2021,0,2,4,0,0.5,4.0,0,1626,1567,0,102217.0
5,1,5,0,1,2,14.0,1,1,1,1,1,0,1,2023,0,4,10,1,3.5,140.0,0,1682,1494,1,202887.5
1,1,1,5,1,0,3.8,1,0,1,1,1,1,6,2025,0,4,11,1,0.95,41.8,1,1714,1531,0,89767.0
0,0,5,1,2,1,7.0,0,0,0,1,1,0,9,2020,0,2,7,1,3.5,49.0,0,1679,1494,1,202887.5
1,1,1,0,2,1,6.0,0,0,1,0,1,0,10,2026,0,2,5,0,3.0,30.0,0,1714,1531,0,64431.0
5,0,4,3,1,2,7.0,2,0,0,1,1,1,8,2024,0,3,10,1,2.333333333333333,70.0,1,1682,1611,1,172269.0
4,0,1,6,0,2,8.0,2,1,1,1,0,1,3,2026,0,4,9,0,2.0,72.0,1,1661,1531,0,123790.0
5,0,5,5,0,2,4.0,1,1,1,0,0,0,4,2026,0,2,3,0,2.0,12.0,0,1682,1494,0,139024.0
0,0,4,0,2,1,8.0,1,1,1,1,1,0,6,2020,0,4,10,1,2.0,80.0,0,1679,1611,0,124012.0
0,0,1,1,1,3,4.0,1,0,1,0,1,0,2,2026,0,2,5,0,2.0,20.0,0,1679,1531,0,61640.0
0,0,4,5,0,2,8.0,1,1,1,1,1,1,6,2026,0,5,13,1,1.6,104.0,1,1679,1611,0,152803.0
3,0,3,4,1,1,5.0,0,0,1,0,1,0,12,2022,0,2,5,0,2.5,25.0,0,1623,1551,0,87990.0
1,1,3,7,0,2,14.0,0,0,1,1,1,1,11,2024,0,4,11,1,3.5,154.0,1,1714,1551,0,107551.0
4,2,2,0,0,3,14.0,2,0,1,0,1,0,7,2023,0,2,5,0,7.0,70.0,0,1661,1595,0,112097.0
3,1,3,4,1,1,14.0,1,1,1,1,1,0,1,2024,0,4,10,1,3.5,140.0,0,1623,1551,0,75035.0
4,0,4,0,1,3,13.0,0,0,0,0,0,1,1,2025,0,1,3,0,13.0,39.0,0,1661,1611,0,129592.0
2,3,6,1,1,4,4.0,2,1,0,1,1,0,6,2020,0,3,9,1,1.3333333333333333,36.0,0,1626,676,0,133362.0
3,1,5,5,0,2,7.0,2,0,1,1,0,0,5,2020,0,2,4,0,3.5,28.0,0,1623,1494,0,89300.0
4,0,2,3,0,2,4.0,1,1,0,0,1,0,6,2021,0,2,6,0,2.0,24.0,0,1661,1595,0,85949.0
0,2,1,0,2,3,7.0,3,0,0,1,1,0,12,2025,0,2,7,1,3.5,49.0,0,1679,1531,1,170644.0
5,2,3,1,0,1,0.0,2,0,0,1,0,0,1,2020,0,1,3,0,0.0,0.0,0,1682,1551,0,106346.0
0,0,2,2,3,4,7.0,2,1,0,1,0,1,1,2022,0,3,8,0,2.333333333333333,56.0,1,1679,1595,0,113873.0
1,1,1,2,1,2,1.0,1,0,0,1,1,1,1,2023,0,3,10,1,0.3333333333333333,10.0,1,1714,1531,0,100456.0
3,0,2,3,1,2,13.0,0,1,0,0,1,0,1,2022,0,2,6,0,6.5,78.0,0,1623,1595,0,107667.0
2,0,2,6,2,2,10.0,0,0,0,1,0,1,6,2021,0,2,6,0,5.0,60.0,1,1626,1595,0,95522.0
0,0,0,4,2,4,11.0,1,0,0,1,1,1,5,2025,0,3,10,1,3.6666666666666665,110.0,1,1679,1567,0,152609.0
1,1,0,4,0,2,8.0,1,0,0,1,0,1,2,2025,0,2,6,0,4.0,48.0,1,1714,1567,0,80060.0
1,1,4,1,0,2,0.0,1,1,1,0,0,1,1,2020,0,3,6,0,0.0,0.0,0,1714,1611,0,81115.0
4,1,6,4,3,3,12.0,3,0,1,0,1,0,7,2026,0,2,5,0,6.0,60.0,0,1661,676,0,113873.0
2,0,1,5,1,3,10.0,0,0,1,1,1,1,8,2023,0,4,11,1,2.5,110.0,1,1626,1531,0,61640.0
0,0,5,0,2,1,7.0,0,0,1,1,0,1,10,2026,0,3,7,0,2.333333333333333,49.0,1,1679,1494,0,110100.0
5,1,3,2,3,1,8.0,2,0,1,1,1,1,8,2022,0,4,11,1,2.0,88.0,1,1682,1551,0,113873.0
1,2,2,7,2,2,7.0,0,0,0,0,1,0,3,2022,0,1,4,0,7.0,28.0,0,1714,1595,0,93129.0
3,1,4,6,2,1,0.0,1,1,1,0,1,1,11,2024,0,4,10,0,0.0,0.0,0,1623,1611,0,74600.0
5,0,2,1,0,1,11.0,0,0,1,1,0,1,1,2023,0,3,7,0,3.6666666666666665,77.0,1,1682,1595,0,111752.0
0,0,2,6,2,2,0.0,0,1,1,1,1,1,1,2024,0,5,13,1,0.0,0.0,1,1679,1595,1,175674.0
1,0,4,3,1,2,1.0,2,0,1,1,0,0,1,2020,0,2,4,0,0.5,4.0,0,1714,1611,0,113873.0
3,3,1,2,2,3,14.0,1,1,1,0,1,0,10,2020,0,3,7,0,4.666666666666667,98.0,0,1623,1531,0,117912.0
3,0,4,5,0,1,14.0,2,0,0,1,0,0,2,2025,0,1,3,0,14.0,42.0,0,1623,1611,0,88196.0
2,1,4,5,2,2,13.0,1,0,0,0,1,1,3,2023,0,2,7,0,6.5,91.0,0,1626,1611,1,202887.5
3,1,0,0,0,2,7.0,0,1,1,1,0,1,4,2024,0,4,9,0,1.75,63.0,1,1623,1567,0,102450.0
0,0,2,1,0,1,11.0,1,0,1,1,1,0,8,2023,0,3,8,1,3.6666666666666665,88.0,0,1679,1595,0,120041.0
5,1,5,7,0,2,2.0,0,0,1,1,0,0,1,2025,0,2,4,0,1.0,8.0,0,1682,1494,0,129785.0
1,0,0,3,0,2,11.0,1,0,0,1,0,1,7,2022,2,2,6,0,5.5,66.0,1,1714,1567,0,90431.0
3,0,3,2,2,2,8.0,2,0,0,1,0,1,9,2024,2,2,6,0,4.0,48.0,1,1623,1551,0,84820.0
1,2,2,2,0,2,11.0,2,0,0,0,1,0,4,2024,2,1,4,0,11.0,44.0,0,1714,1595,0,88271.0
5,1,4,3,0,1,12.0,2,1,0,1,0,0,4,2024,2,2,5,0,6.0,60.0,0,1682,1611,0,108598.0
3,0,3,6,0,3,4.0,1,1,1,0,0,0,10,2024,1,2,3,0,2.0,12.0,0,1623,1551,0,113873.0
1,3,1,5,3,3,7.0,2,1,1,1,0,1,10,2024,1,4,9,0,1.75,63.0,1,1714,1531,0,127590.0
3,2,5,0,1,3,7.0,2,0,1,1,1,1,2,2023,1,4,11,1,1.75,77.0,1,1623,1494,0,141746.0
5,0,2,6,1,3,6.0,0,0,1,0,0,0,1,2026,1,1,1,0,6.0,6.0,0,1682,1595,0,157926.0
5,1,3,5,2,3,4.0,1,0,0,0,0,1,5,2024,1,1,3,0,4.0,12.0,0,1682,1551,0,145728.0
5,1,2,0,2,4,10.0,1,0,1,0,1,1,8,2025,1,3,8,0,3.333333333333333,80.0,0,1682,1595,0,113119.0
2,0,3,6,0,1,1.0,0,1,0,1,0,1,9,2020,1,3,8,0,0.3333333333333333,8.0,1,1626,1551,0,95283.0
0,1,1,1,2,3,6.0,2,0,0,1,1,1,3,2020,0,3,10,1,2.0,60.0,1,1679,1531,1,178275.0
5,0,5,0,1,4,3.0,2,0,1,1,1,0,3,2023,0,3,8,1,1.0,24.0,0,1682,1494,0,141422.0
5,0,6,1,1,1,2.0,1,1,1,1,1,1,7,2020,0,5,13,1,0.4,26.0,1,1682,676,0,150864.0
1,3,1,4,3,3,3.0,2,1,1,1,1,0,1,2026,0,4,10,1,0.75,30.0,0,1714,1531,0,113873.0
2,1,5,5,0,2,5.0,1,0,1,1,0,0,9,2020,0,2,4,0,2.5,20.0,0,1626,1494,0,106713.0
4,2,2,6,0,2,6.0,0,1,1,1,0,0,9,2023,1,3,6,0,2.0,36.0,0,1661,1595,0,76500.0
0,0,4,5,2,2,7.0,0,0,1,1,0,1,4,2026,0,3,7,0,2.333333333333333,49.0,1,1679,1611,0,130604.0
4,0,0,2,0,2,7.0,1,1,0,1,0,1,1,2023,1,3,8,0,2.333333333333333,56.0,1,1661,1567,0,119808.0
4,0,5,5,1,3,7.0,2,1,0,0,1,1,5,2024,1,3,9,0,2.333333333333333,63.0,0,1661,1494,0,128300.0
3,1,1,2,0,3,4.2,1,1,1,0,0,0,8,2022,1,2,3,0,2.1,12.6,0,1623,1531,0,113873.0
4,1,1,5,1,1,11.0,2,0,0,1,0,1,4,2025,0,2,6,0,5.5,66.0,1,1661,1531,0,77013.0
4,0,5,2,1,2,2.0,2,1,1,1,0,0,1,2024,0,3,6,0,0.6666666666666666,12.0,0,1661,1494,0,113516.0
2,3,1,4,3,3,14.0,0,0,1,0,0,0,1,2024,0,1,1,0,14.0,14.0,0,1626,1531,0,113873.0
4,0,0,4,0,3,9.0,2,1,0,0,0,0,8,2026,0,1,2,0,9.0,18.0,0,1661,1567,0,100997.0
0,2,0,1,2,2,4.0,0,1,1,1,0,0,9,2026,0,3,6,0,1.3333333333333333,24.0,0,1679,1567,0,134491.0
3,2,1,5,3,3,4.0,0,1,1,0,1,1,1,2020,0,4,10,0,1.0,40.0,0,1623,1531,0,128608.0
2,2,6,2,2,2,6.0,1,1,0,1,0,1,12,2021,0,3,8,0,2.0,48.0,1,1626,676,0,104976.0
3,1,4,2,2,3,6.0,0,0,1,0,1,1,12,2026,0,3,8,0,2.0,48.0,0,1623,1611,0,121214.0
4,0,0,7,0,1,2.0,0,0,1,1,0,1,2,2026,0,3,7,0,0.6666666666666666,14.0,1,1661,1567,0,83032.0
4,3,4,6,2,1,13.0,0,0,0,0,0,1,7,2025,0,1,3,0,13.0,39.0,0,1661,1611,0,61640.0
4,1,4,1,0,1,7.0,0,0,1,0,1,1,4,2022,0,3,8,0,2.333333333333333,56.0,0,1661,1611,0,70804.0
3,0,4,3,0,4,6.0,0,0,1,1,0,1,8,2022,0,3,7,0,2.0,42.0,1,1623,1611,0,125633.0
1,0,2,5,1,1,12.0,1,1,1,1,0,0,8,2025,0,3,6,0,4.0,72.0,0,1714,1595,0,113873.0
4,2,3,6,2,1,14.7,2,0,0,1,0,1,11,2024,0,2,6,0,7.35,88.19999999999999,1,1661,1551,0,75790.0
5,0,2,7,3,2,4.0,1,1,0,1,1,0,8,2022,0,3,9,1,1.3333333333333333,36.0,0,1682,1595,0,141614.0
0,2,2,3,0,1,5.0,2,1,0,1,1,0,6,2025,0,3,9,1,1.6666666666666667,45.0,0,1679,1595,1,202887.5
5,3,0,4,2,2,6.0,0,0,0,1,1,1,6,2022,0,3,10,1,2.0,60.0,1,1682,1567,0,159741.0
3,1,0,1,0,3,9.0,2,0,1,0,0,0,6,2023,0,1,1,0,9.0,9.0,0,1623,1567,1,202887.5
1,2,2,0,2,3,14.0,1,1,0,1,0,0,10,2021,2,2,5,0,7.0,70.0,0,1714,1595,0,113873.0
5,0,5,6,0,3,9.0,2,0,0,1,0,1,2,2020,2,2,6,0,4.5,54.0,1,1682,1494,0,154288.0
4,2,3,3,1,2,7.0,0,1,0,0,0,0,1,2025,2,1,2,0,7.0,14.0,0,1661,1551,0,75654.0
5,0,0,3,1,3,7.0,0,0,1,0,0,1,10,2023,1,2,4,0,3.5,28.0,0,1682,1567,1,169200.0
5,2,3,5,1,3,10.0,2,0,1,1,1,0,8,2022,1,3,8,1,3.333333333333333,80.0,0,1682,1551,1,165391.0
0,2,2,1,1,3,3.0,0,1,0,1,0,1,8,2023,1,3,8,0,1.0,24.0,1,1679,1595,1,164026.0
3,2,1,0,0,3,7.0,2,0,0,1,1,1,2,2021,1,3,10,1,2.333333333333333,70.0,1,1623,1531,0,142003.0
2,2,4,7,2,3,11.0,1,1,0,1,0,1,5,2021,1,3,8,0,3.6666666666666665,88.0,1,1626,1611,0,113873.0
0,1,2,4,1,3,1.0,2,0,0,0,1,1,10,2023,1,2,7,0,0.5,7.0,0,1679,1595,0,160893.0
5,0,3,5,3,3,5.0,2,0,0,1,0,0,11,2022,1,1,3,0,5.0,15.0,0,1682,1551,1,177364.0
5,2,1,7,1,3,11.0,0,1,0,1,0,1,5,2023,1,3,8,0,3.6666666666666665,88.0,1,1682,1531,1,165937.0
4,0,5,2,1,2,8.0,0,0,0,1,0,1,7,2023,1,2,6,0,4.0,48.0,1,1661,1494,0,135179.0
0,1,1,7,0,3,6.0,0,0,1,1,0,0,11,2024,1,2,4,0,3.0,24.0,0,1679,1531,0,153730.0
1,2,3,0,0,2,3.0,3,0,0,0,0,1,10,2026,1,1,3,0,3.0,9.0,0,1714,1551,0,87426.0
0,0,0,4,2,3,1.0,2,0,1,1,0,0,1,2026,1,2,4,0,0.5,4.0,0,1679,1567,1,168533.0
5,2,2,6,1,1,5.0,2,0,1,1,1,0,8,2024,1,3,8,1,1.6666666666666667,40.0,0,1682,1595,0,117306.0
2,0,2,2,2,3,10.0,1,0,1,1,1,1,3,2024,1,4,11,1,2.5,110.0,1,1626,1595,0,158791.0
2,3,3,6,1,2,1.2,2,0,1,0,1,0,3,2026,1,2,5,0,0.6,6.0,0,1626,1551,0,92536.0
4,1,3,0,2,4,7.0,3,0,1,0,1,1,9,2024,1,3,8,0,2.333333333333333,56.0,0,1661,1551,1,202887.5
1,2,0,0,3,3,9.0,2,0,1,1,0,1,1,2026,1,3,7,0,3.0,63.0,1,1714,1567,0,144011.0
4,0,0,5,2,2,0.0,0,0,1,1,0,1,4,2020,1,3,7,0,0.0,0.0,1,1661,1567,0,96746.0
0,0,0,6,0,1,14.0,3,1,1,0,1,1,1,2022,1,4,10,0,3.5,140.0,0,1679,1567,0,113260.0
5,0,4,2,1,1,12.0,2,0,1,1,0,0,3,2022,1,2,4,0,6.0,48.0,0,1682,1611,0,107834.0
2,2,0,1,1,1,11.0,2,1,1,0,0,1,1,2023,2,3,6,0,3.6666666666666665,66.0,0,1626,1567,0,61640.0
2,0,3,1,0,2,7.0,0,1,0,0,1,1,1,2020,2,3,9,0,2.333333333333333,63.0,0,1626,1551,0,99300.0
5,0,3,1,1,2,8.0,0,0,1,1,1,1,4,2026,2,4,11,1,2.0,88.0,1,1682,1551,0,136289.0
0,0,4,4,2,4,11.0,0,1,0,0,0,0,10,2020,2,1,2,0,11.0,22.0,0,1679,1611,0,136236.0
2,2,2,4,0,1,12.0,0,0,0,0,0,1,6,2023,2,1,3,0,12.0,36.0,0,1626,1595,0,63263.0
3,2,6,3,0,3,8.0,2,0,1,0,0,1,1,2021,2,2,4,0,4.0,32.0,0,1623,676,0,113704.0
4,2,1,4,0,1,8.0,1,1,0,0,1,0,2,2025,2,2,6,0,4.0,48.0,0,1661,1531,0,66494.0
2,2,1,4,0,3,4.0,1,0,1,0,1,0,8,2026,2,2,5,0,2.0,20.0,0,1626,1531,0,112080.0
2,0,0,3,0,1,4.0,3,0,0,0,1,1,8,2023,2,2,7,0,2.0,28.0,0,1626,1567,0,99953.0
4,0,3,0,2,2,7.0,1,0,1,0,0,0,7,2021,2,1,1,0,7.0,7.0,0,1661,1551,0,72922.0
3,2,3,2,2,3,9.0,1,0,1,1,1,1,5,2020,2,4,11,1,2.25,99.0,1,1623,1551,0,139044.0
2,0,3,4,1,3,8.0,2,1,0,0,0,0,1,2024,2,1,2,0,8.0,16.0,0,1626,1551,0,61640.0
1,0,1,2,0,3,9.0,3,0,1,0,0,1,5,2024,2,2,4,0,4.5,36.0,0,1714,1531,0,113873.0
5,1,2,3,1,2,12.0,1,0,0,0,0,1,1,2025,2,1,3,0,12.0,36.0,0,1682,1595,0,123245.0
5,3,3,4,3,1,9.0,2,1,1,1,1,0,1,2026,2,4,10,1,2.25,90.0,0,1682,1551,0,116159.0
0,1,2,7,3,3,1.0,1,0,1,0,0,1,6,2026,2,2,4,0,0.5,4.0,0,1679,1595,0,152610.0
2,0,0,0,0,1,12.0,2,1,1,1,0,0,6,2021,2,3,6,0,4.0,72.0,0,1626,1567,0,83873.0
4,1,6,6,1,1,4.0,2,1,0,0,0,0,7,2026,2,1,2,0,4.0,8.0,0,1661,676,0,113873.0
0,0,0,1,0,3,14.0,1,1,0,0,1,1,3,2024,0,3,9,0,4.666666666666667,126.0,0,1679,1567,1,184957.0
2,0,5,0,2,2,4.0,0,1,0,0,0,1,3,2025,0,2,5,0,2.0,20.0,0,1626,1494,0,83805.0
4,2,4,1,1,3,7.0,0,1,1,1,0,1,8,2024,1,4,9,0,1.75,63.0,1,1661,1611,0,121060.0
3,0,3,3,1,1,7.0,1,0,1,0,0,1,6,2020,1,2,4,0,3.5,28.0,0,1623,1551,1,202887.5
5,2,2,3,1,1,14.0,0,1,1,0,0,1,12,2021,0,3,6,0,4.666666666666667,84.0,0,1682,1595,1,202887.5
4,0,5,1,1,1,9.0,0,0,0,1,1,0,3,2022,0,2,7,1,4.5,63.0,0,1661,1494,0,98715.0
1,2,6,3,2,3,8.0,1,0,1,0,1,1,3,2023,0,3,8,0,2.6666666666666665,64.0,0,1714,676,0,128414.0
1,2,5,0,1,3,12.0,1,1,1,1,0,0,1,2026,0,3,6,0,4.0,72.0,0,1714,1494,0,111192.0
2,0,1,5,2,1,7.0,1,0,0,1,0,0,1,2021,0,1,3,0,7.0,21.0,0,1626,1531,0,69708.0
1,2,0,0,2,3,2.0,0,1,1,1,0,0,1,2024,0,3,6,0,0.6666666666666666,12.0,0,1714,1567,0,113991.0
2,3,5,5,0,3,13.0,0,0,0,1,0,0,2,2021,2,1,3,0,13.0,39.0,0,1626,1494,0,119700.0
1,0,6,5,0,3,5.0,3,0,1,1,0,1,10,2026,2,3,7,0,1.6666666666666667,35.0,1,1714,676,0,148141.0
3,0,6,1,2,2,9.7,1,1,1,1,0,1,10,2026,2,4,9,0,2.425,87.3,1,1623,676,0,115900.0
3,2,1,4,0,3,5.0,1,1,0,0,0,0,5,2026,2,1,2,0,5.0,10.0,0,1623,1531,0,102724.0
1,1,0,0,1,3,12.0,2,1,1,0,1,1,11,2024,2,4,10,0,3.0,120.0,0,1714,1567,0,122309.0
0,2,3,1,2,2,4.0,0,0,0,1,1,0,3,2023,2,2,7,1,2.0,28.0,0,1679,1551,0,148867.0
1,2,3,4,1,3,12.2,0,0,1,1,0,1,9,2023,2,3,7,0,4.066666666666666,85.39999999999999,1,1714,1551,0,124600.0
0,0,5,1,2,4,4.0,3,0,1,1,1,0,9,2026,2,3,8,1,1.3333333333333333,32.0,0,1679,1494,0,154800.0
2,0,2,4,1,2,4.0,0,0,1,0,0,1,9,2026,2,2,4,0,2.0,16.0,0,1626,1595,0,82000.0
2,0,3,0,1,2,12.0,2,0,1,0,1,1,6,2025,2,3,8,0,4.0,96.0,0,1626,1551,0,93604.0
0,2,3,4,1,2,7.0,1,0,1,0,0,0,6,2026,2,1,1,0,7.0,7.0,0,1679,1551,0,118647.0
5,0,4,0,3,2,0.0,1,1,0,0,1,1,7,2025,1,3,9,0,0.0,0.0,0,1682,1611,0,136828.0
0,0,6,2,1,3,14.0,0,1,0,1,1,1,12,2025,1,4,12,1,3.5,168.0,1,1679,676,1,199954.0
4,2,6,3,1,2,10.0,2,0,1,1,1,1,5,2025,1,4,11,1,2.5,110.0,1,1661,676,0,113268.0
2,2,2,1,1,1,11.0,0,0,0,1,1,1,9,2022,1,3,10,1,3.6666666666666665,110.0,1,1626,1595,0,85327.0
5,0,4,2,0,2,4.0,1,0,0,1,1,1,1,2024,1,3,10,1,1.3333333333333333,40.0,1,1682,1611,0,151883.0
3,0,5,5,3,3,10.0,2,1,0,0,0,0,8,2024,2,1,2,0,10.0,20.0,0,1623,1494,0,141997.0
2,1,4,0,0,2,12.0,0,0,1,0,1,1,1,2024,2,3,8,0,4.0,96.0,0,1626,1611,0,95590.0
5,0,0,2,1,1,8.2,1,1,0,1,1,1,1,2025,2,4,12,1,2.05,98.4,1,1682,1567,0,128955.0
5,0,1,1,1,3,13.0,0,1,1,1,0,1,4,2024,2,4,9,0,3.25,117.0,1,1682,1531,1,181800.0
5,2,5,2,2,2,8.0,0,1,1,1,0,1,7,2022,2,4,9,0,2.0,72.0,1,1682,1494,0,121914.0
2,1,2,3,1,4,6.0,1,0,0,1,0,1,10,2020,2,2,6,0,3.0,36.0,1,1626,1595,0,87193.0
1,1,1,2,2,2,3.0,0,1,1,0,0,1,8,2024,2,3,6,0,1.0,18.0,0,1714,1531,0,84744.0
1,0,2,2,2,2,5.0,1,0,1,0,0,1,5,2022,2,2,4,0,2.5,20.0,0,1714,1595,0,84859.0
0,0,4,0,1,1,13.0,3,0,1,1,0,1,12,2024,2,3,7,0,4.333333333333333,91.0,1,1679,1611,0,147210.0
1,0,4,2,0,2,2.0,2,0,1,0,1,0,2,2026,1,2,5,0,1.0,10.0,0,1714,1611,1,202887.5
0,0,1,0,1,3,4.0,0,0,1,1,1,1,11,2023,1,4,11,1,1.0,44.0,1,1679,1531,1,182091.0
4,1,1,6,0,3,0.0,1,0,1,1,1,0,6,2025,1,3,8,1,0.0,0.0,0,1661,1531,0,133261.0
3,1,0,7,1,1,6.0,1,1,1,0,1,1,9,2025,1,4,10,0,1.5,60.0,0,1623,1567,0,113873.0
0,0,2,3,0,2,1.0,1,0,0,1,0,1,1,2021,1,2,6,0,0.5,6.0,1,1679,1595,0,159530.0
0,2,5,3,0,1,12.0,1,1,1,1,1,1,7,2020,1,5,13,1,2.4,156.0,1,1679,1494,1,202887.5
2,0,2,7,2,1,7.0,2,0,1,0,0,0,1,2021,1,1,1,0,7.0,7.0,0,1626,1595,0,65626.0
3,0,3,7,3,3,14.0,3,1,0,1,1,0,1,2021,1,3,9,1,4.666666666666667,126.0,0,1623,1551,0,117827.0
2,2,5,2,0,2,8.0,0,0,1,0,0,0,4,2021,1,1,1,0,8.0,8.0,0,1626,1494,0,113873.0
0,1,4,5,1,3,8.0,1,0,1,1,1,1,7,2023,1,4,11,1,2.0,88.0,1,1679,1611,0,61640.0
0,1,1,2,1,1,1.0,1,0,0,0,0,1,10,2025,1,1,3,0,1.0,3.0,0,1679,1531,0,104177.0
1,0,4,0,1,0,13.0,1,0,0,1,0,0,2,2025,2,1,3,0,13.0,39.0,0,1714,1611,0,113873.0
0,2,3,1,0,3,7.0,0,0,1,1,1,0,10,2021,0,3,8,1,2.333333333333333,56.0,0,1679,1551,1,168969.0
4,2,1,4,0,1,8.0,1,1,1,1,1,0,2,2025,0,4,10,1,2.0,80.0,0,1661,1531,0,66494.0
0,0,4,5,0,1,1.0,2,1,1,1,1,1,4,2024,0,5,13,1,0.2,13.0,1,1679,1611,0,133428.0
1,2,2,0,0,1,8.0,1,1,1,1,1,1,2,2024,0,5,13,1,1.6,104.0,1,1714,1595,0,94200.0
3,0,5,3,0,3,4.0,0,0,0,1,1,0,6,2021,0,2,7,1,2.0,28.0,0,1623,1494,0,146701.0
0,1,5,4,1,3,7.0,2,1,1,0,0,1,2,2022,0,3,6,0,2.333333333333333,42.0,0,1679,1494,0,140859.0
1,0,2,6,0,1,0.0,0,1,0,0,1,1,2,2022,0,3,9,0,0.0,0.0,0,1714,1595,0,90769.0
2,2,5,3,2,2,7.0,1,1,1,1,0,1,3,2022,0,4,9,0,1.75,63.0,1,1626,1494,0,97267.0
0,1,0,1,2,3,7.0,2,0,1,1,0,0,2,2021,0,2,4,0,3.5,28.0,0,1679,1567,0,156260.0
5,0,3,1,2,4,5.0,2,1,1,1,0,1,12,2025,0,4,9,0,1.25,45.0,1,1682,1551,0,156513.0
5,2,4,5,2,4,7.0,2,1,1,0,1,1,6,2025,0,4,10,0,1.75,70.0,0,1682,1611,1,166124.0
0,2,1,3,0,2,12.0,0,0,1,1,0,1,12,2021,0,3,7,0,4.0,84.0,1,1679,1531,0,159894.0
4,2,3,3,1,1,5.0,0,0,0,1,0,1,1,2025,0,2,6,0,2.5,30.0,1,1661,1551,0,75243.0
3,0,5,3,1,1,10.0,0,0,1,0,0,1,7,2023,2,2,4,0,5.0,40.0,0,1623,1494,0,62640.0
0,3,4,0,0,1,13.0,2,1,1,0,0,1,9,2026,2,3,6,0,4.333333333333333,78.0,0,1679,1611,0,113873.0
1,3,0,5,0,2,9.0,0,0,1,1,1,0,1,2023,0,3,8,1,3.0,72.0,0,1714,1567,0,107141.0
2,0,5,2,1,3,12.0,1,1,0,1,0,1,9,2025,0,3,8,0,4.0,96.0,1,1626,1494,0,123157.0
0,1,5,1,0,2,5.0,1,1,1,1,0,1,7,2024,0,4,9,0,1.25,45.0,1,1679,1494,0,141970.0
5,2,0,1,0,1,2.0,0,0,1,0,0,1,2,2021,0,2,4,0,1.0,8.0,0,1682,1567,0,99044.0
4,2,1,6,2,4,3.0,2,0,1,1,1,0,11,2025,0,3,8,1,1.0,24.0,0,1661,1531,0,130355.0
4,2,4,3,0,2,3.0,0,0,1,0,1,1,3,2021,0,3,8,0,1.0,24.0,0,1661,1611,0,94642.0
0,0,1,1,2,2,5.0,1,1,1,0,1,0,6,2020,0,3,7,0,1.6666666666666667,35.0,0,1679,1531,0,127228.0
1,1,4,0,1,1,14.0,2,0,0,1,0,0,7,2026,0,1,3,0,14.0,42.0,0,1714,1611,0,65142.0
3,2,2,1,1,1,10.0,3,0,1,1,1,0,5,2026,2,3,8,1,3.333333333333333,80.0,0,1623,1595,0,61640.0
3,0,4,6,3,3,9.0,0,1,0,1,1,1,6,2024,2,4,12,1,2.25,108.0,1,1623,1611,1,202887.5
2,0,6,7,0,1,14.0,0,0,0,0,1,0,8,2022,2,1,4,0,14.0,56.0,0,1626,676,0,81821.0
2,0,3,3,2,1,13.6,1,0,0,0,1,1,5,2025,2,2,7,0,6.8,95.2,0,1626,1551,0,78612.0
0,2,2,2,0,1,13.0,1,1,0,1,1,1,11,2020,2,4,12,1,3.25,156.0,1,1679,1595,0,119387.0
0,1,5,3,0,1,0.0,2,1,0,1,0,0,10,2025,2,2,5,0,0.0,0.0,0,1679,1494,0,121511.0
2,1,4,2,0,2,7.0,3,0,0,0,0,1,3,2023,2,1,3,0,7.0,21.0,0,1626,1611,0,89726.0
3,2,4,7,0,3,0.0,2,0,1,0,1,0,5,2021,2,2,5,0,0.0,0.0,0,1623,1611,0,113873.0
4,0,5,7,1,3,1.0,0,0,0,1,0,1,7,2024,2,2,6,0,0.5,6.0,1,1661,1494,0,124504.0
0,0,5,2,0,1,9.0,2,0,1,1,1,0,1,2022,2,3,8,1,3.0,72.0,0,1679,1494,0,126378.0
0,2,0,0,0,1,0.0,3,0,0,0,1,0,12,2022,1,1,4,0,0.0,0.0,0,1679,1567,0,104464.0
4,0,2,0,1,3,11.0,0,1,0,1,1,0,7,2026,1,3,9,1,3.6666666666666665,99.0,0,1661,1595,0,147853.0
0,2,4,4,1,2,0.0,3,0,0,1,1,0,8,2020,1,2,7,1,0.0,0.0,0,1679,1611,0,143014.0
1,1,2,2,0,2,1.0,1,1,1,0,0,0,2,2023,1,2,3,0,0.5,3.0,0,1714,1595,0,94700.0
2,2,2,3,2,1,2.0,3,1,0,0,1,1,1,2023,1,3,9,0,0.6666666666666666,18.0,0,1626,1595,0,71096.0
4,0,1,2,0,2,14.0,1,1,0,0,0,1,1,2020,0,2,5,0,7.0,70.0,0,1661,1531,0,80472.0
4,0,2,5,0,3,3.0,3,0,1,1,1,0,3,2021,0,3,8,1,1.0,24.0,0,1661,1595,0,134442.0
2,2,3,1,2,3,10.0,1,0,1,0,1,1,2,2022,0,3,8,0,3.333333333333333,80.0,0,1626,1551,0,139666.0
4,0,4,0,0,2,7.0,0,0,1,1,1,0,9,2023,0,3,8,1,2.333333333333333,56.0,0,1661,1611,0,107538.0
0,0,2,1,0,4,1.0,3,1,1,1,1,0,1,2023,0,4,10,1,0.25,10.0,0,1679,1595,1,170153.0
3,1,1,5,1,1,14.0,3,0,0,1,0,1,12,2024,0,2,6,0,7.0,84.0,1,1623,1531,0,70400.0
1,2,4,3,1,2,5.0,1,0,0,0,0,1,1,2020,1,1,3,0,5.0,15.0,0,1714,1611,0,80900.0
4,3,4,6,0,3,8.0,1,0,1,1,0,0,9,2024,2,2,4,0,4.0,32.0,0,1661,1611,0,110945.0
0,3,0,5,1,1,4.0,2,0,0,0,0,1,6,2020,2,1,3,0,4.0,12.0,0,1679,1567,0,96645.0
4,0,4,1,2,3,6.0,0,1,1,0,1,0,5,2024,2,3,7,0,2.0,42.0,0,1661,1611,0,145486.0
5,0,2,4,1,2,12.0,2,1,0,1,1,1,10,2021,1,4,12,1,3.0,144.0,1,1682,1595,0,143000.0
4,1,1,1,0,2,11.0,0,0,1,0,0,0,3,2024,1,1,1,0,11.0,11.0,0,1661,1531,0,72327.0
0,0,6,3,1,1,8.0,2,1,0,0,1,1,1,2025,1,3,9,0,2.6666666666666665,72.0,0,1679,676,0,133247.0
4,2,4,3,0,1,7.0,1,1,1,1,0,1,5,2020,1,4,9,0,1.75,63.0,1,1661,1611,0,70448.0
0,1,1,2,2,2,10.0,0,0,0,1,0,1,1,2024,1,2,6,0,5.0,60.0,1,1679,1531,0,140868.0
1,2,6,4,3,3,12.0,0,0,1,1,0,0,4,2026,1,2,4,0,6.0,48.0,0,1714,676,0,117000.0
1,0,1,3,1,2,7.0,1,0,0,1,1,0,7,2026,1,2,7,1,3.5,49.0,0,1714,1531,0,122607.0
3,2,3,0,2,2,13.0,0,0,1,0,0,1,4,2020,1,2,4,0,6.5,52.0,0,1623,1551,0,83183.0
2,0,4,7,1,2,10.0,1,0,0,1,0,1,11,2022,1,2,6,0,5.0,60.0,1,1626,1611,0,122842.0
0,2,5,6,0,3,1.0,2,0,0,1,1,1,1,2024,1,3,10,1,0.3333333333333333,10.0,1,1679,1494,1,164564.0
1,2,4,0,2,2,13.0,0,0,1,1,0,1,4,2023,1,3,7,0,4.333333333333333,91.0,1,1714,1611,0,118925.0
0,3,6,5,2,3,13.0,0,0,1,1,1,0,12,2021,1,3,8,1,4.333333333333333,104.0,0,1679,676,1,173700.0
2,2,6,2,2,2,2.0,0,0,1,0,1,0,10,2025,1,2,5,0,1.0,10.0,0,1626,676,0,85601.0
0,0,6,5,1,3,7.0,0,0,1,0,0,1,1,2022,1,2,4,0,3.5,28.0,0,1679,676,0,152254.0
0,0,3,0,2,1,2.0,1,1,1,1,1,1,8,2025,1,5,13,1,0.4,26.0,1,1679,1551,0,149328.0
5,2,1,0,2,2,6.8,0,0,1,0,0,1,2,2026,1,2,4,0,3.4,27.2,0,1682,1531,0,111925.0
0,1,2,0,3,2,7.0,0,0,0,1,0,1,3,2024,1,2,6,0,3.5,42.0,1,1679,1595,0,137012.0
0,1,0,6,1,3,7.0,2,1,1,1,1,0,9,2025,0,4,10,1,1.75,70.0,0,1679,1567,1,167899.0
4,1,6,6,2,3,0.0,1,1,1,1,1,1,4,2025,0,5,13,1,0.0,0.0,1,1661,676,0,130606.0
4,1,0,5,0,1,5.0,1,0,1,1,1,1,12,2025,0,4,11,1,1.25,55.0,1,1661,1567,0,94217.0
4,3,5,5,2,0,10.0,0,0,1,0,0,0,10,2025,0,1,1,0,10.0,10.0,0,1661,1494,0,113873.0
1,1,2,1,1,4,14.0,2,0,0,0,1,0,10,2024,2,1,4,0,14.0,56.0,0,1714,1595,0,91268.0
4,2,5,2,2,1,11.0,1,1,0,0,1,0,6,2021,2,2,6,0,5.5,66.0,0,1661,1494,0,64494.0
3,2,1,0,1,1,6.0,1,0,1,1,0,1,1,2026,2,3,7,0,2.0,42.0,1,1623,1531,0,70173.0
5,0,3,1,1,2,2.0,2,0,1,0,0,0,6,2023,2,1,1,0,2.0,2.0,0,1682,1551,0,116400.0
4,0,3,7,2,2,1.0,0,0,1,1,0,1,4,2024,2,3,7,0,0.3333333333333333,7.0,1,1661,1551,0,132315.0
3,2,5,3,0,1,5.0,3,0,1,1,1,0,6,2021,2,3,8,1,1.6666666666666667,40.0,0,1623,1494,0,81245.0
0,0,3,0,2,2,11.0,2,0,0,0,1,0,5,2021,2,1,4,0,11.0,44.0,0,1679,1551,0,152200.0
5,2,1,5,2,2,12.0,1,1,1,1,1,1,11,2022,2,5,13,1,2.4,156.0,1,1682,1531,0,152648.0
1,0,1,3,3,1,8.0,2,0,1,1,0,1,4,2024,2,3,7,0,2.6666666666666665,56.0,1,1714,1531,0,97265.0
4,2,0,3,3,3,13.0,1,0,1,0,0,0,1,2026,2,1,1,0,13.0,13.0,0,1661,1567,0,98600.0
1,1,3,7,0,2,14.0,0,0,1,1,0,0,11,2024,2,2,4,0,7.0,56.0,0,1714,1551,0,107551.0
2,1,5,4,0,1,6.0,2,0,1,1,1,0,4,2022,0,3,8,1,2.0,48.0,0,1626,1494,0,76492.0
4,0,5,7,0,1,8.0,0,1,1,0,1,0,1,2020,0,3,7,0,2.6666666666666665,56.0,0,1661,1494,0,93954.0
5,0,4,5,1,3,4.0,0,0,1,1,1,1,2,2026,0,4,11,1,1.0,44.0,1,1682,1611,1,193842.0
2,2,1,1,2,0,7.0,2,1,1,1,0,1,3,2025,1,4,9,0,1.75,63.0,1,1626,1531,0,75592.0
3,3,1,2,0,3,4.0,1,1,0,1,0,0,5,2024,1,2,5,0,2.0,20.0,0,1623,1531,0,152310.0
2,0,0,3,1,2,3.0,1,0,1,1,1,1,6,2024,1,4,11,1,0.75,33.0,1,1626,1567,0,116856.0
3,0,5,5,1,3,1.0,2,1,1,1,0,1,1,2024,0,4,9,0,0.25,9.0,1,1623,1494,0,113873.0
1,2,1,3,2,1,0.0,1,1,1,1,0,1,12,2025,0,4,9,0,0.0,0.0,1,1714,1531,0,61640.0
4,0,0,6,0,3,1.0,2,0,1,1,0,0,10,2026,0,2,4,0,0.5,4.0,0,1661,1567,0,135271.0
3,0,4,3,1,1,12.0,0,0,1,1,0,0,2,2020,0,2,4,0,6.0,48.0,0,1623,1611,0,61640.0
3,0,5,2,2,3,2.8,1,0,1,0,1,1,1,2022,0,3,8,0,0.9333333333333332,22.4,0,1623,1494,0,123685.0
2,0,4,4,3,3,5.0,0,1,0,0,0,1,12,2021,0,2,5,0,2.5,25.0,0,1626,1611,0,113873.0
5,0,2,0,2,1,7.0,1,0,0,1,0,1,4,2020,0,2,6,0,3.5,42.0,1,1682,1595,0,110021.0
4,0,3,4,1,3,13.0,0,1,1,0,0,0,3,2024,0,2,3,0,6.5,39.0,0,1661,1551,0,100509.0
2,1,0,3,2,3,3.0,2,1,1,0,0,1,5,2022,0,3,6,0,1.0,18.0,0,1626,1567,1,202887.5
3,0,2,0,0,2,12.0,1,0,0,0,0,1,5,2022,0,1,3,0,12.0,36.0,0,1623,1595,0,106372.0
5,0,4,1,2,1,7.0,2,0,1,1,0,1,7,2025,0,3,7,0,2.333333333333333,49.0,1,1682,1611,0,149977.0
4,0,4,1,2,1,14.0,1,0,1,1,0,0,10,2021,2,2,4,0,7.0,56.0,0,1661,1611,0,113873.0
5,0,3,5,0,1,14.0,2,0,0,1,0,1,8,2021,2,2,6,0,7.0,84.0,1,1682,1551,0,132823.0
0,0,2,1,0,3,7.0,0,0,1,1,1,0,7,2021,2,3,8,1,2.333333333333333,56.0,0,1679,1595,1,165529.0
5,0,1,7,1,2,7.6,0,1,1,1,0,0,10,2021,2,3,6,0,2.533333333333333,45.6,0,1682,1531,0,128313.0
2,1,0,3,1,1,0.0,0,0,0,1,0,0,12,2020,1,1,3,0,0.0,0.0,0,1626,1567,0,61640.0
1,2,2,3,1,4,7.0,2,1,1,1,0,0,4,2025,1,3,6,0,2.333333333333333,42.0,0,1714,1595,0,64058.0
3,3,2,6,3,1,1.0,2,0,1,0,0,1,12,2024,1,2,4,0,0.5,4.0,0,1623,1595,0,79575.0
5,1,0,7,2,2,14.0,1,0,0,0,0,1,12,2021,1,1,3,0,14.0,42.0,0,1682,1567,0,124596.0
3,1,6,6,1,2,7.0,1,0,1,1,1,0,5,2020,1,3,8,1,2.333333333333333,56.0,0,1623,676,0,100069.0
0,0,0,6,1,1,9.0,2,0,0,1,1,1,6,2022,1,3,10,1,3.0,90.0,1,1679,1567,1,202887.5
1,0,6,7,1,2,5.0,2,0,1,0,0,0,11,2020,0,1,1,0,5.0,5.0,0,1714,676,0,110914.0
3,2,2,3,1,2,3.0,0,1,1,1,0,0,1,2021,0,3,6,0,1.0,18.0,0,1623,1595,0,89086.0
5,2,5,3,2,4,10.0,0,1,1,0,0,0,9,2020,0,2,3,0,5.0,30.0,0,1682,1494,0,113848.0
4,0,3,4,0,3,11.0,2,0,0,1,1,1,11,2024,0,3,10,1,3.6666666666666665,110.0,1,1661,1551,0,121937.0
0,1,2,7,2,3,13.0,1,0,0,0,1,1,8,2023,2,2,7,0,6.5,91.0,0,1679,1595,1,168900.0
2,0,5,5,3,2,2.0,0,1,1,0,0,1,6,2022,2,3,6,0,0.6666666666666666,12.0,0,1626,1494,0,108131.0
3,0,4,5,1,3,12.0,2,1,1,1,0,1,2,2026,2,4,9,0,3.0,108.0,1,1623,1611,0,123029.0
2,0,3,4,0,2,4.0,0,0,1,0,0,0,7,2024,2,1,1,0,4.0,4.0,0,1626,1551,0,91034.0
5,0,4,5,2,1,7.0,0,1,0,1,0,0,10,2021,1,2,5,0,3.5,35.0,0,1682,1611,0,61640.0
5,1,4,5,0,1,14.0,3,0,1,1,0,1,8,2020,1,3,7,0,4.666666666666667,98.0,1,1682,1611,0,114823.0
2,1,1,1,2,4,5.0,3,0,0,0,1,1,11,2021,1,2,7,0,2.5,35.0,0,1626,1531,1,202887.5
0,0,1,3,1,3,10.0,1,1,1,1,0,0,8,2020,1,3,6,0,3.333333333333333,60.0,0,1679,1531,0,61640.0
3,1,0,6,2,1,5.0,0,1,1,1,1,1,11,2024,1,5,13,1,1.0,65.0,1,1623,1567,0,92250.0
0,2,4,2,0,1,4.0,1,1,0,0,1,1,9,2024,1,3,9,0,1.3333333333333333,36.0,0,1679,1611,0,105921.0
4,2,0,1,1,4,7.0,0,1,1,0,1,1,7,2021,1,4,10,0,1.75,70.0,0,1661,1567,0,85180.0
0,3,2,7,1,3,5.0,2,0,1,1,0,1,1,2022,1,3,7,0,1.6666666666666667,35.0,1,1679,1595,0,113873.0
1,0,2,6,0,3,7.0,0,0,1,1,0,0,6,2021,1,2,4,0,3.5,28.0,0,1714,1595,0,137655.0
1,3,3,4,1,2,2.0,2,0,1,0,0,0,12,2024,1,1,1,0,2.0,2.0,0,1714,1551,0,113873.0
0,2,6,2,0,3,5.0,3,1,1,1,0,1,9,2026,1,4,9,0,1.25,45.0,1,1679,676,0,113873.0
5,0,4,3,1,3,9.0,1,0,1,1,0,0,7,2025,2,2,4,0,4.5,36.0,0,1682,1611,1,179541.0
1,1,1,3,0,4,7.0,0,0,1,1,1,1,10,2025,2,4,11,1,1.75,77.0,1,1714,1531,0,142146.0
3,2,1,0,0,3,9.2,0,0,0,1,0,1,1,2024,2,2,6,0,4.6,55.2,1,1623,1531,0,113873.0
2,2,0,0,1,2,9.0,2,0,0,0,1,1,12,2021,2,2,7,0,4.5,63.0,0,1626,1567,0,95424.0
5,2,1,0,2,3,12.0,0,1,1,1,0,0,8,2024,1,3,6,0,4.0,72.0,0,1682,1531,0,156231.0
4,0,2,1,2,2,14.0,0,0,1,1,1,1,7,2026,1,4,11,1,3.5,154.0,1,1661,1595,0,136607.0
0,0,6,2,2,1,7.0,1,1,1,0,1,1,5,2022,1,4,10,0,1.75,70.0,0,1679,676,0,113873.0
0,0,2,0,1,1,9.0,1,0,0,0,1,1,1,2026,1,2,7,0,4.5,63.0,0,1679,1595,0,112498.0
3,1,4,7,0,1,3.0,2,0,1,1,0,0,1,2024,1,2,4,0,1.5,12.0,0,1623,1611,0,69599.0
0,2,2,4,1,3,12.0,2,0,0,0,0,1,7,2024,0,1,3,0,12.0,36.0,0,1679,1595,0,161809.0
2,2,4,6,1,1,7.0,2,1,1,0,0,1,3,2022,1,3,6,0,2.333333333333333,42.0,0,1626,1611,0,62382.0
2,0,3,5,0,1,1.0,2,1,1,0,1,1,12,2023,1,4,10,0,0.25,10.0,0,1626,1551,0,113873.0
3,0,0,4,1,1,6.0,0,1,0,1,1,1,10,2025,1,4,12,1,1.5,72.0,1,1623,1567,0,76546.0
3,2,5,5,3,3,7.0,0,0,1,1,0,1,3,2025,1,3,7,0,2.333333333333333,49.0,1,1623,1494,0,126200.0
4,0,0,2,3,2,6.0,0,1,0,1,1,0,9,2022,2,3,9,1,2.0,54.0,0,1661,1567,0,124975.0
5,0,3,5,2,3,13.1,3,1,0,0,0,1,12,2026,2,2,5,0,6.55,65.5,0,1682,1551,0,61640.0
3,0,1,1,0,2,7.0,1,0,1,1,1,1,1,2026,2,4,11,1,1.75,77.0,1,1623,1531,0,133216.0
3,2,3,2,1,2,7.0,0,0,1,1,0,1,1,2022,2,3,7,0,2.333333333333333,49.0,1,1623,1551,0,101630.0
1,1,4,3,1,3,14.0,1,1,0,0,0,1,8,2024,2,2,5,0,7.0,70.0,0,1714,1611,0,112497.0
3,2,2,6,3,2,8.0,0,1,1,0,0,1,1,2020,2,3,6,0,2.6666666666666665,48.0,0,1623,1595,0,85200.0
0,1,4,6,1,2,13.0,3,0,1,0,1,1,11,2022,2,3,8,0,4.333333333333333,104.0,0,1679,1611,1,202887.5
5,1,5,1,2,2,1.0,2,0,0,1,0,1,8,2025,2,2,6,0,0.5,6.0,1,1682,1494,0,138491.0
4,2,6,1,0,1,0.0,2,0,1,0,0,1,6,2020,2,2,4,0,0.0,0.0,0,1661,676,0,61640.0
5,2,4,4,2,2,13.0,1,0,1,1,1,1,7,2020,2,4,11,1,3.25,143.0,1,1682,1611,0,150200.0
3,0,0,6,1,2,7.0,0,0,0,0,1,0,4,2020,2,1,4,0,7.0,28.0,0,1623,1567,0,89738.0
1,1,0,5,0,1,5.0,0,0,1,1,1,0,10,2020,2,3,8,1,1.6666666666666667,40.0,0,1714,1567,0,79719.0
1,0,1,4,2,2,5.0,2,0,1,0,0,1,5,2026,2,2,4,0,2.5,20.0,0,1714,1531,0,89444.0
5,1,4,7,1,3,0.0,0,0,1,1,0,0,10,2022,2,2,4,0,0.0,0.0,0,1682,1611,0,153919.0
1,2,2,1,2,3,1.0,3,1,0,1,0,0,10,2024,2,2,5,0,0.5,5.0,0,1714,1595,0,113286.0
1,0,1,5,1,3,13.0,2,0,0,0,0,1,4,2024,2,1,3,0,13.0,39.0,0,1714,1531,0,132189.0
0,0,3,3,1,1,1.0,2,0,1,1,1,1,5,2024,2,4,11,1,0.25,11.0,1,1679,1551,0,61640.0
6,1,2,0,2,4,7.0,0,1,1,1,0,0,6,2020,2,3,6,0,2.333333333333333,42.0,0,40,1595,0,138428.0
1,1,3,3,1,1,12.0,1,1,0,1,1,0,1,2026,2,3,9,1,4.0,108.0,0,1714,1551,0,63122.0
5,1,1,6,1,1,13.3,3,0,1,1,0,1,1,2023,2,3,7,0,4.433333333333334,93.1,1,1682,1531,0,119732.0
2,1,3,0,1,3,6.0,2,0,1,1,1,1,5,2025,2,4,11,1,1.5,66.0,1,1626,1551,0,136356.0
5,1,6,4,1,3,2.0,0,1,0,0,1,1,8,2024,2,3,9,0,0.6666666666666666,18.0,0,1682,676,0,113873.0
0,0,1,4,2,2,10.0,1,1,1,0,0,0,2,2021,2,2,3,0,5.0,30.0,0,1679,1531,0,111963.0
5,2,3,2,1,3,13.0,1,0,0,1,0,1,9,2026,2,2,6,0,6.5,78.0,1,1682,1551,0,153756.0
2,0,4,3,0,3,7.0,2,0,1,1,1,1,1,2021,2,4,11,1,1.75,77.0,1,1626,1611,0,139846.0
2,1,1,4,3,3,14.0,2,0,1,1,1,0,1,2025,2,3,8,1,4.666666666666667,112.0,0,1626,1531,1,202887.5
0,0,6,1,1,2,2.0,2,0,1,1,0,0,1,2026,2,2,4,0,1.0,8.0,0,1679,676,0,151784.0
0,2,4,3,0,2,10.0,2,0,1,1,1,1,12,2023,2,4,11,1,2.5,110.0,1,1679,1611,0,137669.0
5,0,6,2,3,3,14.0,0,1,1,1,0,1,8,2025,2,4,9,0,3.5,126.0,1,1682,676,1,189527.0
0,0,4,1,1,4,7.0,0,1,0,0,1,1,2,2021,2,3,9,0,2.333333333333333,63.0,0,1679,1611,0,114800.0
5,2,4,5,0,1,14.0,0,0,1,0,0,1,5,2021,2,2,4,0,7.0,56.0,0,1682,1611,0,96908.0
0,3,0,1,3,2,13.0,1,0,0,0,0,1,10,2026,2,1,3,0,13.0,39.0,0,1679,1567,0,144936.0
2,0,2,1,0,3,13.0,1,0,1,1,1,0,4,2026,2,3,8,1,4.333333333333333,104.0,0,1626,1595,0,134205.0
3,0,2,5,2,4,7.0,0,0,0,1,0,0,4,2026,2,1,3,0,7.0,21.0,0,1623,1595,0,61640.0
0,0,5,4,0,3,9.0,1,0,0,0,1,1,10,2026,2,2,7,0,4.5,63.0,0,1679,1494,1,188218.0
5,2,4,4,1,2,4.0,2,0,1,0,1,1,10,2025,2,3,8,0,1.3333333333333333,32.0,0,1682,1611,0,130482.0
2,1,0,6,0,3,13.0,2,0,0,1,0,0,11,2026,2,1,3,0,13.0,39.0,0,1626,1567,0,119813.0
5,3,2,4,0,1,5.0,3,1,0,0,0,0,1,2026,1,1,2,0,5.0,10.0,0,1682,1595,0,85518.0
4,0,1,7,2,2,2.0,3,0,1,0,0,0,1,2020,1,1,1,0,2.0,2.0,0,1661,1531,0,78709.0
2,0,4,5,1,4,8.0,0,0,1,1,1,1,1,2023,1,4,11,1,2.0,88.0,1,1626,1611,0,143458.0
5,1,3,2,3,2,7.0,0,0,0,1,1,1,1,2020,1,3,10,1,2.333333333333333,70.0,1,1682,1551,0,155279.0
5,0,5,4,0,2,5.0,0,1,1,1,1,0,10,2024,1,4,10,1,1.25,50.0,0,1682,1494,0,154330.0
0,0,6,2,2,0,5.0,3,1,1,1,0,0,9,2024,1,3,6,0,1.6666666666666667,30.0,0,1679,676,0,129738.0
0,0,0,0,3,1,5.0,0,0,1,1,1,0,4,2023,1,3,8,1,1.6666666666666667,40.0,0,1679,1567,0,136666.0
1,2,3,0,0,2,14.0,2,0,1,0,1,1,5,2022,2,3,8,0,4.666666666666667,112.0,0,1714,1551,0,113873.0
2,1,1,0,3,4,12.0,0,1,0,0,0,0,2,2021,2,1,2,0,12.0,24.0,0,1626,1531,0,71523.0
1,1,0,1,1,3,2.0,1,0,1,1,1,1,5,2023,2,4,11,1,0.5,22.0,1,1714,1567,0,125929.0
1,3,2,7,2,2,4.0,2,1,1,1,1,0,11,2021,2,4,10,1,1.0,40.0,0,1714,1595,0,124677.0
1,1,1,5,1,2,11.0,2,1,0,1,0,1,11,2024,2,3,8,0,3.6666666666666665,88.0,1,1714,1531,0,99678.0
5,1,2,0,2,2,6.0,2,0,1,1,0,0,8,2025,2,2,4,0,3.0,24.0,0,1682,1595,0,128491.0
1,1,1,3,0,3,7.0,1,1,1,0,0,1,11,2022,2,3,6,0,2.333333333333333,42.0,0,1714,1531,0,108706.0
5,1,1,6,0,3,7.0,1,1,1,0,1,1,6,2024,2,4,10,0,1.75,70.0,0,1682,1531,1,166626.0
4,0,2,2,2,3,7.0,1,0,0,1,0,0,7,2023,2,1,3,0,7.0,21.0,0,1661,1595,1,202887.5
0,0,3,2,0,2,10.0,2,0,0,0,1,1,10,2026,2,2,7,0,5.0,70.0,0,1679,1551,0,155021.0
5,1,2,2,2,1,11.0,1,1,0,1,0,0,6,2026,2,2,5,0,5.5,55.0,0,1682,1595,0,118733.0
2,0,2,1,0,3,4.0,0,1,1,0,1,1,10,2020,2,4,10,0,1.0,40.0,0,1626,1595,0,112800.0
2,2,0,2,2,2,8.0,2,0,0,0,1,1,5,2021,2,2,7,0,4.0,56.0,0,1626,1567,0,98820.0
3,0,4,0,0,3,13.0,0,0,1,0,0,1,8,2024,2,2,4,0,6.5,52.0,0,1623,1611,0,107841.0
2,0,1,4,3,4,0.0,0,1,0,1,0,0,11,2023,2,2,5,0,0.0,0.0,0,1626,1531,0,83597.0
5,1,3,7,2,2,11.0,2,0,0,1,0,0,1,2023,2,1,3,0,11.0,33.0,0,1682,1551,0,132999.0
1,0,4,7,2,1,12.0,0,0,1,0,0,0,8,2020,2,1,1,0,12.0,12.0,0,1714,1611,0,113873.0
4,0,3,6,1,2,3.0,2,0,1,0,1,0,1,2023,2,2,5,0,1.5,15.0,0,1661,1551,0,90225.0
2,0,1,5,3,4,10.0,1,1,0,1,0,1,1,2023,2,3,8,0,3.333333333333333,80.0,1,1626,1531,0,122157.0
4,0,5,3,3,1,0.0,0,1,0,0,0,0,5,2023,2,1,2,0,0.0,0.0,0,1661,1494,0,61640.0
0,0,2,6,2,2,13.0,2,0,1,1,1,0,6,2021,2,3,8,1,4.333333333333333,104.0,0,1679,1595,0,141397.0
5,2,2,0,2,2,6.0,2,1,1,0,1,1,11,2025,1,4,10,0,1.5,60.0,0,1682,1595,0,139842.0
3,2,0,5,0,1,11.0,1,1,1,0,0,1,5,2020,2,3,6,0,3.6666666666666665,66.0,0,1623,1567,0,61640.0
5,0,0,2,0,1,14.0,1,0,1,0,0,0,11,2020,2,1,1,0,14.0,14.0,0,1682,1567,0,113873.0
2,0,2,5,0,3,8.0,1,0,1,0,0,0,5,2022,2,1,1,0,8.0,8.0,0,1626,1595,0,117362.0
3,0,5,5,1,1,2.0,2,0,1,0,0,1,1,2023,2,2,4,0,1.0,8.0,0,1623,1494,0,61640.0
2,0,4,5,1,1,7.0,2,0,0,1,0,1,7,2022,1,2,6,0,3.5,42.0,1,1626,1611,0,97866.0
3,0,0,3,0,1,9.0,0,1,0,1,0,0,2,2022,1,2,5,0,4.5,45.0,0,1623,1567,0,86892.0
5,0,1,6,2,3,7.0,2,0,0,1,0,0,9,2024,1,1,3,0,7.0,21.0,0,1682,1531,1,177683.0
3,1,6,3,1,1,5.4,2,0,0,0,1,0,10,2021,1,1,4,0,5.4,21.6,0,1623,676,0,65699.0
0,3,0,5,1,1,2.0,1,0,0,0,1,1,2,2023,1,2,7,0,1.0,14.0,0,1679,1567,0,119852.0
5,3,4,5,1,4,6.6,1,0,1,0,1,1,6,2022,1,3,8,0,2.2,52.8,0,1682,1611,0,143571.0
4,0,6,0,0,3,6.0,0,1,1,1,0,0,10,2026,1,3,6,0,2.0,36.0,0,1661,676,0,113873.0
2,3,2,3,1,3,7.0,0,0,1,0,1,0,1,2025,2,2,5,0,3.5,35.0,0,1626,1595,0,61640.0
0,1,3,1,0,1,6.0,2,1,1,1,1,1,6,2024,2,5,13,1,1.2,78.0,1,1679,1551,1,202887.5
0,0,4,3,2,2,13.0,3,0,0,0,1,0,12,2022,2,1,4,0,13.0,52.0,0,1679,1611,0,128453.0
2,1,4,4,2,2,1.0,1,0,0,1,0,1,4,2022,2,2,6,0,0.5,6.0,1,1626,1611,0,112453.0
4,0,0,1,2,3,13.0,2,0,0,1,0,1,8,2023,2,2,6,0,6.5,78.0,1,1661,1567,0,105977.0
3,2,1,5,0,1,7.0,0,0,1,1,0,1,10,2025,2,3,7,0,2.333333333333333,49.0,1,1623,1531,0,90786.0
2,0,2,3,0,3,1.0,2,1,0,1,0,0,2,2021,1,2,5,0,0.5,5.0,0,1626,1595,0,118805.0
3,2,0,1,2,3,4.0,1,1,1,0,0,0,8,2020,1,2,3,0,2.0,12.0,0,1623,1567,0,104976.0
2,0,0,5,2,4,9.0,2,1,0,0,1,1,5,2025,1,3,9,0,3.0,81.0,0,1626,1567,0,90056.0
2,0,0,1,0,3,1.0,3,1,1,1,1,1,12,2023,1,5,13,1,0.2,13.0,1,1626,1567,1,164544.0
5,0,4,4,1,1,7.0,2,1,1,0,1,1,1,2021,1,4,10,0,1.75,70.0,0,1682,1611,1,202887.5
1,0,5,6,1,1,7.0,0,1,1,1,0,1,4,2023,1,4,9,0,1.75,63.0,1,1714,1494,0,95877.0
4,1,1,7,1,2,8.0,1,1,1,1,1,0,2,2021,1,4,10,1,2.0,80.0,0,1661,1531,0,94046.0
3,3,1,2,2,1,4.0,1,1,1,0,0,0,10,2024,1,2,3,0,2.0,12.0,0,1623,1531,0,61640.0
3,0,3,1,1,2,4.0,1,1,1,1,0,0,8,2020,1,3,6,0,1.3333333333333333,24.0,0,1623,1551,0,94055.0
5,2,0,3,0,0,0.0,2,1,0,1,1,0,1,2025,1,3,9,1,0.0,0.0,0,1682,1567,0,115529.0
4,1,0,2,0,2,9.0,1,0,1,1,1,0,1,2024,1,3,8,1,3.0,72.0,0,1661,1567,0,113873.0
3,1,2,0,2,2,7.0,1,0,1,1,1,1,9,2022,1,4,11,1,1.75,77.0,1,1623,1595,0,105630.0
0,2,2,6,1,3,6.0,1,0,0,1,1,0,7,2020,1,2,7,1,3.0,42.0,0,1679,1595,1,168800.0
5,0,3,5,0,3,10.0,0,0,1,0,0,1,4,2025,1,2,4,0,5.0,40.0,0,1682,1551,0,146990.0
0,0,2,2,1,4,13.0,1,1,0,1,0,1,8,2022,1,3,8,0,4.333333333333333,104.0,1,1679,1595,0,111430.0
1,0,0,6,2,4,7.0,0,0,1,0,0,1,1,2024,1,2,4,0,3.5,28.0,0,1714,1567,0,110300.0
5,1,0,5,0,2,1.0,2,0,1,0,0,1,1,2021,1,2,4,0,0.5,4.0,0,1682,1567,0,128100.0
4,0,4,3,2,1,6.0,0,0,1,0,0,0,11,2021,1,1,1,0,6.0,6.0,0,1661,1611,0,113873.0
0,0,5,5,2,3,7.0,1,1,1,1,1,1,11,2023,1,5,13,1,1.4,91.0,1,1679,1494,1,175411.0
0,0,3,0,0,3,1.0,1,1,0,1,0,0,2,2023,1,2,5,0,0.5,5.0,0,1679,1551,1,174933.0
3,1,0,2,2,3,7.0,0,0,0,1,0,1,1,2024,1,2,6,0,3.5,42.0,1,1623,1567,0,140679.0
2,0,3,2,1,2,7.6,2,0,0,0,1,0,7,2022,1,1,4,0,7.6,30.4,0,1626,1551,0,91862.0
3,2,5,6,2,3,4.0,1,0,1,0,1,1,7,2020,0,3,8,0,1.3333333333333333,32.0,0,1623,1494,0,127560.0
1,0,0,3,0,1,11.0,2,0,1,0,1,0,4,2026,0,2,5,0,5.5,55.0,0,1714,1567,0,96124.0
5,0,4,5,2,2,10.0,1,0,1,1,1,1,11,2026,0,4,11,1,2.5,110.0,1,1682,1611,1,177384.0
1,3,4,6,2,4,11.0,2,0,0,1,1,1,5,2022,0,3,10,1,3.6666666666666665,110.0,1,1714,1611,0,87198.0
2,3,1,4,1,3,4.0,1,1,0,0,1,1,6,2022,0,3,9,0,1.3333333333333333,36.0,0,1626,1531,0,123777.0
0,0,1,6,2,1,10.0,2,0,1,0,0,0,6,2024,0,1,1,0,10.0,10.0,0,1679,1531,0,110542.0
2,1,3,1,1,1,13.0,1,1,1,1,0,0,10,2021,0,3,6,0,4.333333333333333,78.0,0,1626,1551,0,61640.0
5,0,6,2,2,3,0.0,1,0,1,1,0,1,1,2021,0,3,7,0,0.0,0.0,1,1682,676,1,197708.0
1,0,5,0,1,2,2.0,1,1,1,1,1,1,7,2020,0,5,13,1,0.4,26.0,1,1714,1494,0,135772.0
1,2,5,6,1,1,14.0,0,0,1,1,0,0,3,2023,0,2,4,0,7.0,56.0,0,1714,1494,0,62883.0
4,0,2,0,2,3,0.0,2,1,1,1,1,1,2,2026,0,5,13,1,0.0,0.0,1,1661,1595,0,135200.0
2,1,3,5,2,1,1.0,2,1,1,1,1,1,9,2025,0,5,13,1,0.2,13.0,1,1626,1551,0,92112.0
5,1,4,7,2,1,3.0,1,0,1,0,0,0,11,2025,0,1,1,0,3.0,3.0,0,1682,1611,0,93643.0
5,1,2,1,2,2,9.0,0,1,1,0,0,0,10,2025,0,2,3,0,4.5,27.0,0,1682,1595,0,126001.0
4,1,6,2,1,3,5.0,2,1,0,1,1,1,7,2021,0,4,12,1,1.25,60.0,1,1661,676,0,136071.0
1,1,3,5,0,2,7.0,0,1,1,1,0,1,2,2026,0,4,9,0,1.75,63.0,1,1714,1551,0,102086.0
1,0,0,5,3,1,3.0,1,0,0,1,0,1,12,2020,0,2,6,0,1.5,18.0,1,1714,1567,0,112696.0
1,0,0,7,2,1,7.0,1,0,0,1,1,1,6,2023,0,3,10,1,2.333333333333333,70.0,1,1714,1567,0,75575.0
4,0,3,6,1,1,10.0,0,1,1,1,0,0,9,2022,0,3,6,0,3.333333333333333,60.0,0,1661,1551,0,113873.0
1,0,3,4,2,2,3.0,0,0,0,1,1,1,5,2021,0,3,10,1,1.0,30.0,1,1714,1551,0,131061.0
1,0,4,1,2,1,7.0,3,0,0,1,0,1,9,2020,0,2,6,0,3.5,42.0,1,1714,1611,0,70369.0
3,0,5,2,1,2,6.0,0,0,0,1,1,0,9,2023,0,2,7,1,3.0,42.0,0,1623,1494,0,89248.0
4,0,0,0,0,1,0.0,0,0,1,1,1,1,3,2025,0,4,11,1,0.0,0.0,1,1661,1567,0,111100.0
1,3,4,4,1,2,3.0,1,0,1,1,0,1,7,2025,0,3,7,0,1.0,21.0,1,1714,1611,0,104110.0
5,1,6,1,0,2,5.0,2,0,1,1,0,1,8,2021,0,3,7,0,1.6666666666666667,35.0,1,1682,676,0,142598.0
2,2,5,3,1,1,11.0,0,1,0,1,1,0,11,2021,0,3,9,1,3.6666666666666665,99.0,0,1626,1494,0,79940.0
1,3,4,4,2,2,4.0,2,0,1,1,0,0,9,2023,0,2,4,0,2.0,16.0,0,1714,1611,0,90898.0
4,0,4,3,0,3,8.0,3,1,1,0,1,0,1,2021,0,3,7,0,2.6666666666666665,56.0,0,1661,1611,0,110200.0
5,1,3,5,2,3,11.0,1,1,0,1,1,1,3,2026,0,4,12,1,2.75,132.0,1,1682,1551,1,176727.0
1,1,2,5,2,4,7.0,1,1,1,0,0,0,9,2022,1,2,3,0,3.5,21.0,0,1714,1595,0,61640.0
0,0,4,7,2,1,12.0,1,0,1,1,0,1,4,2022,0,3,7,0,4.0,84.0,1,1679,1611,0,131463.0
5,1,3,3,2,3,4.0,1,0,1,1,0,1,1,2024,0,3,7,0,1.3333333333333333,28.0,1,1682,1551,1,162725.0
5,0,3,0,2,1,3.0,3,0,0,0,1,1,1,2025,1,2,7,0,1.5,21.0,0,1682,1551,0,133442.0
4,0,2,7,1,2,13.0,1,1,0,0,0,1,10,2020,1,2,5,0,6.5,65.0,0,1661,1595,1,202887.5
4,0,4,3,0,2,9.0,1,0,0,1,1,1,4,2022,1,3,10,1,3.0,90.0,1,1661,1611,0,111667.0
3,0,1,5,1,3,7.0,0,1,1,0,0,1,9,2024,0,3,6,0,2.333333333333333,42.0,0,1623,1531,0,134364.0
3,0,2,2,1,1,6.0,2,1,0,1,0,0,3,2025,0,2,5,0,3.0,30.0,0,1623,1595,0,74078.0
1,0,2,5,1,2,7.0,1,0,1,0,0,0,5,2026,0,1,1,0,7.0,7.0,0,1714,1595,0,113574.0
0,1,5,1,3,3,4.2,2,0,1,1,0,0,9,2020,0,2,4,0,2.1,16.8,0,1679,1494,1,170971.0
0,1,5,5,0,2,7.0,0,1,0,1,1,1,1,2020,0,4,12,1,1.75,84.0,1,1679,1494,0,154861.0
1,3,0,5,0,1,7.0,0,0,1,0,1,0,1,2020,0,2,5,0,3.5,35.0,0,1714,1567,0,61640.0
5,0,2,6,2,2,13.0,0,1,0,1,1,1,1,2020,0,4,12,1,3.25,156.0,1,1682,1595,0,159397.0
5,0,4,3,2,2,0.0,2,0,0,0,1,1,11,2023,0,2,7,0,0.0,0.0,0,1682,1611,1,164502.0
5,2,5,1,1,3,8.0,0,1,0,1,1,1,12,2024,0,4,12,1,2.0,96.0,1,1682,1494,1,181134.0
4,0,4,2,0,1,5.0,2,0,1,1,0,1,5,2023,0,3,7,0,1.6666666666666667,35.0,1,1661,1611,0,63268.0
4,2,1,3,2,3,4.0,0,1,1,1,0,1,1,2022,1,4,9,0,1.0,36.0,1,1661,1531,0,112977.0
1,0,1,1,1,1,12.0,2,0,0,0,1,0,1,2021,1,1,4,0,12.0,48.0,0,1714,1531,0,82915.0
1,0,2,3,1,2,9.6,0,1,0,1,1,1,4,2022,1,4,12,1,2.4,115.2,1,1714,1595,0,113873.0
5,2,2,1,0,1,7.0,1,0,0,1,0,1,4,2022,1,2,6,0,3.5,42.0,1,1682,1595,0,111314.0
2,0,4,0,2,2,14.0,2,1,1,1,1,0,2,2020,1,4,10,1,3.5,140.0,0,1626,1611,0,121111.0
4,0,1,7,1,2,9.0,2,1,1,1,1,0,3,2026,1,4,10,1,2.25,90.0,0,1661,1531,0,87535.0
4,3,0,0,2,2,5.0,2,0,0,0,0,1,6,2021,1,1,3,0,5.0,15.0,0,1661,1567,0,80394.0
3,0,6,4,1,2,12.0,0,0,0,0,0,1,7,2022,1,1,3,0,12.0,36.0,0,1623,676,0,101514.0
5,1,5,3,1,2,7.0,0,1,1,1,0,0,8,2020,1,3,6,0,2.333333333333333,42.0,0,1682,1494,0,113851.0
0,1,5,7,2,1,9.0,1,1,0,0,0,1,3,2022,1,2,5,0,4.5,45.0,0,1679,1494,0,92511.0
1,0,1,5,1,1,2.0,0,0,1,1,1,0,8,2021,0,3,8,1,0.6666666666666666,16.0,0,1714,1531,0,81381.0
5,1,5,0,0,3,7.0,0,0,1,1,0,1,8,2020,0,3,7,0,2.333333333333333,49.0,1,1682,1494,1,169000.0
1,0,2,2,3,2,6.0,1,1,1,0,1,1,12,2025,0,4,10,0,1.5,60.0,0,1714,1595,0,99208.0
4,0,2,4,2,3,7.0,2,0,0,1,1,1,2,2022,0,3,10,1,2.333333333333333,70.0,1,1661,1595,0,155528.0
5,0,4,6,3,2,1.0,0,1,0,1,0,1,1,2020,0,3,8,0,0.3333333333333333,8.0,1,1682,1611,0,157294.0
2,2,4,2,1,1,9.0,1,0,1,0,0,1,2,2025,0,2,4,0,4.5,36.0,0,1626,1611,0,61640.0
3,3,5,3,2,3,12.0,3,0,0,1,1,0,2,2021,0,2,7,1,6.0,84.0,0,1623,1494,0,133170.0
2,0,1,4,2,2,9.0,0,1,0,0,1,0,8,2021,0,2,6,0,4.5,54.0,0,1626,1531,0,93524.0
1,0,5,6,1,4,3.0,2,1,1,0,0,0,1,2020,0,2,3,0,1.5,9.0,0,1714,1494,0,94627.0
3,0,1,6,1,3,7.0,1,0,0,1,1,1,10,2020,0,3,10,1,2.333333333333333,70.0,1,1623,1531,0,160248.0
1,2,4,0,0,3,11.8,1,0,1,1,0,1,8,2022,0,3,7,0,3.9333333333333336,82.60000000000001,1,1714,1611,0,126463.0
5,0,4,2,1,3,1.0,0,1,0,0,1,0,10,2022,1,2,6,0,0.5,6.0,0,1682,1611,1,175829.0
5,0,3,1,0,2,0.0,2,0,0,1,0,0,7,2026,1,1,3,0,0.0,0.0,0,1682,1551,0,150353.0
5,3,1,3,2,1,6.0,1,0,0,0,0,1,1,2023,1,1,3,0,6.0,18.0,0,1682,1531,0,117614.0
1,0,3,4,0,1,9.0,2,1,0,1,0,0,11,2023,1,2,5,0,4.5,45.0,0,1714,1551,1,202887.5
4,0,4,6,2,3,14.0,1,1,0,1,1,0,1,2024,1,3,9,1,4.666666666666667,126.0,0,1661,1611,0,133509.0
2,2,5,3,0,1,7.0,2,1,0,1,0,0,7,2024,1,2,5,0,3.5,35.0,0,1626,1494,0,66486.0
0,0,2,2,1,1,9.0,0,0,1,1,0,1,12,2026,1,3,7,0,3.0,63.0,1,1679,1595,0,133953.0
0,1,5,4,1,2,11.0,1,0,1,0,1,1,2,2021,1,3,8,0,3.6666666666666665,88.0,0,1679,1494,0,142391.0
5,0,5,0,2,4,3.5,1,1,1,0,0,1,4,2021,1,3,6,0,1.1666666666666667,21.0,0,1682,1494,0,92085.0
1,0,3,4,0,1,11.0,1,1,1,0,0,1,2,2025,1,3,6,0,3.6666666666666665,66.0,0,1714,1551,0,93778.0
2,1,1,3,1,4,12.0,1,0,0,1,1,0,2,2023,1,2,7,1,6.0,84.0,0,1626,1531,1,202887.5
4,0,5,6,1,1,1.0,2,0,1,1,0,1,2,2020,1,3,7,0,0.3333333333333333,7.0,1,1661,1494,0,99710.0
0,0,4,7,0,3,1.0,2,1,0,0,0,1,1,2021,1,2,5,0,0.5,5.0,0,1679,1611,0,113873.0
2,1,2,5,0,3,13.0,0,0,1,0,0,0,10,2021,1,1,1,0,13.0,13.0,0,1626,1595,0,96213.0
2,0,4,4,1,2,1.0,2,0,1,0,0,0,9,2023,1,1,1,0,1.0,1.0,0,1626,1611,0,61640.0
1,0,2,0,0,2,7.0,2,0,1,0,0,1,9,2026,1,2,4,0,3.5,28.0,0,1714,1595,0,101831.0
3,0,1,1,2,3,8.0,2,1,0,0,0,0,1,2025,1,1,2,0,8.0,16.0,0,1623,1531,0,134206.0
3,0,3,1,1,2,7.0,0,1,1,1,1,1,7,2025,0,5,13,1,1.4,91.0,1,1623,1551,0,115878.0
3,0,5,3,2,2,6.0,1,1,1,0,0,1,11,2023,0,3,6,0,2.0,36.0,0,1623,1494,0,97151.0
3,0,3,0,2,1,7.0,0,1,1,0,0,1,9,2020,0,3,6,0,2.333333333333333,42.0,0,1623,1551,0,61640.0
0,0,2,5,1,2,4.0,0,0,1,0,0,1,1,2022,0,2,4,0,2.0,16.0,0,1679,1595,0,125891.0
1,3,2,6,2,2,13.0,2,1,1,0,1,1,1,2020,0,4,10,0,3.25,130.0,0,1714,1595,0,87576.0
1,1,5,1,1,4,14.0,0,0,1,0,0,1,12,2020,2,2,4,0,7.0,56.0,0,1714,1494,0,74722.0
1,0,4,5,0,2,8.0,2,1,0,0,0,1,2,2026,2,2,5,0,4.0,40.0,0,1714,1611,0,84681.0
1,0,2,1,1,1,14.0,2,0,0,1,0,0,9,2025,2,1,3,0,14.0,42.0,0,1714,1595,0,61640.0
5,1,4,7,2,3,7.0,1,0,0,1,0,0,12,2024,2,1,3,0,7.0,21.0,0,1682,1611,0,139294.0
5,2,5,0,0,2,7.0,0,0,1,1,0,1,1,2021,2,3,7,0,2.333333333333333,49.0,1,1682,1494,0,129289.0
0,2,4,2,2,3,1.5,1,1,1,1,0,0,10,2025,2,3,6,0,0.5,9.0,0,1679,1611,0,159390.0
1,0,5,3,1,3,0.0,3,0,0,1,1,1,2,2025,2,3,10,1,0.0,0.0,1,1714,1494,1,164935.0
1,0,2,4,0,4,3.0,1,1,0,0,1,1,2,2023,2,3,9,0,1.0,27.0,0,1714,1595,0,96774.0
4,1,2,6,0,3,11.0,0,0,0,1,1,1,1,2021,0,3,10,1,3.6666666666666665,110.0,1,1661,1595,0,140105.0
2,2,0,5,1,1,3.0,1,0,1,0,0,1,12,2021,0,2,4,0,1.5,12.0,0,1626,1567,0,61640.0
2,1,4,5,0,2,7.0,2,0,0,1,0,0,1,2022,0,1,3,0,7.0,21.0,0,1626,1611,0,97349.0
5,0,4,0,0,4,0.0,0,0,1,1,0,1,11,2026,0,3,7,0,0.0,0.0,1,1682,1611,1,163666.0
5,0,6,2,1,3,10.0,0,0,1,1,1,1,9,2020,0,4,11,1,2.5,110.0,1,1682,676,1,182461.0
5,1,6,1,1,1,13.0,0,0,1,1,0,0,5,2023,0,2,4,0,6.5,52.0,0,1682,676,0,109910.0
2,0,1,6,2,1,8.0,1,1,0,1,1,1,6,2020,0,4,12,1,2.0,96.0,1,1626,1531,0,86733.0
0,0,0,6,0,3,3.0,2,1,0,1,1,1,9,2020,0,4,12,1,0.75,36.0,1,1679,1567,1,200435.0
0,3,1,1,1,3,3.0,2,0,0,0,1,1,10,2020,0,2,7,0,1.5,21.0,0,1679,1531,1,184286.0
4,0,2,0,2,2,1.0,2,0,0,0,0,1,12,2021,0,1,3,0,1.0,3.0,0,1661,1595,0,113873.0
0,0,5,0,1,3,10.0,3,0,0,1,0,1,6,2022,0,2,6,0,5.0,60.0,1,1679,1494,1,177728.0
4,2,4,1,1,2,14.0,0,0,1,1,1,0,1,2023,0,3,8,1,4.666666666666667,112.0,0,1661,1611,0,101358.0
5,2,4,0,2,2,9.0,1,0,0,1,1,1,4,2024,2,3,10,1,3.0,90.0,1,1682,1611,0,135119.0
2,0,4,5,2,2,2.0,0,1,1,1,0,1,1,2024,2,4,9,0,0.5,18.0,1,1626,1611,0,113873.0
4,3,0,2,2,1,1.4,1,1,0,1,1,0,6,2026,2,3,9,1,0.4666666666666666,12.6,0,1661,1567,0,86543.0
1,1,6,2,2,3,0.0,2,0,1,1,0,0,10,2026,2,2,4,0,0.0,0.0,0,1714,676,0,116558.0
3,0,2,7,2,1,4.0,1,0,1,0,0,1,12,2026,2,2,4,0,2.0,16.0,0,1623,1595,0,79064.0
0,0,0,4,1,1,12.0,0,1,1,1,1,1,8,2023,2,5,13,1,2.4,156.0,1,1679,1567,0,113873.0
5,1,2,4,1,2,7.0,0,0,1,0,0,1,1,2020,0,2,4,0,3.5,28.0,0,1682,1595,0,129803.0
1,3,3,3,2,3,12.0,1,0,1,0,1,0,8,2020,2,2,5,0,6.0,60.0,0,1714,1551,0,133639.0
4,0,5,4,0,1,5.0,2,1,0,1,0,0,6,2022,2,2,5,0,2.5,25.0,0,1661,1494,0,81167.0
1,2,3,0,0,2,6.0,0,1,0,1,1,1,11,2023,2,4,12,1,1.5,72.0,1,1714,1551,1,202887.5
0,0,4,5,1,2,7.0,1,1,1,0,1,0,6,2020,0,3,7,0,2.333333333333333,49.0,0,1679,1611,0,132519.0
2,1,1,3,3,1,11.0,3,0,1,1,0,1,2,2026,0,3,7,0,3.6666666666666665,77.0,1,1626,1531,0,113873.0
2,0,4,6,1,1,7.0,0,1,0,0,0,1,5,2022,0,2,5,0,3.5,35.0,0,1626,1611,0,98641.0
2,0,0,2,0,3,0.0,2,0,1,0,0,1,1,2024,0,2,4,0,0.0,0.0,0,1626,1567,0,133053.0
2,1,6,6,0,3,14.0,1,1,1,0,0,1,5,2022,0,3,6,0,4.666666666666667,84.0,0,1626,676,0,96840.0
2,1,2,4,2,3,14.0,3,1,0,0,1,0,2,2024,2,2,6,0,7.0,84.0,0,1626,1595,0,116859.0
3,0,5,4,2,3,14.0,1,1,0,0,0,1,9,2023,2,2,5,0,7.0,70.0,0,1623,1494,0,113873.0
0,0,1,1,1,2,0.0,0,0,0,1,1,1,7,2025,2,3,10,1,0.0,0.0,1,1679,1531,1,172711.0
4,3,5,5,1,2,7.0,2,1,1,0,1,0,6,2023,2,3,7,0,2.333333333333333,49.0,0,1661,1494,0,90770.0
2,1,2,4,2,1,6.0,0,0,0,0,1,1,9,2023,1,2,7,0,3.0,42.0,0,1626,1595,0,79222.0
4,0,2,5,0,1,2.0,1,0,1,0,0,0,9,2023,1,1,1,0,2.0,2.0,0,1661,1595,0,61640.0
2,1,1,5,0,3,2.0,0,1,1,0,0,1,2,2022,1,3,6,0,0.6666666666666666,12.0,0,1626,1531,0,113873.0
2,1,4,0,1,1,6.0,0,1,0,1,0,1,1,2021,1,3,8,0,2.0,48.0,1,1626,1611,0,92203.0
5,0,6,3,0,3,7.0,2,0,1,1,1,0,1,2021,1,3,8,1,2.333333333333333,56.0,0,1682,676,1,191240.0
5,0,3,1,2,1,10.0,2,0,1,1,0,1,1,2020,1,3,7,0,3.333333333333333,70.0,1,1682,1551,0,137118.0
1,2,2,1,2,3,6.0,0,0,1,1,0,1,1,2021,1,3,7,0,2.0,42.0,1,1714,1595,0,141976.0
5,0,0,0,0,2,7.0,1,0,1,0,0,0,3,2022,1,1,1,0,7.0,7.0,0,1682,1567,0,150502.0
5,0,2,4,2,1,8.0,2,0,0,0,0,1,5,2024,0,1,3,0,8.0,24.0,0,1682,1595,0,116912.0
3,2,3,4,2,2,13.0,0,1,0,1,1,1,6,2023,0,4,12,1,3.25,156.0,1,1623,1551,0,105411.0
4,2,2,3,2,1,6.0,1,0,0,0,1,1,9,2024,0,2,7,0,3.0,42.0,0,1661,1595,0,113873.0
5,2,0,1,0,3,7.0,2,0,0,1,0,0,5,2022,0,1,3,0,7.0,21.0,0,1682,1567,0,144618.0
3,2,2,1,2,1,8.0,1,0,0,1,0,0,7,2025,0,1,3,0,8.0,24.0,0,1623,1595,0,61640.0
0,1,5,6,2,4,10.0,2,0,1,1,0,1,6,2024,0,3,7,0,3.333333333333333,70.0,1,1679,1494,0,129399.0
0,0,0,2,2,1,7.4,0,0,0,1,0,1,5,2020,0,2,6,0,3.7,44.400000000000006,1,1679,1567,0,113873.0
1,0,4,6,2,3,14.0,0,0,0,0,1,0,1,2021,0,1,4,0,14.0,56.0,0,1714,1611,0,130938.0
4,1,5,1,1,2,7.0,1,0,0,1,1,1,9,2025,0,3,10,1,2.333333333333333,70.0,1,1661,1494,0,95766.0
0,2,4,5,1,2,11.0,1,0,0,0,1,0,10,2022,0,1,4,0,11.0,44.0,0,1679,1611,0,130112.0
4,0,1,0,0,3,12.0,1,0,1,1,0,0,5,2024,0,2,4,0,6.0,48.0,0,1661,1531,0,134328.0
1,2,2,4,1,3,9.0,2,0,1,0,0,1,4,2020,0,2,4,0,4.5,36.0,0,1714,1595,0,114622.0
0,1,4,5,0,3,6.0,3,0,1,0,1,0,6,2024,0,2,5,0,3.0,30.0,0,1679,1611,0,155581.0
1,0,3,2,2,2,7.0,1,0,1,0,0,1,5,2025,0,2,4,0,3.5,28.0,0,1714,1551,0,87265.0
0,2,4,4,1,2,7.0,1,0,1,1,1,0,8,2020,0,3,8,1,2.333333333333333,56.0,0,1679,1611,0,143014.0
1,1,2,0,1,1,10.0,1,0,0,1,0,0,8,2020,0,1,3,0,10.0,30.0,0,1714,1595,0,81752.0
3,1,0,6,0,1,6.0,2,0,1,1,1,0,1,2024,0,3,8,1,2.0,48.0,0,1623,1567,0,82979.0
3,2,4,3,0,2,13.0,3,1,1,1,1,1,5,2025,0,5,13,1,2.6,169.0,1,1623,1611,0,103876.0
4,0,6,2,0,3,8.0,0,1,1,1,1,0,3,2024,0,4,10,1,2.0,80.0,0,1661,676,0,132662.0
5,0,1,6,3,3,10.0,1,0,0,0,1,1,12,2023,2,2,7,0,5.0,70.0,0,1682,1531,0,113873.0
5,2,1,2,0,2,7.0,2,0,1,0,0,1,5,2020,1,2,4,0,3.5,28.0,0,1682,1531,0,114273.0
4,2,4,6,0,1,14.0,2,0,0,1,0,0,5,2022,2,1,3,0,14.0,42.0,0,1661,1611,0,67799.0
4,0,5,3,2,1,2.0,0,1,0,1,0,0,11,2021,1,2,5,0,1.0,10.0,0,1661,1494,0,84600.0
5,0,2,4,0,4,11.0,2,1,0,1,0,0,6,2025,1,2,5,0,5.5,55.0,0,1682,1595,0,103743.0
5,0,5,4,1,2,7.0,2,0,1,0,0,0,9,2025,0,1,1,0,7.0,7.0,0,1682,1494,0,112345.0
4,0,0,3,1,1,3.0,1,0,1,1,0,0,1,2022,0,2,4,0,1.5,12.0,0,1661,1567,0,62000.0
0,0,4,4,2,2,3.0,0,1,0,0,1,0,8,2024,0,2,6,0,1.5,18.0,0,1679,1611,0,150423.0
0,0,2,2,0,3,7.0,1,1,0,1,0,1,8,2024,0,3,8,0,2.333333333333333,56.0,1,1679,1595,1,188737.0
3,0,4,0,2,1,8.0,1,0,1,0,1,0,4,2021,0,2,5,0,4.0,40.0,0,1623,1611,0,62990.0
0,0,2,0,3,3,8.0,0,1,1,1,0,0,1,2025,0,3,6,0,2.6666666666666665,48.0,0,1679,1595,0,150523.0
2,0,5,6,0,3,0.0,0,1,1,1,0,1,4,2023,0,4,9,0,0.0,0.0,1,1626,1494,0,126800.0
2,1,4,5,0,2,7.0,0,1,1,0,0,0,6,2025,0,2,3,0,3.5,21.0,0,1626,1611,0,70158.0
4,0,4,3,2,1,9.0,2,0,1,1,1,0,1,2024,0,3,8,1,3.0,72.0,0,1661,1611,0,83194.0
1,1,3,2,2,3,5.0,1,1,0,0,1,1,10,2024,0,3,9,0,1.6666666666666667,45.0,0,1714,1551,0,121100.0
3,2,5,0,0,3,7.0,1,0,0,1,1,1,6,2024,0,3,10,1,2.333333333333333,70.0,1,1623,1494,0,124798.0
3,1,1,4,1,1,7.0,0,0,0,1,0,0,4,2021,0,1,3,0,7.0,21.0,0,1623,1531,0,113873.0
5,1,1,0,0,2,10.4,2,0,1,1,0,0,11,2022,0,2,4,0,5.2,41.6,0,1682,1531,0,117753.0
4,0,3,1,3,3,11.0,2,0,0,1,0,0,2,2025,0,1,3,0,11.0,33.0,0,1661,1551,1,202887.5
1,0,3,1,0,3,1.0,2,0,0,1,1,1,2,2025,0,3,10,1,0.3333333333333333,10.0,1,1714,1551,0,113873.0
1,0,5,6,0,3,12.6,0,1,0,0,0,0,1,2025,0,1,2,0,12.6,25.2,0,1714,1494,0,112443.0
4,0,6,5,0,1,4.0,2,0,0,0,1,0,2,2021,0,1,4,0,4.0,16.0,0,1661,676,0,97456.0
1,0,1,2,2,2,9.0,0,1,0,0,1,1,3,2021,0,3,9,0,3.0,81.0,0,1714,1531,0,122072.0
1,1,4,5,1,3,14.0,1,0,0,0,1,1,5,2021,2,2,7,0,7.0,98.0,0,1714,1611,0,120721.0
3,0,5,4,1,3,7.0,0,0,1,0,0,1,1,2024,2,2,4,0,3.5,28.0,0,1623,1494,0,142900.0
1,0,0,2,1,3,0.0,0,0,1,0,0,0,1,2023,2,1,1,0,0.0,0.0,0,1714,1567,0,113873.0
3,0,2,6,0,3,12.0,3,0,1,1,1,1,6,2023,2,4,11,1,3.0,132.0,1,1623,1595,1,163939.0
3,2,0,7,1,2,6.0,1,1,0,1,0,1,7,2023,2,3,8,0,2.0,48.0,1,1623,1567,0,80012.0
0,0,5,0,1,1,12.0,0,0,1,0,1,0,4,2021,2,2,5,0,6.0,60.0,0,1679,1494,0,100864.0
2,0,6,1,1,2,7.8,2,0,1,1,1,0,1,2024,2,3,8,1,2.6,62.4,0,1626,676,0,92800.0
0,2,3,1,3,4,0.0,0,1,1,0,0,1,5,2020,2,3,6,0,0.0,0.0,0,1679,1551,0,129403.0
1,1,0,7,0,1,10.0,1,0,0,1,1,1,4,2020,2,3,10,1,3.333333333333333,100.0,1,1714,1567,0,74969.0
0,0,2,0,2,2,14.3,0,0,0,0,1,1,11,2020,2,2,7,0,7.15,100.1,0,1679,1595,1,202887.5
2,2,5,5,3,2,1.0,3,1,1,0,1,1,8,2020,2,4,10,0,0.25,10.0,0,1626,1494,0,113873.0
4,2,1,3,1,3,14.0,2,1,1,1,0,1,8,2025,2,4,9,0,3.5,126.0,1,1661,1531,0,126017.0
3,0,6,4,2,3,12.0,1,0,1,0,1,1,7,2024,2,3,8,0,4.0,96.0,0,1623,676,0,136089.0
5,2,6,0,0,3,10.0,2,1,0,0,1,0,1,2024,2,2,6,0,5.0,60.0,0,1682,676,1,170529.0
0,3,5,0,1,1,5.0,0,1,0,1,0,0,3,2021,1,2,5,0,2.5,25.0,0,1679,1494,0,100792.0
3,0,2,1,1,1,7.0,0,0,0,0,1,1,3,2022,2,2,7,0,3.5,49.0,0,1623,1595,0,89076.0
4,1,2,6,0,1,10.0,0,0,0,1,1,1,8,2026,0,3,10,1,3.333333333333333,100.0,1,1661,1595,0,61640.0
5,0,3,5,2,2,6.0,0,1,0,1,1,1,10,2026,0,4,12,1,1.5,72.0,1,1682,1551,0,113873.0
3,0,5,1,0,2,1.0,0,0,0,1,0,1,1,2021,1,2,6,0,0.5,6.0,1,1623,1494,0,119947.0
5,0,2,5,0,3,7.0,1,0,1,0,0,0,5,2026,1,1,1,0,7.0,7.0,0,1682,1595,1,202887.5
4,0,1,0,1,1,4.0,0,0,0,1,1,1,5,2022,1,3,10,1,1.3333333333333333,40.0,1,1661,1531,0,89147.0
4,1,2,5,0,1,13.0,0,0,0,1,1,0,1,2022,1,2,7,1,6.5,91.0,0,1661,1595,0,62101.0
2,1,4,5,0,1,13.0,0,1,1,1,0,1,1,2024,1,4,9,0,3.25,117.0,1,1626,1611,0,70654.0
1,0,2,1,0,3,9.0,2,0,0,1,0,1,5,2024,0,2,6,0,4.5,54.0,1,1714,1595,0,133900.0
3,0,1,1,0,3,5.0,2,0,0,0,1,0,9,2025,0,1,4,0,5.0,20.0,0,1623,1531,0,130227.0
2,0,3,2,0,2,10.0,3,1,1,0,0,1,6,2024,0,3,6,0,3.333333333333333,60.0,0,1626,1551,0,116615.0
1,1,5,0,2,1,7.0,1,0,1,0,1,1,10,2021,0,3,8,0,2.333333333333333,56.0,0,1714,1494,0,75978.0
2,0,2,1,2,4,7.0,0,0,1,1,1,1,7,2025,0,4,11,1,1.75,77.0,1,1626,1595,0,155557.0
4,0,3,0,3,1,10.0,0,1,1,1,0,1,4,2024,0,4,9,0,2.5,90.0,1,1661,1551,0,91454.0
1,1,0,5,0,2,1.0,0,0,1,0,1,1,6,2024,0,3,8,0,0.3333333333333333,8.0,0,1714,1567,0,100667.0
1,0,1,1,1,1,1.0,1,0,1,1,0,1,2,2025,0,3,7,0,0.3333333333333333,7.0,1,1714,1531,0,90899.0
2,0,5,6,2,1,6.0,1,0,0,1,0,1,8,2025,0,2,6,0,3.0,36.0,1,1626,1494,1,202887.5
3,2,1,4,0,3,7.0,0,0,1,0,1,1,6,2026,2,3,8,0,2.333333333333333,56.0,0,1623,1531,0,127937.0
3,0,0,2,2,1,0.0,3,0,0,0,0,1,5,2021,2,1,3,0,0.0,0.0,0,1623,1567,0,70832.0
4,0,0,7,2,1,1.0,1,0,1,1,1,1,11,2026,2,4,11,1,0.25,11.0,1,1661,1567,0,94406.0
5,1,2,7,2,2,5.0,1,0,1,0,0,0,8,2026,1,1,1,0,5.0,5.0,0,1682,1595,0,125683.0
5,0,5,0,2,2,3.0,2,1,0,0,1,1,1,2022,1,3,9,0,1.0,27.0,0,1682,1494,0,139074.0
4,2,2,1,2,2,14.0,2,1,1,1,1,0,10,2024,1,4,10,1,3.5,140.0,0,1661,1595,0,101801.0
2,1,1,7,2,1,7.0,0,1,0,1,1,1,6,2023,0,4,12,1,1.75,84.0,1,1626,1531,0,91198.0
0,0,3,0,0,1,5.0,0,0,0,1,0,0,10,2024,1,1,3,0,5.0,15.0,0,1679,1551,0,101522.0
0,0,1,5,2,2,4.0,1,1,0,1,0,0,10,2024,1,2,5,0,2.0,20.0,0,1679,1531,1,202887.5
4,2,5,6,0,1,0.0,2,0,0,1,0,0,9,2024,1,1,3,0,0.0,0.0,0,1661,1494,0,62092.0
5,2,4,0,1,1,11.0,1,1,0,1,0,1,5,2022,1,3,8,0,3.6666666666666665,88.0,1,1682,1611,0,111695.0
3,1,2,5,1,1,1.0,1,0,1,0,1,0,11,2021,1,2,5,0,0.5,5.0,0,1623,1595,1,202887.5
2,0,0,6,1,1,5.0,1,0,0,1,0,1,10,2026,0,2,6,0,2.5,30.0,1,1626,1567,0,98044.0
3,0,3,1,1,4,3.0,1,0,1,0,0,1,11,2021,0,2,4,0,1.5,12.0,0,1623,1551,0,82650.0
5,0,0,1,2,1,4.0,1,0,1,0,0,1,2,2026,0,2,4,0,2.0,16.0,0,1682,1567,0,113873.0
4,2,4,2,2,1,5.0,1,1,0,0,0,1,7,2020,0,2,5,0,2.5,25.0,0,1661,1611,0,113873.0
4,0,5,5,2,3,11.5,0,1,0,0,1,0,3,2026,0,2,6,0,5.75,69.0,0,1661,1494,0,112953.0
1,0,5,5,0,1,9.0,2,0,1,0,0,0,1,2025,0,1,1,0,9.0,9.0,0,1714,1494,0,70993.0
4,0,4,0,1,1,3.0,0,1,1,0,1,0,2,2024,0,3,7,0,1.0,21.0,0,1661,1611,0,80558.0
2,0,5,4,0,2,7.0,2,0,1,0,0,1,6,2020,0,2,4,0,3.5,28.0,0,1626,1494,0,105156.0
2,0,0,2,1,3,1.0,0,0,0,0,1,0,1,2025,0,1,4,0,1.0,4.0,0,1626,1567,0,139588.0
2,2,1,4,2,1,7.0,2,0,1,1,1,1,11,2020,0,4,11,1,1.75,77.0,1,1626,1531,0,93167.0
5,3,1,1,0,2,14.0,3,0,1,1,0,1,4,2026,0,3,7,0,4.666666666666667,98.0,1,1682,1531,0,156911.0
2,3,0,6,3,1,14.0,1,0,1,1,1,0,3,2023,0,3,8,1,4.666666666666667,112.0,0,1626,1567,0,84500.0
2,1,3,3,2,2,13.0,2,0,1,0,1,1,7,2020,0,3,8,0,4.333333333333333,104.0,0,1626,1551,0,101824.0
1,0,5,2,2,3,8.0,0,1,0,0,1,0,7,2022,0,2,6,0,4.0,48.0,0,1714,1494,0,119752.0
0,3,4,4,2,2,9.0,2,1,1,0,0,1,7,2022,0,3,6,0,3.0,54.0,0,1679,1611,0,129860.0
2,1,5,2,2,2,1.0,3,0,1,0,1,1,10,2022,1,3,8,0,0.3333333333333333,8.0,0,1626,1494,0,102395.0
2,2,6,6,1,3,11.0,1,1,1,1,0,1,7,2023,1,4,9,0,2.75,99.0,1,1626,676,0,125967.0
2,1,2,2,0,2,10.0,2,1,1,0,0,0,2,2024,2,2,3,0,5.0,30.0,0,1626,1595,0,70316.0
5,2,4,5,2,3,10.0,2,0,1,1,1,0,2,2022,2,3,8,1,3.333333333333333,80.0,0,1682,1611,1,168991.0
1,1,4,1,3,3,8.0,2,1,1,1,1,1,2,2025,2,5,13,1,1.6,104.0,1,1714,1611,0,121278.0
5,0,4,6,2,1,7.0,2,1,1,1,1,1,7,2026,2,5,13,1,1.4,91.0,1,1682,1611,0,126061.0
4,1,3,6,0,1,0.0,2,0,1,0,0,1,7,2025,2,2,4,0,0.0,0.0,0,1661,1551,0,63345.0
0,2,2,3,0,2,2.0,1,0,0,0,0,1,4,2024,1,1,3,0,2.0,6.0,0,1679,1595,0,128047.0
0,3,5,5,0,1,5.0,0,1,1,0,0,0,12,2024,1,2,3,0,2.5,15.0,0,1679,1494,0,93080.0
4,1,5,5,2,3,4.0,2,1,0,1,0,1,1,2021,1,3,8,0,1.3333333333333333,32.0,1,1661,1494,0,143454.0
0,2,1,4,0,2,4.3,1,1,0,1,0,0,6,2024,1,2,5,0,2.15,21.5,0,1679,1531,0,113873.0
4,0,2,5,2,1,12.0,2,1,1,1,1,1,11,2020,1,5,13,1,2.4,156.0,1,1661,1595,0,85585.0
5,3,1,7,0,1,13.0,2,0,1,1,1,0,5,2024,1,3,8,1,4.333333333333333,104.0,0,1682,1531,0,127525.0
0,1,3,4,1,3,7.0,1,0,0,1,1,0,6,2020,1,2,7,1,3.5,49.0,0,1679,1551,1,172520.0
4,1,2,3,2,1,0.0,1,1,0,0,0,1,11,2025,1,2,5,0,0.0,0.0,0,1661,1595,0,66642.0
0,0,1,3,2,1,2.0,1,0,1,1,0,0,3,2023,1,2,4,0,1.0,8.0,0,1679,1531,0,108362.0
3,2,1,2,1,4,3.0,1,0,1,1,1,1,5,2020,1,4,11,1,0.75,33.0,1,1623,1531,0,112422.0
0,0,3,3,2,2,2.0,0,0,1,1,1,1,1,2020,0,4,11,1,0.5,22.0,1,1679,1551,1,175397.0
2,0,4,6,1,1,13.0,1,1,1,1,0,0,9,2021,0,3,6,0,4.333333333333333,78.0,0,1626,1611,0,83500.0
1,2,2,3,2,2,10.0,2,0,0,1,0,0,7,2026,0,1,3,0,10.0,30.0,0,1714,1595,0,87224.0
5,2,2,1,0,3,5.0,2,1,1,0,0,0,8,2025,0,2,3,0,2.5,15.0,0,1682,1595,0,151772.0
3,0,0,0,0,2,5.0,1,1,0,0,0,0,1,2025,0,1,2,0,5.0,10.0,0,1623,1567,0,76933.0
0,1,0,4,0,3,8.0,2,1,0,1,0,1,4,2025,0,3,8,0,2.6666666666666665,64.0,1,1679,1567,1,167206.0
0,0,4,5,1,4,1.0,1,1,1,1,1,1,5,2023,0,5,13,1,0.2,13.0,1,1679,1611,0,161889.0
0,0,3,1,0,1,12.0,2,0,0,0,1,0,10,2021,0,1,4,0,12.0,48.0,0,1679,1551,0,100717.0
2,2,3,4,1,4,2.0,2,1,1,1,1,1,8,2023,0,5,13,1,0.4,26.0,1,1626,1551,0,139695.0
4,2,1,3,0,1,5.0,1,0,1,1,0,1,6,2025,0,3,7,0,1.6666666666666667,35.0,1,1661,1531,0,78654.0
4,1,5,2,0,3,3.0,2,0,0,1,0,1,8,2026,0,2,6,0,1.5,18.0,1,1661,1494,0,129929.0
3,3,1,4,0,3,9.0,0,0,0,1,0,0,1,2026,0,1,3,0,9.0,27.0,0,1623,1531,0,113087.0
4,0,3,7,1,3,9.0,1,1,1,1,0,1,7,2026,0,4,9,0,2.25,81.0,1,1661,1551,0,123079.0
3,2,4,5,1,3,2.0,2,0,0,1,0,1,8,2021,0,2,6,0,1.0,12.0,1,1623,1611,0,126861.0
3,2,3,4,0,1,8.0,1,0,1,1,0,0,1,2025,0,2,4,0,4.0,32.0,0,1623,1551,0,113873.0
0,0,4,3,1,3,5.0,0,0,1,1,1,0,1,2021,0,3,8,1,1.6666666666666667,40.0,0,1679,1611,1,169376.0
0,2,4,3,3,3,12.0,2,0,1,0,1,1,10,2026,0,3,8,0,4.0,96.0,0,1679,1611,0,156460.0
1,1,5,6,0,1,6.0,1,0,1,1,0,1,10,2026,0,3,7,0,2.0,42.0,1,1714,1494,0,70409.0
3,3,4,0,0,2,9.0,0,1,1,1,1,1,1,2026,0,5,13,1,1.8,117.0,1,1623,1611,0,136672.0
5,0,0,1,2,1,1.0,2,0,1,1,1,1,5,2026,0,4,11,1,0.25,11.0,1,1682,1567,0,129246.0
3,0,0,4,1,2,12.0,2,1,1,1,1,0,8,2023,0,4,10,1,3.0,120.0,0,1623,1567,0,113070.0
0,0,2,4,2,3,1.0,3,1,1,0,0,0,10,2024,0,2,3,0,0.5,3.0,0,1679,1595,0,144944.0
5,2,6,1,1,3,2.0,1,0,0,1,0,0,1,2022,0,1,3,0,2.0,6.0,0,1682,676,0,156726.0
4,2,3,6,1,3,5.0,1,1,1,0,0,1,10,2023,0,3,6,0,1.6666666666666667,30.0,0,1661,1551,0,103742.0
4,0,4,5,3,3,13.0,3,0,0,1,0,0,10,2024,0,1,3,0,13.0,39.0,0,1661,1611,0,131091.0
5,1,0,4,2,2,7.0,2,0,0,0,0,1,1,2025,0,1,3,0,7.0,21.0,0,1682,1567,0,120905.0
4,1,0,4,2,2,3.0,1,1,1,0,1,1,3,2024,0,4,10,0,0.75,30.0,0,1661,1567,0,95027.0
0,3,3,7,2,4,13.0,0,0,0,0,1,0,3,2022,0,1,4,0,13.0,52.0,0,1679,1551,0,113873.0
2,0,2,6,3,2,3.0,0,1,0,0,0,1,9,2024,0,2,5,0,1.5,15.0,0,1626,1595,0,93528.0
5,0,3,1,0,2,1.0,0,1,0,0,0,0,4,2022,0,1,2,0,1.0,2.0,0,1682,1551,0,160117.0
4,1,0,1,1,3,4.0,2,1,0,1,0,1,9,2022,0,3,8,0,1.3333333333333333,32.0,1,1661,1567,0,113873.0
2,1,6,1,2,1,14.0,0,0,0,1,0,0,4,2025,0,1,3,0,14.0,42.0,0,1626,676,0,61640.0
2,3,1,6,2,2,3.0,0,1,0,0,1,1,6,2025,0,3,9,0,1.0,27.0,0,1626,1531,0,122141.0
2,3,4,3,2,2,1.0,1,1,0,1,0,0,7,2023,0,2,5,0,0.5,5.0,0,1626,1611,0,86408.0
0,1,4,4,3,1,1.0,1,1,1,0,0,0,1,2026,0,2,3,0,0.5,3.0,0,1679,1611,0,90837.0
5,0,0,7,0,3,10.0,0,1,1,0,0,0,1,2020,0,2,3,0,5.0,30.0,0,1682,1567,1,169490.0
2,2,2,3,0,2,13.0,1,0,1,1,1,0,5,2025,0,3,8,1,4.333333333333333,104.0,0,1626,1595,0,93382.0
0,0,4,1,0,1,5.0,2,0,0,1,0,1,1,2021,0,2,6,0,2.5,30.0,1,1679,1611,0,113873.0
2,0,3,6,1,2,7.0,2,0,1,0,1,1,6,2026,0,3,8,0,2.333333333333333,56.0,0,1626,1551,0,120588.0
5,0,1,7,1,1,7.0,1,0,1,0,0,1,1,2022,0,2,4,0,3.5,28.0,0,1682,1531,0,107657.0
4,1,5,5,0,3,8.0,0,0,1,1,1,0,2,2026,0,3,8,1,2.6666666666666665,64.0,0,1661,1494,0,125870.0
2,1,6,4,0,2,2.0,2,0,1,1,0,1,6,2020,1,3,7,0,0.6666666666666666,14.0,1,1626,676,0,104692.0
0,0,2,0,0,2,10.0,2,0,1,0,0,1,11,2024,1,2,4,0,5.0,40.0,0,1679,1595,0,126234.0
3,3,0,1,2,1,1.0,2,0,0,1,1,1,4,2026,1,3,10,1,0.3333333333333333,10.0,1,1623,1567,0,85570.0
0,0,2,6,3,2,4.0,0,0,1,0,1,1,4,2022,1,3,8,0,1.3333333333333333,32.0,0,1679,1595,0,149720.0
2,1,0,6,1,4,2.0,0,0,1,1,1,1,6,2025,1,4,11,1,0.5,22.0,1,1626,1567,0,144895.0
2,0,3,2,2,2,7.0,1,0,1,0,1,1,5,2025,1,3,8,0,2.333333333333333,56.0,0,1626,1551,0,100672.0
1,1,0,0,1,3,6.0,0,0,1,1,1,1,3,2021,1,4,11,1,1.5,66.0,1,1714,1567,0,61640.0
5,3,1,0,2,2,12.0,0,0,1,0,0,0,2,2020,1,1,1,0,12.0,12.0,0,1682,1531,0,113873.0
5,0,4,2,2,3,7.5,1,1,1,0,1,1,9,2023,1,4,10,0,1.875,75.0,0,1682,1611,1,167092.0
5,2,2,3,1,1,1.0,0,0,1,1,0,1,4,2023,1,3,7,0,0.3333333333333333,7.0,1,1682,1595,0,116249.0
0,1,4,7,0,1,1.0,2,0,1,0,1,0,11,2022,1,2,5,0,0.5,5.0,0,1679,1611,0,113873.0
0,2,0,7,0,1,1.0,0,0,1,1,1,1,7,2026,1,4,11,1,0.25,11.0,1,1679,1567,0,113873.0
3,2,6,6,2,2,10.0,2,1,0,1,1,1,7,2021,0,4,12,1,2.5,120.0,1,1623,676,0,115562.0
4,2,0,7,1,2,1.5,2,0,0,0,1,1,4,2023,0,2,7,0,0.75,10.5,0,1661,1567,0,97705.0
1,2,0,4,0,1,3.0,1,0,1,0,0,0,7,2026,0,1,1,0,3.0,3.0,0,1714,1567,0,61640.0
2,3,2,4,3,1,6.0,1,0,1,1,0,1,2,2026,0,3,7,0,2.0,42.0,1,1626,1595,0,79077.0
4,0,5,5,0,1,11.0,2,0,1,1,0,0,11,2025,0,2,4,0,5.5,44.0,0,1661,1494,0,88263.0
5,1,2,7,1,3,13.0,1,1,0,1,1,0,6,2020,0,3,9,1,4.333333333333333,117.0,0,1682,1595,1,173818.0
0,1,5,2,3,1,2.0,0,0,0,1,0,0,11,2023,0,1,3,0,2.0,6.0,0,1679,1494,0,103913.0
2,2,2,2,3,3,3.6,0,1,1,0,0,0,1,2023,0,2,3,0,1.8,10.8,0,1626,1595,0,119475.0
4,1,6,4,2,1,4.0,2,1,1,1,1,1,6,2024,0,5,13,1,0.8,52.0,1,1661,676,0,93623.0
5,1,2,3,1,2,5.0,3,0,1,1,0,0,8,2024,0,2,4,0,2.5,20.0,0,1682,1595,0,132150.0
0,0,1,0,2,2,9.0,1,0,0,0,0,1,11,2021,0,1,3,0,9.0,27.0,0,1679,1531,0,113873.0
5,2,0,6,2,1,8.0,0,1,0,1,0,1,12,2020,0,3,8,0,2.6666666666666665,64.0,1,1682,1567,0,115796.0
0,0,2,1,0,1,8.0,2,1,1,1,1,0,9,2020,0,4,10,1,2.0,80.0,0,1679,1595,0,126544.0
3,2,5,7,3,3,7.0,2,1,0,0,0,1,1,2022,0,2,5,0,3.5,35.0,0,1623,1494,0,104544.0
4,0,5,0,1,1,6.0,1,0,1,1,1,0,11,2022,0,3,8,1,2.0,48.0,0,1661,1494,0,78041.0
2,0,2,1,1,1,12.0,1,0,1,1,0,0,2,2022,0,2,4,0,6.0,48.0,0,1626,1595,0,84200.0
0,2,2,4,0,0,3.0,1,0,1,0,0,1,9,2022,0,2,4,0,1.5,12.0,0,1679,1595,0,99630.0
1,0,5,4,2,1,0.0,2,0,1,1,0,1,12,2023,0,3,7,0,0.0,0.0,1,1714,1494,0,96300.0
2,0,0,0,2,4,3.0,0,1,1,1,0,0,10,2025,0,3,6,0,1.0,18.0,0,1626,1567,0,85376.0
2,1,0,0,3,1,7.0,2,0,0,0,1,1,8,2023,0,2,7,0,3.5,49.0,0,1626,1567,0,78479.0
5,3,1,3,0,3,7.0,3,0,1,1,0,1,1,2022,0,3,7,0,2.333333333333333,49.0,1,1682,1531,0,156961.0
0,0,2,3,0,1,13.0,0,1,1,1,1,1,2,2023,0,5,13,1,2.6,169.0,1,1679,1595,0,149216.0
5,0,0,3,0,3,7.0,2,1,1,0,1,1,9,2021,0,4,10,0,1.75,70.0,0,1682,1567,1,175690.0
2,0,1,2,2,3,1.0,1,1,1,0,0,0,9,2023,0,2,3,0,0.5,3.0,0,1626,1531,0,117153.0
4,2,2,3,1,3,7.0,2,1,1,1,0,1,11,2022,0,4,9,0,1.75,63.0,1,1661,1595,0,120280.0
3,1,3,1,0,3,5.0,2,0,1,0,0,0,8,2021,0,1,1,0,5.0,5.0,0,1623,1551,0,104484.0
4,0,0,7,1,2,9.0,0,1,1,0,1,0,6,2021,0,3,7,0,3.0,63.0,0,1661,1567,0,107512.0
0,1,5,5,2,0,8.0,2,1,0,1,1,0,12,2022,0,3,9,1,2.6666666666666665,72.0,0,1679,1494,0,113873.0
4,2,0,0,2,3,12.0,1,0,1,0,1,1,1,2022,0,3,8,0,4.0,96.0,0,1661,1567,0,124720.0
2,0,1,0,2,4,9.0,0,0,1,0,1,1,2,2020,0,3,8,0,3.0,72.0,0,1626,1531,0,90358.0
0,0,0,3,0,1,0.0,1,1,1,1,0,1,1,2022,0,4,9,0,0.0,0.0,1,1679,1567,0,61640.0
0,0,0,4,0,3,4.0,0,0,0,0,0,1,10,2024,1,1,3,0,4.0,12.0,0,1679,1567,0,148674.0
1,3,0,7,0,1,0.0,1,1,1,0,1,0,8,2021,0,3,7,0,0.0,0.0,0,1714,1567,0,64549.0
1,0,1,6,1,2,13.0,1,0,0,1,1,0,7,2021,0,2,7,1,6.5,91.0,0,1714,1531,0,125198.0
1,0,2,5,0,2,9.0,0,0,1,1,1,0,12,2024,0,3,8,1,3.0,72.0,0,1714,1595,0,100650.0
0,3,2,7,3,1,6.0,0,1,0,1,0,0,4,2026,0,2,5,0,3.0,30.0,0,1679,1595,0,88200.0
0,0,1,4,2,1,9.0,2,1,1,1,0,1,1,2020,2,4,9,0,2.25,81.0,1,1679,1531,0,133904.0
4,3,2,4,1,2,2.0,0,1,0,1,1,0,12,2026,2,3,9,1,0.6666666666666666,18.0,0,1661,1595,0,121604.0
4,0,2,0,1,1,5.0,1,0,0,1,0,0,12,2024,2,1,3,0,5.0,15.0,0,1661,1595,0,113873.0
3,1,2,3,1,2,14.0,3,0,1,0,0,1,9,2026,2,2,4,0,7.0,56.0,0,1623,1595,0,84919.0
1,3,3,5,1,1,4.0,1,1,1,0,0,0,4,2023,2,2,3,0,2.0,12.0,0,1714,1551,0,113873.0
2,3,1,1,2,1,6.0,2,0,1,1,1,0,4,2022,2,3,8,1,2.0,48.0,0,1626,1531,0,62714.0
4,2,6,7,1,1,7.0,0,1,0,0,0,1,1,2025,2,2,5,0,3.5,35.0,0,1661,676,0,74722.0
5,0,4,7,2,2,2.0,1,0,1,1,0,1,9,2025,1,3,7,0,0.6666666666666666,14.0,1,1682,1611,0,156461.0
0,3,4,4,0,4,8.0,2,0,1,1,1,0,1,2023,1,3,8,1,2.6666666666666665,64.0,0,1679,1611,1,202887.5
3,0,1,4,1,2,11.0,0,1,0,0,1,1,11,2020,1,3,9,0,3.6666666666666665,99.0,0,1623,1531,0,113873.0
3,2,4,6,1,1,10.0,0,1,0,1,1,1,1,2023,0,4,12,1,2.5,120.0,1,1623,1611,0,85363.0
0,1,0,3,0,3,7.0,0,1,1,1,0,1,8,2023,0,4,9,0,1.75,63.0,1,1679,1567,0,160356.0
2,0,0,6,0,3,2.0,3,0,1,0,0,1,3,2023,0,2,4,0,1.0,8.0,0,1626,1567,0,109761.0
4,2,1,4,0,1,5.0,1,0,0,0,1,0,12,2020,0,1,4,0,5.0,20.0,0,1661,1531,0,66700.0
1,2,1,2,1,2,11.0,0,1,0,0,1,1,7,2020,0,3,9,0,3.6666666666666665,99.0,0,1714,1531,0,92130.0
5,0,3,4,2,3,3.0,0,0,0,1,0,1,10,2020,0,2,6,0,1.5,18.0,1,1682,1551,1,188414.0
2,0,3,4,0,3,9.0,0,0,1,0,0,1,5,2025,0,2,4,0,4.5,36.0,0,1626,1551,0,99920.0
3,0,2,6,1,2,7.0,3,0,0,1,1,1,10,2021,0,3,10,1,2.333333333333333,70.0,1,1623,1595,0,134544.0
5,1,1,5,1,1,6.0,0,0,1,1,1,0,7,2022,0,3,8,1,2.0,48.0,0,1682,1531,0,115521.0
2,0,0,7,0,2,8.0,2,1,0,1,1,1,7,2023,0,4,12,1,2.0,96.0,1,1626,1567,0,138175.0
0,0,3,0,2,4,4.0,2,0,1,0,1,0,12,2022,0,2,5,0,2.0,20.0,0,1679,1551,0,154757.0
5,0,2,4,1,2,7.7,1,0,1,1,0,0,6,2022,0,2,4,0,3.85,30.8,0,1682,1595,0,114789.0
0,3,3,4,2,1,9.0,0,1,1,0,1,1,12,2026,0,4,10,0,2.25,90.0,0,1679,1551,0,114160.0
0,1,0,0,2,3,7.0,2,0,0,0,1,0,7,2026,0,1,4,0,7.0,28.0,0,1679,1567,0,156746.0
4,0,3,0,2,1,3.0,0,0,1,1,1,0,11,2025,0,3,8,1,1.0,24.0,0,1661,1551,0,78871.0
1,0,1,5,1,1,3.0,0,1,0,1,0,1,7,2020,0,3,8,0,1.0,24.0,1,1714,1531,0,86941.0
2,0,1,1,0,3,10.0,1,0,0,1,0,0,1,2024,0,1,3,0,10.0,30.0,0,1626,1531,0,139955.0
2,2,5,5,1,1,7.2,1,1,1,1,1,0,2,2026,0,4,10,1,1.8,72.0,0,1626,1494,0,80409.0
2,0,5,1,2,3,10.0,1,1,0,1,1,1,8,2024,0,4,12,1,2.5,120.0,1,1626,1494,0,136409.0
4,0,5,6,2,1,7.0,3,0,1,0,0,1,5,2025,0,2,4,0,3.5,28.0,0,1661,1494,0,61640.0
3,0,4,1,3,2,0.0,1,1,1,0,0,0,10,2022,0,2,3,0,0.0,0.0,0,1623,1611,0,113873.0
5,0,5,0,2,4,7.0,0,0,0,0,1,0,10,2022,0,1,4,0,7.0,28.0,0,1682,1494,0,113873.0
5,2,1,3,3,1,3.0,0,1,1,1,0,1,8,2023,1,4,9,0,0.75,27.0,1,1682,1531,0,118633.0
3,3,1,3,0,1,5.6,1,1,1,1,1,1,6,2023,1,5,13,1,1.12,72.8,1,1623,1531,0,89989.0
5,0,0,5,2,3,12.0,1,0,1,1,1,0,4,2021,1,3,8,1,4.0,96.0,0,1682,1567,1,167910.0
2,1,3,0,2,2,8.0,0,1,1,1,1,1,5,2020,0,5,13,1,1.6,104.0,1,1626,1551,0,100501.0
4,2,2,3,0,3,5.0,0,1,1,0,0,1,1,2020,0,3,6,0,1.6666666666666667,30.0,0,1661,1595,0,108710.0
0,3,4,4,1,3,3.0,0,0,0,1,0,0,4,2025,0,1,3,0,3.0,9.0,0,1679,1611,0,155424.0
5,2,1,2,2,4,14.0,1,0,0,0,0,1,9,2022,0,1,3,0,14.0,42.0,0,1682,1531,0,111312.0
0,0,2,6,2,2,12.0,0,1,1,0,1,1,11,2022,0,4,10,0,3.0,120.0,0,1679,1595,1,202887.5
4,0,2,4,3,1,8.0,1,0,1,1,0,0,12,2022,0,2,4,0,4.0,32.0,0,1661,1595,0,83988.0
3,0,5,6,0,2,2.0,1,0,1,1,0,0,1,2022,0,2,4,0,1.0,8.0,0,1623,1494,0,98146.0
0,2,2,2,2,1,2.0,0,1,1,0,0,0,4,2024,0,2,3,0,1.0,6.0,0,1679,1595,0,93679.0
5,0,1,3,1,4,9.0,2,0,0,0,1,1,5,2021,0,2,7,0,4.5,63.0,0,1682,1531,0,142106.0
1,2,4,3,1,4,5.0,0,0,0,1,0,1,5,2026,0,2,6,0,2.5,30.0,1,1714,1611,0,122000.0
3,0,2,0,2,4,1.0,2,1,1,1,0,0,11,2023,1,3,6,0,0.3333333333333333,6.0,0,1623,1595,0,113873.0
3,2,0,1,0,2,7.0,2,1,1,1,1,1,12,2022,1,5,13,1,1.4,91.0,1,1623,1567,0,111091.0
0,2,3,2,2,1,13.0,1,0,0,1,1,0,1,2026,1,2,7,1,6.5,91.0,0,1679,1551,0,119773.0
5,1,6,1,2,3,3.0,0,1,1,1,0,1,11,2023,0,4,9,0,0.75,27.0,1,1682,676,0,161528.0
5,0,2,2,2,2,4.0,0,1,1,0,0,1,4,2026,0,3,6,0,1.3333333333333333,24.0,0,1682,1595,0,144237.0
5,1,1,0,2,1,2.0,2,1,0,1,1,0,7,2025,0,3,9,1,0.6666666666666666,18.0,0,1682,1531,0,118800.0
3,0,3,1,1,3,12.0,0,0,0,1,0,0,7,2021,0,1,3,0,12.0,36.0,0,1623,1551,0,139551.0
0,2,2,6,2,1,3.0,0,0,1,1,1,1,1,2022,0,4,11,1,0.75,33.0,1,1679,1595,0,128457.0
5,2,4,1,0,2,7.0,2,0,1,0,0,0,1,2025,0,1,1,0,7.0,7.0,0,1682,1611,0,114506.0
1,1,4,6,1,3,8.0,2,1,0,1,1,0,1,2023,0,3,9,1,2.6666666666666665,72.0,0,1714,1611,0,113873.0
5,3,4,1,1,2,6.0,1,1,1,0,1,0,1,2023,0,3,7,0,2.0,42.0,0,1682,1611,0,130054.0
2,1,2,0,1,1,7.0,0,1,1,1,0,0,4,2026,0,3,6,0,2.333333333333333,42.0,0,1626,1595,0,61753.0
0,1,2,7,1,2,4.0,0,1,0,1,0,1,7,2024,0,3,8,0,1.3333333333333333,32.0,1,1679,1595,0,61640.0
3,2,3,0,0,3,5.4,2,0,1,0,0,0,11,2024,0,1,1,0,5.4,5.4,0,1623,1551,0,111103.0
2,3,5,6,1,2,7.0,2,0,1,0,0,1,8,2026,2,2,4,0,3.5,28.0,0,1626,1494,0,75990.0
5,0,0,4,1,2,7.0,1,1,1,0,1,1,2,2026,2,4,10,0,1.75,70.0,0,1682,1567,1,202887.5
0,1,0,2,1,3,10.0,0,0,1,0,0,1,5,2022,2,2,4,0,5.0,40.0,0,1679,1567,0,140029.0
0,1,6,7,0,2,4.0,2,1,0,0,0,1,1,2026,2,2,5,0,2.0,20.0,0,1679,676,0,120004.0
5,0,3,0,0,2,6.0,2,0,0,0,0,1,6,2023,2,1,3,0,6.0,18.0,0,1682,1551,0,142600.0
1,1,4,3,1,3,7.0,0,1,0,1,0,0,8,2025,2,2,5,0,3.5,35.0,0,1714,1611,0,114081.0
4,0,1,6,3,1,10.0,2,1,1,1,0,1,7,2023,2,4,9,0,2.5,90.0,1,1661,1531,0,68227.0
5,0,2,1,2,2,8.0,0,0,1,1,1,0,3,2020,2,3,8,1,2.6666666666666665,64.0,0,1682,1595,0,152086.0
3,0,4,1,0,3,13.0,2,1,1,1,0,1,1,2026,2,4,9,0,3.25,117.0,1,1623,1611,0,145131.0
3,0,4,2,0,3,7.0,3,1,1,1,0,1,2,2024,2,4,9,0,1.75,63.0,1,1623,1611,0,121996.0
3,0,0,2,2,2,14.0,2,0,1,0,0,0,7,2024,2,1,1,0,14.0,14.0,0,1623,1567,0,92726.0
4,1,5,1,3,4,12.0,0,1,0,0,0,1,3,2026,2,2,5,0,6.0,60.0,0,1661,1494,0,113873.0
5,0,3,4,1,3,12.4,3,1,1,0,1,0,1,2026,2,3,7,0,4.133333333333334,86.8,0,1682,1551,1,178924.0
2,0,6,2,1,3,7.0,0,1,1,1,1,1,1,2024,2,5,13,1,1.4,91.0,1,1626,676,0,61640.0
5,2,4,3,2,2,7.0,3,0,1,1,1,1,12,2025,2,4,11,1,1.75,77.0,1,1682,1611,0,113873.0
3,2,2,5,0,2,6.0,1,1,0,1,1,0,1,2022,2,3,9,1,2.0,54.0,0,1623,1595,0,101852.0
4,1,3,5,0,2,6.0,0,0,1,1,1,1,6,2020,2,4,11,1,1.5,66.0,1,1661,1551,0,103671.0
4,3,4,4,0,2,14.6,1,1,1,0,0,0,12,2021,2,2,3,0,7.3,43.8,0,1661,1611,0,70950.0
5,3,3,5,3,3,10.0,2,0,1,1,0,1,12,2025,2,3,7,0,3.333333333333333,70.0,1,1682,1551,1,202887.5
0,0,4,1,0,1,8.8,0,0,0,0,0,1,9,2021,2,1,3,0,8.8,26.4,0,1679,1611,0,96934.0
2,2,5,5,0,3,10.0,0,0,1,1,1,1,10,2023,2,4,11,1,2.5,110.0,1,1626,1494,0,140997.0
5,2,0,0,1,3,13.0,1,0,1,0,0,1,4,2023,2,2,4,0,6.5,52.0,0,1682,1567,0,152906.0
1,2,2,4,3,2,13.0,0,1,0,1,0,1,3,2025,2,3,8,0,4.333333333333333,104.0,1,1714,1595,0,113247.0
2,0,1,1,0,3,8.0,0,0,1,1,1,1,6,2021,2,4,11,1,2.0,88.0,1,1626,1531,0,135978.0
4,0,5,6,1,3,8.0,0,0,0,1,0,1,1,2023,2,2,6,0,4.0,48.0,1,1661,1494,0,113873.0
4,0,0,1,0,2,8.0,1,1,1,1,1,0,5,2023,2,4,10,1,2.0,80.0,0,1661,1567,0,113873.0
3,0,4,6,2,3,1.0,0,1,1,1,0,1,5,2026,2,4,9,0,0.25,9.0,1,1623,1611,0,142686.0
5,2,2,3,2,3,13.0,0,0,0,1,1,1,6,2020,2,3,10,1,4.333333333333333,130.0,1,1682,1595,1,179604.0
4,0,3,1,1,3,9.0,2,0,0,1,0,1,2,2026,2,2,6,0,4.5,54.0,1,1661,1551,0,113140.0
2,0,0,2,1,2,7.0,1,1,1,1,1,1,5,2023,2,5,13,1,1.4,91.0,1,1626,1567,0,116614.0
5,1,2,6,0,4,10.0,2,0,1,1,1,0,1,2020,2,3,8,1,3.333333333333333,80.0,0,1682,1595,1,166895.0
0,0,5,6,2,1,5.0,2,0,1,0,1,1,10,2023,1,3,8,0,1.6666666666666667,40.0,0,1679,1494,0,110516.0
5,0,3,1,1,1,7.0,0,0,0,1,0,1,1,2025,0,2,6,0,3.5,42.0,1,1682,1551,0,112368.0
1,2,5,1,2,3,4.0,1,1,1,1,1,0,2,2020,0,4,10,1,1.0,40.0,0,1714,1494,0,128407.0
3,3,0,0,0,0,8.0,2,0,1,1,1,1,4,2020,0,4,11,1,2.0,88.0,1,1623,1567,0,89200.0
2,0,3,1,1,4,7.0,0,1,1,1,0,1,9,2025,0,4,9,0,1.75,63.0,1,1626,1551,1,202887.5
3,1,1,3,1,2,7.0,3,1,0,1,0,1,12,2023,0,3,8,0,2.333333333333333,56.0,1,1623,1531,0,102851.0
4,0,1,4,0,3,7.0,0,1,1,1,1,1,11,2020,0,5,13,1,1.4,91.0,1,1661,1531,0,141714.0
0,0,2,3,0,3,3.0,1,0,1,0,0,0,5,2025,1,1,1,0,3.0,3.0,0,1679,1595,0,144920.0
0,1,1,2,2,3,8.0,1,1,1,0,0,1,3,2022,1,3,6,0,2.6666666666666665,48.0,0,1679,1531,1,167505.0
1,0,3,1,1,2,1.0,0,1,1,1,1,0,11,2026,1,4,10,1,0.25,10.0,0,1714,1551,0,113873.0
5,0,2,0,3,1,7.0,2,1,0,1,1,1,6,2024,1,4,12,1,1.75,84.0,1,1682,1595,0,115615.0
4,0,1,1,0,1,7.0,0,1,1,1,1,0,4,2023,1,4,10,1,1.75,70.0,0,1661,1531,0,85403.0
3,0,2,6,2,3,8.0,2,0,1,1,1,1,8,2020,1,4,11,1,2.0,88.0,1,1623,1595,0,135724.0
2,1,4,0,0,3,4.0,2,0,0,0,1,1,8,2025,1,2,7,0,2.0,28.0,0,1626,1611,0,121646.0
4,1,0,6,0,3,5.0,2,1,0,0,0,1,7,2021,1,2,5,0,2.5,25.0,0,1661,1567,0,111914.0
5,0,2,6,2,1,8.0,1,1,0,1,0,0,11,2022,1,2,5,0,4.0,40.0,0,1682,1595,0,125086.0
1,2,5,6,1,1,1.0,2,1,1,1,0,1,1,2023,1,4,9,0,0.25,9.0,1,1714,1494,0,79183.0
0,0,2,5,0,3,9.0,3,0,0,1,1,1,2,2023,1,3,10,1,3.0,90.0,1,1679,1595,1,202523.0
5,0,5,5,0,2,6.0,1,0,1,0,1,0,12,2023,1,2,5,0,3.0,30.0,0,1682,1494,0,128582.0
5,0,4,0,2,1,7.0,2,1,1,1,0,1,12,2023,1,4,9,0,1.75,63.0,1,1682,1611,0,154345.0
3,2,1,2,2,2,1.0,0,0,1,0,1,0,4,2024,1,2,5,0,0.5,5.0,0,1623,1531,0,85577.0
0,3,0,6,0,2,10.0,1,1,1,0,1,1,2,2024,1,4,10,0,2.5,100.0,0,1679,1567,0,143775.0
0,2,1,2,3,3,14.0,0,1,1,1,1,0,12,2020,1,4,10,1,3.5,140.0,0,1679,1531,1,181373.0
0,3,1,7,1,1,12.0,1,1,1,0,1,0,10,2025,0,3,7,0,4.0,84.0,0,1679,1531,0,124326.0
1,1,3,4,2,3,11.0,1,1,1,1,0,0,10,2020,0,3,6,0,3.6666666666666665,66.0,0,1714,1551,0,112038.0
1,3,0,1,0,2,7.0,0,0,1,0,0,1,10,2020,0,2,4,0,3.5,28.0,0,1714,1567,0,88656.0
4,1,4,3,0,2,10.0,2,0,0,1,1,1,8,2020,1,3,10,1,3.333333333333333,100.0,1,1661,1611,0,115100.0
1,0,3,7,1,1,8.0,1,1,1,1,1,0,6,2023,1,4,10,1,2.0,80.0,0,1714,1551,0,113873.0
2,0,3,2,3,3,14.2,0,0,1,1,1,0,6,2023,0,3,8,1,4.733333333333333,113.6,0,1626,1551,0,147927.0
1,1,2,1,1,3,3.0,1,0,1,1,0,0,2,2023,0,2,4,0,1.5,12.0,0,1714,1595,0,119672.0
4,1,5,3,1,2,3.7,0,0,1,1,1,1,11,2023,0,4,11,1,0.925,40.7,1,1661,1494,0,118587.0
5,1,4,3,0,1,14.0,3,0,0,1,0,1,3,2020,0,2,6,0,7.0,84.0,1,1682,1611,0,112323.0
3,0,4,4,0,3,9.0,0,0,1,1,0,1,10,2026,0,3,7,0,3.0,63.0,1,1623,1611,0,129047.0
5,3,4,3,2,3,13.0,0,1,1,0,1,1,9,2022,0,4,10,0,3.25,130.0,0,1682,1611,1,163974.0
0,2,0,1,0,4,10.0,1,0,0,0,1,1,3,2023,0,2,7,0,5.0,70.0,0,1679,1567,0,131989.0
1,0,4,4,0,3,7.0,0,1,0,1,1,0,9,2023,0,3,9,1,2.333333333333333,63.0,0,1714,1611,0,146878.0
1,0,3,7,2,3,8.0,0,0,1,1,1,1,4,2022,0,4,11,1,2.0,88.0,1,1714,1551,0,138667.0
0,2,0,2,2,2,2.0,2,1,1,0,0,0,6,2021,0,2,3,0,1.0,6.0,0,1679,1567,0,128790.0
1,3,4,1,0,2,10.0,2,0,1,1,0,1,11,2023,0,3,7,0,3.333333333333333,70.0,1,1714,1611,0,97987.0
4,0,1,0,1,2,6.0,1,0,1,0,0,1,6,2023,1,2,4,0,3.0,24.0,0,1661,1531,0,102173.0
0,2,2,6,1,2,10.0,1,0,0,1,0,0,6,2026,1,1,3,0,10.0,30.0,0,1679,1595,0,129511.0
4,1,0,4,0,3,2.0,1,0,0,0,0,1,11,2021,1,1,3,0,2.0,6.0,0,1661,1567,0,98515.0
4,1,0,1,2,2,9.0,3,1,1,1,1,1,8,2023,1,5,13,1,1.8,117.0,1,1661,1567,0,115411.0
3,1,0,4,2,2,10.0,2,0,0,1,0,0,12,2023,0,1,3,0,10.0,30.0,0,1623,1567,0,91786.0
0,0,0,7,0,1,7.0,1,0,0,1,0,1,1,2026,0,2,6,0,3.5,42.0,1,1679,1567,0,114600.0
5,0,2,1,3,4,0.0,2,0,1,1,0,1,1,2020,0,3,7,0,0.0,0.0,1,1682,1595,1,164547.0
1,0,2,3,3,4,6.0,2,0,0,1,0,1,1,2022,0,2,6,0,3.0,36.0,1,1714,1595,0,113873.0
0,1,2,6,0,1,12.0,1,1,1,1,0,0,4,2020,0,3,6,0,4.0,72.0,0,1679,1595,0,104457.0
3,0,2,3,2,1,14.0,0,0,1,1,1,0,1,2023,0,3,8,1,4.666666666666667,112.0,0,1623,1595,0,78185.0
5,2,0,0,3,1,1.0,0,1,1,0,1,0,9,2026,0,3,7,0,0.3333333333333333,7.0,0,1682,1567,0,101762.0
1,3,4,5,0,1,13.0,3,0,1,1,0,1,6,2020,2,3,7,0,4.333333333333333,91.0,1,1714,1611,0,75187.0
2,0,2,6,3,3,7.0,1,1,1,0,0,1,12,2024,2,3,6,0,2.333333333333333,42.0,0,1626,1595,0,117434.0
1,2,0,0,2,3,7.0,1,0,1,1,0,0,11,2021,2,2,4,0,3.5,28.0,0,1714,1567,0,113883.0
0,0,0,7,0,4,0.3,2,0,0,1,0,1,9,2024,2,2,6,0,0.15,1.7999999999999998,1,1679,1567,0,145865.0
1,0,0,5,2,4,9.0,0,1,1,0,1,0,5,2025,2,3,7,0,3.0,63.0,0,1714,1567,0,64231.0
2,0,2,7,0,3,11.0,2,0,1,1,0,0,8,2022,2,2,4,0,5.5,44.0,0,1626,1595,0,121958.0
0,1,1,5,1,1,2.0,2,1,1,1,0,1,11,2022,1,4,9,0,0.5,18.0,1,1679,1531,0,113873.0
2,0,1,2,0,1,0.0,2,0,0,1,0,1,3,2023,1,2,6,0,0.0,0.0,1,1626,1531,0,90284.0
1,0,0,3,0,1,3.0,2,1,1,0,1,0,3,2022,1,3,7,0,1.0,21.0,0,1714,1567,0,87121.0
2,1,1,4,0,4,4.9,3,0,1,1,1,0,10,2026,1,3,8,1,1.6333333333333335,39.2,0,1626,1531,0,84281.0
2,1,0,4,1,3,7.0,3,1,0,0,1,1,1,2021,1,3,9,0,2.333333333333333,63.0,0,1626,1567,0,121813.0
0,2,0,6,1,2,7.0,1,1,0,0,1,1,1,2024,1,3,9,0,2.333333333333333,63.0,0,1679,1567,0,142237.0
1,2,4,2,0,3,7.0,0,1,1,1,0,0,6,2026,1,3,6,0,2.333333333333333,42.0,0,1714,1611,0,118328.0
0,1,0,1,1,3,7.0,2,0,1,0,0,1,1,2023,1,2,4,0,3.5,28.0,0,1679,1567,1,169116.0
1,0,1,6,1,2,4.0,2,1,1,1,1,1,12,2021,0,5,13,1,0.8,52.0,1,1714,1531,0,103376.0
0,0,1,3,1,2,6.0,0,0,1,0,0,1,1,2024,0,2,4,0,3.0,24.0,0,1679,1531,0,141251.0
4,0,0,1,3,2,7.0,1,1,1,1,0,0,1,2020,0,3,6,0,2.333333333333333,42.0,0,1661,1567,0,114934.0
4,0,2,4,2,1,1.0,0,1,0,0,1,1,10,2020,1,3,9,0,0.3333333333333333,9.0,0,1661,1595,0,87401.0
4,3,1,0,3,3,12.0,2,0,1,0,1,1,1,2024,1,3,8,0,4.0,96.0,0,1661,1531,0,61640.0
0,2,3,3,0,1,3.0,1,0,1,0,0,0,11,2021,1,1,1,0,3.0,3.0,0,1679,1551,0,89167.0
4,1,5,1,0,3,7.0,3,0,1,1,1,1,1,2024,1,4,11,1,1.75,77.0,1,1661,1494,0,136382.0
2,3,2,0,0,3,5.0,1,1,1,1,1,1,10,2024,1,5,13,1,1.0,65.0,1,1626,1595,1,162897.0
4,2,2,0,1,2,9.0,0,0,0,1,0,1,3,2025,1,2,6,0,4.5,54.0,1,1661,1595,0,84193.0
0,0,1,7,2,1,0.8,0,1,1,0,0,0,12,2026,1,2,3,0,0.4,2.4000000000000004,0,1679,1531,0,112008.0
3,0,3,1,0,3,3.0,0,1,1,0,1,1,5,2020,1,4,10,0,0.75,30.0,0,1623,1551,0,140808.0
5,2,5,5,1,3,8.0,3,0,0,0,1,0,5,2020,1,1,4,0,8.0,32.0,0,1682,1494,0,151181.0
1,0,3,3,1,2,7.0,2,0,0,0,1,1,5,2026,1,2,7,0,3.5,49.0,0,1714,1551,0,113873.0
1,1,1,6,0,2,4.0,2,0,1,0,0,1,8,2020,1,2,4,0,2.0,16.0,0,1714,1531,0,81113.0
5,1,4,5,0,1,12.0,1,1,1,0,1,1,11,2020,1,4,10,0,3.0,120.0,0,1682,1611,0,116140.0
0,2,4,5,2,2,11.0,2,0,0,0,1,1,6,2024,1,2,7,0,5.5,77.0,0,1679,1611,0,135448.0
5,0,1,1,1,2,6.0,3,1,0,1,1,1,4,2026,1,4,12,1,1.5,72.0,1,1682,1531,0,113873.0
2,1,3,3,1,1,2.0,1,1,1,1,1,0,10,2020,1,4,10,1,0.5,20.0,0,1626,1551,0,77709.0
1,0,4,6,2,3,7.0,0,0,1,1,1,1,6,2022,1,4,11,1,1.75,77.0,1,1714,1611,0,138474.0
2,0,2,7,0,3,9.0,1,1,1,1,1,1,5,2025,0,5,13,1,1.8,117.0,1,1626,1595,0,155323.0
5,0,5,4,1,1,6.0,1,1,1,1,1,0,11,2026,0,4,10,1,1.5,60.0,0,1682,1494,0,136586.0
1,0,5,6,0,2,7.0,3,0,1,0,0,1,1,2025,0,2,4,0,3.5,28.0,0,1714,1494,0,100065.0
0,0,5,4,2,4,2.0,1,1,1,0,0,1,9,2022,0,3,6,0,0.6666666666666666,12.0,0,1679,1494,0,155679.0
2,1,2,2,0,2,12.0,0,0,1,1,0,1,1,2022,0,3,7,0,4.0,84.0,1,1626,1595,0,113873.0
2,0,2,3,2,2,5.0,2,0,0,1,1,0,8,2025,0,2,7,1,2.5,35.0,0,1626,1595,0,113873.0
0,2,4,2,2,2,4.0,1,1,1,1,1,1,10,2023,0,5,13,1,0.8,52.0,1,1679,1611,0,158100.0
3,0,2,0,2,2,11.0,0,0,1,1,0,0,1,2022,0,2,4,0,5.5,44.0,0,1623,1595,0,90463.0
4,0,4,1,2,2,9.0,2,0,0,0,0,1,1,2025,0,1,3,0,9.0,27.0,0,1661,1611,0,84730.0
3,0,5,1,1,3,9.0,0,0,1,0,0,0,1,2023,0,1,1,0,9.0,9.0,0,1623,1494,0,112738.0
4,0,4,4,2,3,4.0,0,0,0,1,0,1,10,2025,0,2,6,0,2.0,24.0,1,1661,1611,1,202887.5
0,2,2,2,2,2,10.0,2,0,0,1,1,0,12,2026,0,2,7,1,5.0,70.0,0,1679,1595,0,145311.0
2,0,3,6,1,3,0.0,2,0,1,1,1,0,10,2026,0,3,8,1,0.0,0.0,0,1626,1551,0,148750.0
1,0,1,0,0,4,2.0,0,0,0,1,1,0,10,2020,1,2,7,1,1.0,14.0,0,1714,1531,0,146800.0
5,1,0,6,2,1,7.0,3,0,0,0,1,1,4,2020,1,2,7,0,3.5,49.0,0,1682,1567,0,119701.0
6,0,6,1,0,1,14.0,2,1,0,0,0,0,10,2022,1,1,2,0,14.0,28.0,0,40,676,0,106049.0
0,0,4,3,2,3,13.0,0,0,0,1,0,0,10,2022,1,1,3,0,13.0,39.0,0,1679,1611,0,156490.0
0,1,6,4,0,3,7.0,1,1,1,1,1,1,11,2020,1,5,13,1,1.4,91.0,1,1679,676,1,177300.0
5,0,3,5,1,1,2.0,2,1,1,1,0,0,1,2024,1,3,6,0,0.6666666666666666,12.0,0,1682,1551,0,113873.0
0,2,1,5,1,1,10.0,2,1,1,0,1,0,1,2024,1,3,7,0,3.333333333333333,70.0,0,1679,1531,0,104956.0
0,0,2,2,0,2,13.0,2,0,0,0,0,1,3,2024,1,1,3,0,13.0,39.0,0,1679,1595,0,122869.0
2,0,5,5,2,1,7.0,1,0,1,0,1,0,10,2020,1,2,5,0,3.5,35.0,0,1626,1494,0,84029.0
3,0,1,4,1,2,1.0,1,1,1,1,1,1,7,2026,1,5,13,1,0.2,13.0,1,1623,1531,0,115785.0
4,1,2,2,1,3,0.0,1,0,0,0,1,1,3,2026,0,2,7,0,0.0,0.0,0,1661,1595,0,117966.0
1,2,5,5,2,3,0.0,2,0,0,1,0,0,11,2021,0,1,3,0,0.0,0.0,0,1714,1494,1,202887.5
2,0,0,2,0,1,11.0,0,0,1,1,0,0,4,2021,0,2,4,0,5.5,44.0,0,1626,1567,0,98703.0
2,0,3,4,1,1,5.0,0,1,0,1,1,0,4,2025,0,3,9,1,1.6666666666666667,45.0,0,1626,1551,0,84298.0
2,1,2,1,0,1,12.0,1,0,1,1,1,0,7,2021,0,3,8,1,4.0,96.0,0,1626,1595,0,77397.0
1,0,0,5,0,4,12.0,0,0,1,0,0,0,3,2026,0,1,1,0,12.0,12.0,0,1714,1567,1,202887.5
5,2,5,1,3,1,1.0,1,1,1,1,1,0,1,2025,0,4,10,1,0.25,10.0,0,1682,1494,0,124441.0
3,0,1,1,2,1,4.0,2,0,0,0,0,1,5,2022,0,1,3,0,4.0,12.0,0,1623,1531,0,76566.0
1,0,2,5,1,1,9.0,1,1,0,1,0,0,4,2025,2,2,5,0,4.5,45.0,0,1714,1595,0,89504.0
0,0,2,2,2,1,10.0,1,1,1,0,1,0,12,2022,2,3,7,0,3.333333333333333,70.0,0,1679,1595,0,126217.0
3,2,6,2,0,4,11.0,0,0,1,0,0,1,12,2026,2,2,4,0,5.5,44.0,0,1623,676,0,61640.0
3,2,1,0,1,3,12.0,1,0,0,1,0,1,12,2026,2,2,6,0,6.0,72.0,1,1623,1531,0,135590.0
5,2,3,4,1,3,5.0,0,1,1,0,0,1,12,2024,2,3,6,0,1.6666666666666667,30.0,0,1682,1551,0,148235.0
3,2,3,6,1,3,3.0,2,0,1,1,0,0,8,2021,1,2,4,0,1.5,12.0,0,1623,1551,0,104689.0
4,2,0,5,1,1,2.0,2,1,1,1,0,1,2,2022,1,4,9,0,0.5,18.0,1,1661,1567,0,77850.0
1,1,5,2,0,4,4.0,0,0,1,1,0,1,10,2026,1,3,7,0,1.3333333333333333,28.0,1,1714,1494,0,71000.0
5,1,5,3,0,4,1.3,1,1,1,1,1,1,10,2021,1,5,13,1,0.26,16.900000000000002,1,1682,1494,0,159972.0
3,0,5,1,0,3,7.0,2,0,1,0,0,0,11,2020,2,1,1,0,7.0,7.0,0,1623,1494,0,104271.0
4,3,1,1,0,2,7.0,3,0,1,0,0,1,11,2024,2,2,4,0,3.5,28.0,0,1661,1531,0,89715.0
1,2,3,6,0,4,12.0,2,0,0,0,0,1,11,2026,2,1,3,0,12.0,36.0,0,1714,1551,0,113873.0
0,0,0,4,1,2,6.0,1,1,1,1,1,1,3,2024,2,5,13,1,1.2,78.0,1,1679,1567,0,113873.0
2,0,0,3,0,3,14.5,1,0,1,0,1,1,8,2025,2,3,8,0,4.833333333333333,116.0,0,1626,1567,0,140435.0
4,1,4,3,2,3,14.0,0,0,0,1,0,0,2,2022,2,1,3,0,14.0,42.0,0,1661,1611,0,113873.0
0,3,2,6,3,2,7.0,0,0,0,1,1,1,4,2024,2,3,10,1,2.333333333333333,70.0,1,1679,1595,1,172808.0
4,0,2,2,3,3,13.8,1,0,0,0,0,1,4,2024,2,1,3,0,13.8,41.400000000000006,0,1661,1595,0,111263.0
4,2,3,1,0,1,4.0,3,0,0,1,0,1,1,2024,2,2,6,0,2.0,24.0,1,1661,1551,0,79081.0
2,2,1,2,1,3,4.0,0,0,0,0,0,1,7,2021,2,1,3,0,4.0,12.0,0,1626,1531,0,127625.0
2,1,3,7,2,4,7.0,2,1,1,0,0,1,1,2022,2,3,6,0,2.333333333333333,42.0,0,1626,1551,0,101796.0
5,0,5,4,0,3,13.0,1,1,1,0,0,1,8,2020,2,3,6,0,4.333333333333333,78.0,0,1682,1494,0,113873.0
4,3,3,6,2,1,7.0,0,1,0,0,0,1,5,2025,2,2,5,0,3.5,35.0,0,1661,1551,0,61640.0
0,0,0,6,2,1,1.0,3,0,0,0,1,1,10,2020,2,2,7,0,0.5,7.0,0,1679,1567,0,131561.0
0,2,3,6,1,2,14.0,0,1,0,1,0,0,5,2024,2,2,5,0,7.0,70.0,0,1679,1551,0,130448.0
1,0,4,5,1,2,7.0,0,0,1,1,0,1,6,2025,2,3,7,0,2.333333333333333,49.0,1,1714,1611,0,101474.0
5,0,2,7,0,3,14.0,2,1,1,1,1,1,5,2024,2,5,13,1,2.8,182.0,1,1682,1595,1,182236.0
3,0,6,7,2,2,7.0,1,1,1,0,0,0,11,2025,2,2,3,0,3.5,21.0,0,1623,676,0,71217.0
4,1,1,4,2,0,13.0,2,1,0,1,0,1,12,2025,0,3,8,0,4.333333333333333,104.0,1,1661,1531,0,66113.0
5,0,6,6,1,2,10.0,2,1,1,1,0,1,1,2023,0,4,9,0,2.5,90.0,1,1682,676,0,147981.0
0,0,1,6,2,3,2.0,2,0,1,0,0,1,4,2020,1,2,4,0,1.0,8.0,0,1679,1531,1,174087.0
2,1,2,2,1,1,7.0,1,1,1,0,1,0,3,2026,0,3,7,0,2.333333333333333,49.0,0,1626,1595,0,66174.0
5,1,0,2,1,2,12.0,1,0,1,1,1,1,10,2026,0,4,11,1,3.0,132.0,1,1682,1567,0,143714.0
4,2,2,2,1,1,7.0,2,1,1,0,1,1,4,2020,0,4,10,0,1.75,70.0,0,1661,1595,0,113873.0
3,0,0,5,1,1,8.0,0,1,0,0,0,1,4,2025,0,2,5,0,4.0,40.0,0,1623,1567,0,61640.0
1,2,0,1,2,1,0.0,2,0,1,0,0,1,6,2022,0,2,4,0,0.0,0.0,0,1714,1567,0,61640.0
5,0,1,2,2,3,11.0,1,0,1,1,0,0,12,2020,0,2,4,0,5.5,44.0,0,1682,1531,1,178452.0
4,0,1,4,1,2,13.0,2,0,1,0,0,0,6,2025,0,1,1,0,13.0,13.0,0,1661,1531,0,76337.0
4,2,1,4,2,3,4.0,1,0,0,1,0,1,1,2026,0,2,6,0,2.0,24.0,1,1661,1531,0,118095.0
5,1,5,1,0,0,7.0,0,1,1,1,1,1,4,2024,0,5,13,1,1.4,91.0,1,1682,1494,0,130716.0
4,2,1,4,0,3,14.0,2,1,0,1,0,1,8,2023,0,3,8,0,4.666666666666667,112.0,1,1661,1531,0,113873.0
3,0,1,2,1,3,7.0,2,1,1,1,0,1,5,2024,0,4,9,0,1.75,63.0,1,1623,1531,0,155734.0
1,2,1,1,0,3,14.0,0,0,0,1,0,0,11,2023,0,1,3,0,14.0,42.0,0,1714,1531,0,61640.0
2,3,4,5,1,2,1.0,3,1,0,1,1,0,9,2024,0,3,9,1,0.3333333333333333,9.0,0,1626,1611,0,104341.0
1,0,3,7,1,1,5.0,1,1,1,0,0,1,1,2026,0,3,6,0,1.6666666666666667,30.0,0,1714,1551,0,71824.0
3,3,0,7,1,1,12.0,2,1,1,1,1,0,1,2021,0,4,10,1,3.0,120.0,0,1623,1567,0,99865.0
3,2,6,7,2,3,6.0,0,1,0,1,1,1,11,2024,0,4,12,1,1.5,72.0,1,1623,676,0,141277.0
5,0,4,1,1,3,14.7,2,0,1,1,0,0,2,2025,0,2,4,0,7.35,58.8,0,1682,1611,0,158570.0
3,1,2,5,1,4,4.0,0,0,0,1,1,0,2,2025,0,2,7,1,2.0,28.0,0,1623,1595,0,77900.0
1,0,5,5,3,2,2.0,0,1,1,1,1,0,5,2024,0,4,10,1,0.5,20.0,0,1714,1494,0,128100.0
3,0,1,6,1,2,6.0,0,1,0,1,1,1,8,2025,0,4,12,1,1.5,72.0,1,1623,1531,0,130925.0
4,2,0,1,2,1,9.0,0,0,0,0,1,1,8,2025,2,2,7,0,4.5,63.0,0,1661,1567,0,75482.0
2,0,4,4,0,3,14.0,0,0,1,1,0,1,5,2023,2,3,7,0,4.666666666666667,98.0,1,1626,1611,0,124201.0
0,0,1,1,1,1,7.0,2,1,0,1,0,0,12,2022,2,2,5,0,3.5,35.0,0,1679,1531,0,103324.0
4,2,3,5,2,2,3.0,3,1,0,0,0,1,9,2022,2,2,5,0,1.5,15.0,0,1661,1551,0,80975.0
1,0,4,6,2,2,7.0,1,0,0,1,0,1,5,2021,1,2,6,0,3.5,42.0,1,1714,1611,0,96502.0
6,1,4,4,1,2,3.0,2,1,0,1,1,0,11,2022,0,3,9,1,1.0,27.0,0,40,1611,0,61640.0
3,2,0,6,1,2,12.0,2,1,0,0,0,0,7,2025,0,1,2,0,12.0,24.0,0,1623,1567,0,71459.0
3,1,0,0,0,1,7.0,1,0,1,0,1,1,6,2025,0,3,8,0,2.333333333333333,56.0,0,1623,1567,0,70512.0
3,0,6,0,2,3,1.0,3,1,1,1,1,0,5,2025,0,4,10,1,0.25,10.0,0,1623,676,0,128900.0
5,0,0,0,2,3,8.0,2,0,1,1,1,0,9,2022,0,3,8,1,2.6666666666666665,64.0,0,1682,1567,1,172492.0
2,1,4,6,1,3,0.2,1,1,1,1,1,0,12,2021,0,4,10,1,0.05,2.0,0,1626,1611,0,114619.0
2,0,2,4,0,2,2.0,1,1,0,0,0,1,1,2022,0,2,5,0,1.0,10.0,0,1626,1595,0,91996.0
2,2,4,5,1,1,10.0,2,1,0,0,0,0,9,2021,0,1,2,0,10.0,20.0,0,1626,1611,0,61640.0
1,0,1,3,3,1,13.0,1,1,0,0,0,0,4,2022,0,1,2,0,13.0,26.0,0,1714,1531,0,66300.0
4,0,5,0,0,3,2.0,0,1,1,0,1,1,4,2023,0,4,10,0,0.5,20.0,0,1661,1494,0,146176.0
0,2,2,2,0,3,12.0,1,1,1,1,0,1,10,2024,2,4,9,0,3.0,108.0,1,1679,1595,0,160179.0
5,2,5,1,2,1,5.0,0,1,1,0,0,1,5,2024,0,3,6,0,1.6666666666666667,30.0,0,1682,1494,0,96874.0
1,1,3,1,0,3,14.0,2,0,0,1,1,1,12,2020,0,3,10,1,4.666666666666667,140.0,1,1714,1551,0,129879.0
4,0,0,3,1,1,11.0,1,1,1,0,0,0,12,2022,0,2,3,0,5.5,33.0,0,1661,1567,0,68065.0
3,0,3,2,2,2,8.0,3,0,1,1,0,1,10,2026,0,3,7,0,2.6666666666666665,56.0,1,1623,1551,0,102026.0
5,0,6,3,0,3,7.0,0,0,0,1,0,1,3,2026,0,2,6,0,3.5,42.0,1,1682,676,1,167787.0
3,1,3,5,2,2,13.0,3,0,1,0,1,0,9,2020,2,2,5,0,6.5,65.0,0,1623,1551,0,89700.0
3,0,4,3,2,1,13.0,2,0,1,1,1,0,8,2025,2,3,8,1,4.333333333333333,104.0,0,1623,1611,0,77423.0
4,0,0,6,0,1,7.0,1,1,1,1,1,1,1,2024,2,5,13,1,1.4,91.0,1,1661,1567,0,79929.0
4,0,3,5,2,1,13.3,1,0,0,0,1,1,4,2022,2,2,7,0,6.65,93.1,0,1661,1551,0,93199.0
1,3,1,5,1,3,7.0,0,0,1,0,1,0,10,2025,1,2,5,0,3.5,35.0,0,1714,1531,0,111268.0
0,0,4,1,2,3,7.0,1,0,0,1,1,0,10,2025,1,2,7,1,3.5,49.0,0,1679,1611,1,189288.0
4,1,4,4,2,2,1.9,2,0,1,1,0,1,2,2026,1,3,7,0,0.6333333333333333,13.3,1,1661,1611,0,112105.0
2,1,2,3,2,1,3.0,0,0,1,0,1,1,6,2024,1,3,8,0,1.0,24.0,0,1626,1595,0,72851.0
3,2,0,6,2,3,9.0,1,0,1,1,0,0,4,2024,1,2,4,0,4.5,36.0,0,1623,1567,0,114174.0
5,0,5,6,1,2,5.4,2,0,1,0,1,0,3,2024,1,2,5,0,2.7,27.0,0,1682,1494,0,127312.0
0,0,4,4,0,3,5.0,2,1,0,0,0,1,1,2023,1,2,5,0,2.5,25.0,0,1679,1611,0,148038.0
3,0,2,1,0,1,6.5,0,1,1,1,1,1,8,2021,1,5,13,1,1.3,84.5,1,1623,1595,0,105980.0
4,2,3,3,1,3,9.0,0,0,1,1,1,1,9,2021,1,4,11,1,2.25,99.0,1,1661,1551,0,137341.0
3,0,1,3,0,2,12.0,1,0,0,1,0,1,4,2025,1,2,6,0,6.0,72.0,1,1623,1531,0,116296.0
1,1,0,5,1,1,7.0,1,0,0,0,0,1,12,2024,1,1,3,0,7.0,21.0,0,1714,1567,0,61640.0
4,1,1,6,3,3,6.0,3,1,0,0,0,1,2,2022,1,2,5,0,3.0,30.0,0,1661,1531,0,103700.0
3,0,5,1,2,1,1.0,0,0,1,1,1,1,4,2023,1,4,11,1,0.25,11.0,1,1623,1494,0,91044.0
2,0,5,1,1,2,7.0,1,0,1,0,0,1,10,2024,1,2,4,0,3.5,28.0,0,1626,1494,0,92659.0
0,3,1,6,0,1,5.0,0,1,1,1,1,0,5,2024,1,4,10,1,1.25,50.0,0,1679,1531,0,109725.0
0,0,5,0,1,2,13.0,3,0,1,1,0,0,5,2026,0,2,4,0,6.5,52.0,0,1679,1494,0,152587.0
0,2,4,2,2,3,7.0,2,0,1,1,0,1,11,2026,0,3,7,0,2.333333333333333,49.0,1,1679,1611,0,159045.0
3,0,1,0,1,3,7.0,0,0,0,1,0,0,1,2022,0,1,3,0,7.0,21.0,0,1623,1531,0,133465.0
0,0,4,1,3,3,7.0,0,1,0,1,1,1,1,2026,1,4,12,1,1.75,84.0,1,1679,1611,0,61640.0
4,1,6,0,0,3,2.0,3,0,1,1,0,0,1,2026,1,2,4,0,1.0,8.0,0,1661,676,0,112702.0
4,2,4,1,1,1,4.0,2,1,1,0,0,1,5,2021,1,3,6,0,1.3333333333333333,24.0,0,1661,1611,0,61640.0
0,2,1,7,1,2,8.0,2,0,1,1,0,1,10,2025,1,3,7,0,2.6666666666666665,56.0,1,1679,1531,0,136681.0
2,1,3,4,2,2,9.0,0,0,0,0,0,1,5,2021,2,1,3,0,9.0,27.0,0,1626,1551,0,81484.0
3,1,1,1,1,1,1.0,1,1,1,1,1,0,10,2022,2,4,10,1,0.25,10.0,0,1623,1531,0,79595.0
5,0,5,4,2,3,2.0,2,1,0,1,0,0,5,2022,1,2,5,0,1.0,10.0,0,1682,1494,0,155017.0
5,0,3,7,2,4,9.0,1,1,1,1,0,0,8,2022,1,3,6,0,3.0,54.0,0,1682,1551,0,132600.0
2,2,3,2,1,3,10.0,2,0,0,1,1,0,7,2021,1,2,7,1,5.0,70.0,0,1626,1551,0,95479.0
0,0,2,2,2,2,7.0,0,1,1,0,0,1,7,2021,1,3,6,0,2.333333333333333,42.0,0,1679,1595,0,144973.0
2,0,2,2,0,2,11.0,0,0,1,0,0,1,8,2025,1,2,4,0,5.5,44.0,0,1626,1595,0,85256.0
5,0,1,5,3,1,11.0,2,0,1,1,1,1,12,2026,1,4,11,1,2.75,121.0,1,1682,1531,0,152394.0
6,1,3,1,0,0,9.0,1,0,1,0,1,1,4,2023,1,3,8,0,3.0,72.0,0,40,1551,0,119979.0
0,0,2,4,3,3,7.0,2,0,1,0,0,1,12,2020,1,2,4,0,3.5,28.0,0,1679,1595,0,161665.0
1,0,2,3,2,2,7.0,2,1,0,1,1,0,2,2026,1,3,9,1,2.333333333333333,63.0,0,1714,1595,0,105201.0
2,3,4,3,0,2,13.0,3,1,1,1,1,1,10,2025,1,5,13,1,2.6,169.0,1,1626,1611,0,107098.0
4,1,4,1,1,2,6.0,0,1,0,1,1,1,11,2021,1,4,12,1,1.5,72.0,1,1661,1611,0,118246.0
5,2,5,3,2,3,7.0,1,0,1,1,0,0,5,2021,1,2,4,0,3.5,28.0,0,1682,1494,0,158000.0
3,0,4,5,1,1,5.0,1,1,1,1,1,1,12,2024,1,5,13,1,1.0,65.0,1,1623,1611,0,93679.0
0,3,5,1,3,3,11.0,2,1,0,1,0,1,8,2025,1,3,8,0,3.6666666666666665,88.0,1,1679,1494,1,166069.0
5,0,0,5,0,2,10.0,2,1,0,1,0,0,2,2020,1,2,5,0,5.0,50.0,0,1682,1567,0,129505.0
3,2,0,3,1,3,11.0,2,1,1,1,0,0,4,2024,1,3,6,0,3.6666666666666665,66.0,0,1623,1567,1,202887.5
1,0,1,0,0,1,7.0,0,1,1,0,0,0,1,2020,1,2,3,0,3.5,21.0,0,1714,1531,0,69716.0
0,1,4,6,1,2,5.0,1,1,1,0,0,1,5,2024,1,3,6,0,1.6666666666666667,30.0,0,1679,1611,0,129003.0
1,1,0,2,0,2,1.0,2,0,1,0,1,0,1,2026,1,2,5,0,0.5,5.0,0,1714,1567,0,87989.0
4,1,1,4,2,1,10.0,0,0,1,0,1,1,10,2023,1,3,8,0,3.333333333333333,80.0,0,1661,1531,0,61640.0
4,2,2,6,0,1,5.0,0,0,1,0,1,1,11,2020,0,3,8,0,1.6666666666666667,40.0,0,1661,1595,0,113873.0
4,0,3,4,2,2,0.0,3,0,1,0,0,1,2,2024,0,2,4,0,0.0,0.0,0,1661,1551,1,202887.5
3,3,5,1,1,2,7.0,1,0,1,1,0,1,7,2024,0,3,7,0,2.333333333333333,49.0,1,1623,1494,0,113873.0
1,1,2,2,0,2,0.0,0,1,0,0,0,1,3,2026,0,2,5,0,0.0,0.0,0,1714,1595,0,85383.0
5,1,1,2,1,4,12.0,1,0,0,0,1,1,1,2021,0,2,7,0,6.0,84.0,0,1682,1531,0,129993.0
3,0,1,1,2,3,7.0,1,1,0,1,0,0,11,2025,1,2,5,0,3.5,35.0,0,1623,1531,0,139403.0
0,0,3,7,2,3,7.0,1,0,1,1,0,0,2,2022,1,2,4,0,3.5,28.0,0,1679,1551,0,113873.0
2,1,5,5,1,1,7.0,0,0,1,1,1,1,1,2020,1,4,11,1,1.75,77.0,1,1626,1494,0,78948.0
5,0,5,2,0,3,3.0,0,0,1,0,0,0,7,2022,1,1,1,0,3.0,3.0,0,1682,1494,0,162292.0
3,0,1,6,2,2,0.0,1,1,0,1,0,0,1,2020,1,2,5,0,0.0,0.0,0,1623,1531,0,92330.0
5,2,6,7,2,2,9.0,2,0,1,1,0,0,2,2020,1,2,4,0,4.5,36.0,0,1682,676,0,125004.0
1,2,0,6,0,2,14.0,1,0,1,0,1,0,2,2023,1,2,5,0,7.0,70.0,0,1714,1567,0,86352.0
5,0,4,6,3,2,6.0,1,1,1,0,0,1,2,2022,1,3,6,0,2.0,36.0,0,1682,1611,0,113873.0
5,1,2,0,1,2,12.0,1,1,0,0,0,0,3,2022,1,1,2,0,12.0,24.0,0,1682,1595,0,112701.0
2,0,1,1,3,2,2.0,0,1,0,1,1,0,8,2022,0,3,9,1,0.6666666666666666,18.0,0,1626,1531,0,129248.0
3,0,4,6,1,3,11.0,1,1,0,1,0,1,8,2021,0,3,8,0,3.6666666666666665,88.0,1,1623,1611,0,148054.0
2,1,5,1,1,1,8.0,1,1,1,0,0,1,4,2024,0,3,6,0,2.6666666666666665,48.0,0,1626,1494,0,73942.0
3,0,4,0,2,2,7.0,1,0,1,1,1,1,7,2026,0,4,11,1,1.75,77.0,1,1623,1611,0,103558.0
3,0,5,6,2,1,2.0,0,1,1,1,1,0,7,2022,0,4,10,1,0.5,20.0,0,1623,1494,0,65288.0
1,0,4,0,1,3,11.0,0,0,0,0,1,1,12,2022,2,2,7,0,5.5,77.0,0,1714,1611,0,129352.0
2,0,5,1,0,2,7.0,1,0,1,0,0,1,6,2023,2,2,4,0,3.5,28.0,0,1626,1494,0,79882.0
1,0,0,0,0,1,12.0,1,0,0,1,0,1,1,2021,2,2,6,0,6.0,72.0,1,1714,1567,0,98616.0
4,0,1,6,1,1,2.0,1,1,1,1,1,1,8,2026,2,5,13,1,0.4,26.0,1,1661,1531,0,108148.0
3,2,2,7,0,3,4.0,3,1,0,1,0,0,11,2021,1,2,5,0,2.0,20.0,0,1623,1595,0,118926.0
1,2,1,3,2,2,0.0,0,0,1,1,1,1,5,2026,1,4,11,1,0.0,0.0,1,1714,1531,0,117331.0
0,0,5,4,2,2,7.0,1,1,0,1,1,1,1,2024,1,4,12,1,1.75,84.0,1,1679,1494,0,151239.0
1,0,2,5,0,2,10.0,1,1,1,1,1,0,1,2021,1,4,10,1,2.5,100.0,0,1714,1595,0,108632.0
5,0,2,3,0,3,11.0,0,1,1,1,0,0,7,2021,1,3,6,0,3.6666666666666665,66.0,0,1682,1595,1,179592.0
0,1,5,1,2,3,0.0,2,0,0,0,1,1,2,2026,1,2,7,0,0.0,0.0,0,1679,1494,1,163776.0
2,0,1,5,3,2,12.0,2,1,0,1,0,0,10,2021,2,2,5,0,6.0,60.0,0,1626,1531,0,94951.0
4,2,5,1,1,3,8.0,2,1,1,1,0,0,5,2020,2,3,6,0,2.6666666666666665,48.0,0,1661,1494,0,131567.0
4,3,2,7,0,2,7.0,3,0,1,0,1,0,2,2020,2,2,5,0,3.5,35.0,0,1661,1595,0,92363.0
1,0,3,5,3,3,11.4,1,0,1,0,0,0,3,2022,2,1,1,0,11.4,11.4,0,1714,1551,0,135990.0
1,2,6,7,1,4,1.0,1,0,0,1,1,1,7,2021,2,3,10,1,0.3333333333333333,10.0,1,1714,676,0,85100.0
5,1,5,3,1,3,10.0,2,1,0,1,0,1,1,2020,2,3,8,0,3.333333333333333,80.0,1,1682,1494,0,150379.0
5,0,5,7,1,2,7.0,2,0,0,0,1,0,6,2025,1,1,4,0,7.0,28.0,0,1682,1494,1,202887.5
4,0,2,4,2,2,7.0,0,0,1,1,0,1,3,2025,1,3,7,0,2.333333333333333,49.0,1,1661,1595,0,113873.0
4,0,4,0,1,2,7.0,2,1,1,1,1,0,5,2025,1,4,10,1,1.75,70.0,0,1661,1611,0,120680.0
2,0,1,0,2,1,7.0,2,0,1,1,0,1,3,2020,1,3,7,0,2.333333333333333,49.0,1,1626,1531,0,91000.0
1,2,6,6,2,3,7.0,0,0,0,0,0,1,6,2020,1,1,3,0,7.0,21.0,0,1714,676,0,126493.0
4,3,3,2,2,1,3.0,1,1,0,1,0,0,4,2024,1,2,5,0,1.5,15.0,0,1661,1551,0,76129.0
4,1,5,6,2,1,8.0,1,1,0,0,1,1,11,2021,1,3,9,0,2.6666666666666665,72.0,0,1661,1494,0,113873.0
3,0,3,2,0,1,5.0,2,0,1,1,0,0,8,2022,1,2,4,0,2.5,20.0,0,1623,1551,1,202887.5
0,0,1,6,0,2,3.0,2,1,1,1,1,0,4,2022,1,4,10,1,0.75,30.0,0,1679,1531,0,145082.0
2,0,0,7,3,3,7.0,0,0,1,0,0,1,9,2022,0,2,4,0,3.5,28.0,0,1626,1567,1,202887.5
1,0,4,4,2,3,7.0,0,1,0,1,1,1,3,2020,0,4,12,1,1.75,84.0,1,1714,1611,0,157633.0
5,0,5,1,2,3,3.0,2,1,0,1,1,1,3,2024,0,4,12,1,0.75,36.0,1,1682,1494,1,176507.0
4,0,5,2,0,1,4.0,1,0,0,0,1,1,11,2024,0,2,7,0,2.0,28.0,0,1661,1494,0,99363.0
3,1,1,4,1,2,6.5,0,0,0,0,0,1,6,2025,1,1,3,0,6.5,19.5,0,1623,1531,0,82783.0
3,0,0,1,1,1,13.0,2,0,1,1,0,0,8,2026,1,2,4,0,6.5,52.0,0,1623,1567,0,61657.0
5,0,2,0,2,2,5.0,0,0,1,1,1,0,10,2021,1,3,8,1,1.6666666666666667,40.0,0,1682,1595,0,131856.0
2,0,4,6,0,1,5.0,1,1,0,0,0,0,4,2021,1,1,2,0,5.0,10.0,0,1626,1611,0,67563.0
3,2,3,4,2,3,2.0,0,0,0,0,1,1,5,2025,1,2,7,0,1.0,14.0,0,1623,1551,0,113873.0
0,3,1,0,1,1,14.0,1,0,1,1,0,0,6,2026,1,2,4,0,7.0,56.0,0,1679,1531,0,105824.0
1,2,0,5,3,3,7.0,1,0,0,1,0,1,4,2024,1,2,6,0,3.5,42.0,1,1714,1567,0,127478.0
5,0,6,3,1,2,3.0,2,1,1,1,0,0,3,2025,1,3,6,0,1.0,18.0,0,1682,676,0,134201.0
2,2,1,3,2,1,13.0,1,1,0,0,1,0,6,2025,1,2,6,0,6.5,78.0,0,1626,1531,0,65890.0
3,2,3,3,2,1,3.0,2,0,1,1,0,1,1,2020,1,3,7,0,1.0,21.0,1,1623,1551,0,61640.0
4,1,3,1,2,3,8.0,0,1,1,0,0,1,11,2020,1,3,6,0,2.6666666666666665,48.0,0,1661,1551,0,96116.0
3,2,4,0,0,3,7.0,0,1,1,1,0,1,10,2020,1,4,9,0,1.75,63.0,1,1623,1611,0,126800.0
3,2,2,0,1,3,10.0,2,0,1,1,1,1,2,2026,1,4,11,1,2.5,110.0,1,1623,1595,0,142909.0
4,0,3,1,2,2,13.0,2,1,1,0,1,1,12,2023,1,4,10,0,3.25,130.0,0,1661,1551,0,116188.0
4,2,3,3,2,1,7.0,2,1,1,0,0,0,12,2022,1,2,3,0,3.5,21.0,0,1661,1551,0,61640.0
2,1,3,2,1,2,12.3,1,0,1,0,0,0,8,2025,0,1,1,0,12.3,12.3,0,1626,1551,0,76240.0
1,1,6,5,3,2,6.7,0,0,1,1,0,1,2,2022,1,3,7,0,2.2333333333333334,46.9,1,1714,676,0,70878.0
4,0,4,6,1,2,8.0,1,1,1,0,1,1,2,2026,1,4,10,0,2.0,80.0,0,1661,1611,0,99923.0
4,0,3,4,2,3,10.0,2,0,1,1,0,0,4,2022,1,2,4,0,5.0,40.0,0,1661,1551,0,130230.0
5,0,0,4,2,4,8.0,2,0,1,1,1,1,3,2020,0,4,11,1,2.0,88.0,1,1682,1567,1,171159.0
1,2,1,3,0,3,6.0,1,0,1,1,0,1,1,2020,0,3,7,0,2.0,42.0,1,1714,1531,0,111419.0
3,0,4,3,2,1,7.0,0,0,1,0,0,1,7,2024,0,2,4,0,3.5,28.0,0,1623,1611,0,84004.0
2,0,5,2,1,1,7.0,3,1,1,0,0,1,11,2025,0,3,6,0,2.333333333333333,42.0,0,1626,1494,0,73550.0
2,1,1,5,2,2,1.0,2,1,0,0,0,1,3,2022,0,2,5,0,0.5,5.0,0,1626,1531,0,99647.0
5,2,6,1,2,1,6.0,0,0,0,0,1,0,1,2024,0,1,4,0,6.0,24.0,0,1682,676,0,109606.0
4,1,5,3,3,3,7.0,0,0,0,1,0,1,3,2021,0,2,6,0,3.5,42.0,1,1661,1494,0,114050.0
5,1,1,5,2,1,13.0,0,1,1,1,0,0,11,2024,0,3,6,0,4.333333333333333,78.0,0,1682,1531,0,101758.0
0,1,0,5,1,3,8.0,0,0,0,0,1,1,2,2022,0,2,7,0,4.0,56.0,0,1679,1567,1,164681.0
3,0,4,0,1,3,0.0,0,1,0,1,0,1,8,2024,0,3,8,0,0.0,0.0,1,1623,1611,0,118372.0
4,0,3,4,1,3,9.0,1,1,0,1,0,0,9,2024,0,2,5,0,4.5,45.0,0,1661,1551,0,116302.0
5,1,1,6,0,3,2.0,3,0,1,1,0,0,7,2023,0,2,4,0,1.0,8.0,0,1682,1531,1,166430.0
4,1,0,7,0,3,2.0,2,1,0,1,0,1,1,2023,0,3,8,0,0.6666666666666666,16.0,1,1661,1567,0,126948.0
0,0,3,7,0,1,3.0,2,1,0,0,0,1,11,2023,0,2,5,0,1.5,15.0,0,1679,1551,0,99127.0
5,2,3,2,2,3,7.0,1,1,1,0,0,1,7,2020,0,3,6,0,2.333333333333333,42.0,0,1682,1551,0,149493.0
2,0,5,5,1,4,11.0,0,0,1,1,0,0,9,2020,0,2,4,0,5.5,44.0,0,1626,1494,0,92015.0
3,0,2,6,1,1,6.0,2,1,0,0,1,0,12,2020,0,2,6,0,3.0,36.0,0,1623,1595,0,113873.0
4,0,2,3,2,1,5.0,0,0,1,0,0,0,10,2025,0,1,1,0,5.0,5.0,0,1661,1595,0,70187.0
5,1,1,6,0,3,4.0,2,0,0,1,0,1,10,2021,0,2,6,0,2.0,24.0,1,1682,1531,1,169966.0
1,0,0,2,0,2,1.0,0,0,0,1,0,0,4,2023,0,1,3,0,1.0,3.0,0,1714,1567,0,93490.0
2,2,1,5,0,1,1.0,0,0,1,0,1,0,7,2026,0,2,5,0,0.5,5.0,0,1626,1531,0,63667.0
5,1,1,6,1,1,3.0,1,0,0,1,1,0,9,2024,0,2,7,1,1.5,21.0,0,1682,1531,0,116344.0
5,1,0,2,2,1,7.0,0,0,0,0,1,1,12,2026,0,2,7,0,3.5,49.0,0,1682,1567,0,117500.0
0,2,0,3,2,2,7.0,2,0,1,0,0,1,1,2020,0,2,4,0,3.5,28.0,0,1679,1567,0,113873.0
0,2,3,5,2,2,2.0,0,1,1,0,1,0,1,2022,0,3,7,0,0.6666666666666666,14.0,0,1679,1551,0,129060.0
3,2,5,2,0,2,11.0,2,0,1,1,0,1,8,2024,0,3,7,0,3.6666666666666665,77.0,1,1623,1494,0,119507.0
4,0,2,3,2,1,5.0,0,0,1,1,0,1,11,2024,0,3,7,0,1.6666666666666667,35.0,1,1661,1595,0,107287.0
2,2,3,0,2,2,6.0,2,1,1,0,1,0,10,2022,0,3,7,0,2.0,42.0,0,1626,1551,1,202887.5
2,2,0,0,0,1,7.0,3,0,0,1,0,1,7,2020,0,2,6,0,3.5,42.0,1,1626,1567,1,202887.5
0,0,0,3,0,3,7.0,1,1,0,1,0,1,1,2026,0,3,8,0,2.333333333333333,56.0,1,1679,1567,0,153394.0
2,3,5,2,0,1,7.0,2,0,0,0,0,1,1,2021,0,1,3,0,7.0,21.0,0,1626,1494,0,78600.0
2,0,4,7,2,1,5.0,2,0,1,1,1,0,2,2021,0,3,8,1,1.6666666666666667,40.0,0,1626,1611,0,79928.0
1,1,4,2,2,2,8.0,2,1,0,1,1,1,4,2022,0,4,12,1,2.0,96.0,1,1714,1611,0,114521.0
2,2,5,0,0,3,10.0,0,0,1,0,1,1,8,2021,2,3,8,0,3.333333333333333,80.0,0,1626,1494,0,129784.0
1,1,1,5,1,1,6.0,3,1,0,1,0,0,8,2026,2,2,5,0,3.0,30.0,0,1714,1531,0,61640.0
4,2,1,3,0,3,7.0,1,1,0,0,0,1,4,2026,2,2,5,0,3.5,35.0,0,1661,1531,0,110048.0
0,0,6,6,0,4,5.2,3,0,1,0,1,1,12,2022,1,3,8,0,1.7333333333333334,41.6,0,1679,676,0,160977.0
2,2,2,0,0,3,4.0,2,0,0,1,0,0,5,2023,1,1,3,0,4.0,12.0,0,1626,1595,0,103342.0
4,1,2,2,1,2,3.0,1,0,0,1,0,0,3,2024,1,1,3,0,3.0,9.0,0,1661,1595,1,202887.5
0,0,5,6,2,3,11.0,2,0,1,1,0,1,3,2026,1,3,7,0,3.6666666666666665,77.0,1,1679,1494,1,176794.0
4,0,4,4,2,4,9.0,2,0,1,0,1,0,10,2023,0,2,5,0,4.5,45.0,0,1661,1611,0,113873.0
4,0,2,1,0,4,6.0,0,1,0,1,0,0,6,2026,0,2,5,0,3.0,30.0,0,1661,1595,0,72389.0
0,0,1,1,2,4,5.0,2,1,1,1,0,0,1,2023,0,3,6,0,1.6666666666666667,30.0,0,1679,1531,0,113873.0
0,2,0,2,0,1,13.0,0,0,1,1,0,1,3,2022,0,3,7,0,4.333333333333333,91.0,1,1679,1567,0,95365.0
3,0,6,7,2,2,11.0,0,0,1,1,1,1,4,2022,0,4,11,1,2.75,121.0,1,1623,676,1,202887.5
1,1,1,2,0,1,7.0,0,0,1,0,1,1,9,2026,0,3,8,0,2.333333333333333,56.0,0,1714,1531,0,72127.0
5,2,5,4,0,1,11.0,2,1,1,1,1,1,3,2021,0,5,13,1,2.2,143.0,1,1682,1494,0,113873.0
5,1,3,2,1,2,7.0,1,0,1,1,0,0,6,2023,0,2,4,0,3.5,28.0,0,1682,1551,0,125820.0
4,0,2,1,1,2,0.0,1,1,1,1,1,1,4,2025,0,5,13,1,0.0,0.0,1,1661,1595,0,137258.0
1,0,4,7,1,1,12.0,2,0,0,1,0,0,4,2024,2,1,3,0,12.0,36.0,0,1714,1611,0,89645.0
5,0,4,6,2,3,7.0,1,1,0,1,0,0,1,2022,2,2,5,0,3.5,35.0,0,1682,1611,1,171273.0
0,0,5,5,0,3,1.0,1,0,1,1,0,0,9,2022,2,2,4,0,0.5,4.0,0,1679,1494,1,176395.0
1,0,4,1,1,2,7.3,1,1,0,0,0,0,1,2023,2,1,2,0,7.3,14.6,0,1714,1611,0,93343.0
3,2,5,4,0,1,7.0,1,0,1,1,0,0,11,2026,2,2,4,0,3.5,28.0,0,1623,1494,0,79128.0
2,0,3,1,1,1,1.0,2,0,1,0,0,0,11,2025,2,1,1,0,1.0,1.0,0,1626,1551,0,61640.0
2,0,0,3,0,2,10.0,1,1,1,1,1,0,7,2025,2,4,10,1,2.5,100.0,0,1626,1567,0,107456.0
4,0,6,1,0,3,0.0,0,0,1,0,0,1,3,2020,1,2,4,0,0.0,0.0,0,1661,676,0,112801.0
3,0,6,3,2,3,6.0,1,0,1,0,0,1,4,2020,1,2,4,0,3.0,24.0,0,1623,676,0,114992.0
4,0,1,4,0,1,11.0,2,1,1,1,0,1,10,2023,1,4,9,0,2.75,99.0,1,1661,1531,0,61640.0
5,1,2,5,0,1,7.0,2,0,1,1,1,0,10,2020,1,3,8,1,2.333333333333333,56.0,0,1682,1595,0,121962.0
3,0,2,1,2,2,9.0,1,0,0,1,0,1,10,2025,1,2,6,0,4.5,54.0,1,1623,1595,0,113873.0
0,0,0,3,0,0,1.0,2,0,1,1,1,1,3,2025,1,4,11,1,0.25,11.0,1,1679,1567,0,147176.0
3,0,4,6,3,4,11.0,0,0,1,1,0,1,6,2021,1,3,7,0,3.6666666666666665,77.0,1,1623,1611,0,61703.0
1,0,3,6,1,3,3.0,0,0,0,1,1,1,1,2024,1,3,10,1,1.0,30.0,1,1714,1551,0,137510.0
2,1,6,0,0,1,5.0,1,1,1,1,0,1,5,2025,1,4,9,0,1.25,45.0,1,1626,676,0,77597.0
5,1,1,3,2,2,6.0,0,1,1,1,0,1,4,2026,1,4,9,0,1.5,54.0,1,1682,1531,0,136032.0
1,1,4,1,2,2,7.0,3,0,1,1,0,1,11,2022,1,3,7,0,2.333333333333333,49.0,1,1714,1611,1,202887.5
2,1,5,2,0,1,7.0,0,1,1,1,1,0,11,2023,1,4,10,1,1.75,70.0,0,1626,1494,0,83789.0
0,1,2,1,1,2,0.0,0,0,0,1,0,1,2,2023,1,2,6,0,0.0,0.0,1,1679,1595,0,150600.0
0,2,2,3,2,2,11.0,1,1,0,0,1,1,1,2022,0,3,9,0,3.6666666666666665,99.0,0,1679,1595,0,142699.0
2,0,1,2,2,3,6.0,2,0,1,1,0,1,6,2021,0,3,7,0,2.0,42.0,1,1626,1531,0,111361.0
2,0,1,1,0,0,2.0,0,1,1,1,1,1,5,2022,0,5,13,1,0.4,26.0,1,1626,1531,0,87263.0
1,3,3,6,2,3,11.0,1,0,1,0,1,1,10,2020,0,3,8,0,3.6666666666666665,88.0,0,1714,1551,0,140237.0
4,0,1,5,0,2,4.0,0,0,1,1,0,0,1,2025,0,2,4,0,2.0,16.0,0,1661,1531,0,106071.0
0,0,2,3,1,3,10.0,1,0,0,1,1,0,4,2021,0,2,7,1,5.0,70.0,0,1679,1595,1,192073.0
2,0,3,3,2,4,7.0,3,0,0,0,0,1,4,2023,0,1,3,0,7.0,21.0,0,1626,1551,0,61640.0
1,0,2,0,2,1,8.0,3,1,0,0,0,0,8,2025,2,1,2,0,8.0,16.0,0,1714,1595,0,72053.0
2,1,3,4,0,2,5.0,3,0,0,0,0,1,7,2020,2,1,3,0,5.0,15.0,0,1626,1551,0,78017.0
1,2,1,2,1,1,7.0,1,1,1,1,1,1,7,2023,2,5,13,1,1.4,91.0,1,1714,1531,0,92500.0
3,1,1,7,2,1,11.0,1,0,1,1,0,1,12,2020,2,3,7,0,3.6666666666666665,77.0,1,1623,1531,1,202887.5
2,0,1,1,0,3,9.3,0,1,1,1,0,0,6,2022,2,3,6,0,3.1,55.8,0,1626,1531,1,202887.5
4,1,3,2,1,3,14.6,0,0,0,1,0,1,7,2024,2,2,6,0,7.3,87.6,1,1661,1551,1,202887.5
5,2,0,1,0,1,0.0,1,1,1,0,1,0,4,2023,2,3,7,0,0.0,0.0,0,1682,1567,0,107953.0
1,0,2,1,0,3,4.0,0,1,1,1,0,1,8,2024,2,4,9,0,1.0,36.0,1,1714,1595,0,113873.0
1,2,0,4,2,3,1.0,3,1,1,0,0,1,12,2024,1,3,6,0,0.3333333333333333,6.0,0,1714,1567,0,98261.0
2,1,2,5,0,2,1.0,0,1,1,1,1,1,11,2024,1,5,13,1,0.2,13.0,1,1626,1595,0,103722.0
5,2,0,0,2,3,6.0,1,1,0,1,0,0,4,2024,1,2,5,0,3.0,30.0,0,1682,1567,0,150333.0
1,0,4,2,0,3,7.0,0,1,1,1,1,0,3,2024,1,4,10,1,1.75,70.0,0,1714,1611,0,149466.0
0,0,2,7,2,3,5.0,1,0,1,0,0,1,12,2026,1,2,4,0,2.5,20.0,0,1679,1595,1,202887.5
5,0,0,0,2,3,7.0,0,0,0,0,1,0,12,2021,0,1,4,0,7.0,28.0,0,1682,1567,1,179400.0
1,2,3,3,0,1,4.0,1,1,1,1,1,1,4,2022,0,5,13,1,0.8,52.0,1,1714,1551,0,86812.0
0,0,0,0,0,2,7.0,0,1,1,0,0,1,2,2020,1,3,6,0,2.333333333333333,42.0,0,1679,1567,0,149682.0
5,1,4,2,3,1,7.0,2,1,1,1,1,0,1,2024,1,4,10,1,1.75,70.0,0,1682,1611,0,124039.0
2,2,3,3,2,1,7.0,1,1,0,1,0,0,1,2023,1,2,5,0,3.5,35.0,0,1626,1551,0,68091.0
2,0,1,4,1,2,13.0,2,1,0,0,0,1,5,2026,0,2,5,0,6.5,65.0,0,1626,1531,0,82037.0
3,0,0,0,2,1,13.0,1,0,0,1,0,1,6,2026,0,2,6,0,6.5,78.0,1,1623,1567,0,81168.0
3,2,1,5,0,3,7.0,0,0,1,0,0,0,12,2025,1,1,1,0,7.0,7.0,0,1623,1531,0,95200.0
5,2,2,2,2,0,7.0,0,0,0,0,1,0,2,2021,1,1,4,0,7.0,28.0,0,1682,1595,0,107310.0
0,0,3,6,0,3,8.0,0,0,0,1,1,1,8,2021,1,3,10,1,2.6666666666666665,80.0,1,1679,1551,1,184559.0
0,1,2,3,2,1,9.0,0,0,1,1,1,1,10,2025,1,4,11,1,2.25,99.0,1,1679,1595,0,112171.0
4,1,3,2,2,2,13.0,0,0,1,0,0,0,7,2022,1,1,1,0,13.0,13.0,0,1661,1551,0,76801.0
0,0,6,7,1,3,5.0,1,1,0,1,0,1,1,2023,1,3,8,0,1.6666666666666667,40.0,1,1679,676,1,164973.0
4,0,3,5,1,1,6.0,2,0,0,0,0,1,12,2026,1,1,3,0,6.0,18.0,0,1661,1551,0,87000.0
2,0,0,1,3,3,5.0,1,1,1,0,0,1,12,2025,1,3,6,0,1.6666666666666667,30.0,0,1626,1567,0,111363.0
2,1,1,4,2,3,5.0,0,1,0,1,0,0,5,2020,1,2,5,0,2.5,25.0,0,1626,1531,0,95900.0
2,1,2,0,1,2,7.0,2,1,0,1,1,1,8,2025,1,4,12,1,1.75,84.0,1,1626,1595,0,113000.0
2,2,3,4,1,1,13.0,1,0,0,0,1,0,1,2024,1,1,4,0,13.0,52.0,0,1626,1551,0,61640.0
1,2,3,1,0,2,7.0,0,1,1,0,0,1,8,2021,1,3,6,0,2.333333333333333,42.0,0,1714,1551,0,102706.0
2,0,2,1,2,3,9.0,1,0,1,1,0,1,7,2020,1,3,7,0,3.0,63.0,1,1626,1595,0,113495.0
0,2,3,7,1,3,3.0,2,0,0,0,1,1,10,2020,1,2,7,0,1.5,21.0,0,1679,1551,1,164709.0
0,0,0,2,2,2,12.0,1,1,1,0,1,1,1,2026,1,4,10,0,3.0,120.0,0,1679,1567,0,144564.0
2,2,3,1,1,4,8.0,0,0,1,0,1,0,1,2023,1,2,5,0,4.0,40.0,0,1626,1551,0,111358.0
1,1,2,2,2,4,13.0,0,0,0,1,0,1,6,2021,1,2,6,0,6.5,78.0,1,1714,1595,0,113359.0
5,2,1,6,2,3,2.0,3,1,0,1,0,1,7,2025,1,3,8,0,0.6666666666666666,16.0,1,1682,1531,1,168479.0
4,2,2,2,0,2,0.0,1,1,1,0,1,1,7,2021,1,4,10,0,0.0,0.0,0,1661,1595,0,98698.0
2,0,0,2,3,2,13.0,1,0,1,1,0,1,7,2021,1,3,7,0,4.333333333333333,91.0,1,1626,1567,0,103358.0
3,1,3,1,2,3,14.0,1,0,1,0,1,0,12,2024,1,2,5,0,7.0,70.0,0,1623,1551,0,118954.0
1,1,5,5,0,3,4.0,1,0,0,0,1,1,5,2024,1,2,7,0,2.0,28.0,0,1714,1494,0,125900.0
0,1,4,0,0,1,14.0,1,0,1,1,0,0,10,2024,1,2,4,0,7.0,56.0,0,1679,1611,0,103670.0
1,3,5,7,3,3,3.0,0,0,1,1,0,0,11,2024,1,2,4,0,1.5,12.0,0,1714,1494,0,137634.0
3,1,0,0,2,1,1.0,2,0,1,0,1,1,9,2021,1,3,8,0,0.3333333333333333,8.0,0,1623,1567,0,70144.0
4,1,4,3,3,1,2.0,3,0,0,1,1,1,1,2021,1,3,10,1,0.6666666666666666,20.0,1,1661,1611,0,62673.0
0,0,4,2,1,3,8.0,1,0,0,0,0,1,1,2025,1,1,3,0,8.0,24.0,0,1679,1611,0,113873.0
3,2,4,5,2,3,14.0,0,0,0,1,0,0,10,2026,1,1,3,0,14.0,42.0,0,1623,1611,0,113873.0
4,1,5,3,0,2,11.0,1,1,1,0,1,1,11,2020,1,4,10,0,2.75,110.0,0,1661,1494,0,103041.0
5,2,6,6,0,1,13.0,2,0,1,1,0,1,12,2025,1,3,7,0,4.333333333333333,91.0,1,1682,676,0,134340.0
5,0,1,1,1,3,2.0,1,1,1,0,0,0,8,2024,1,2,3,0,1.0,6.0,0,1682,1531,0,141358.0
4,0,0,5,2,1,7.0,1,0,1,0,0,0,1,2023,1,1,1,0,7.0,7.0,0,1661,1567,0,73501.0
4,1,2,6,3,3,0.0,2,0,1,0,0,1,1,2026,1,2,4,0,0.0,0.0,0,1661,1595,0,106721.0
3,0,4,0,2,3,10.8,0,1,1,0,1,1,6,2025,1,4,10,0,2.7,108.0,0,1623,1611,0,125500.0
0,2,4,6,1,1,10.0,3,0,1,0,0,1,2,2026,1,2,4,0,5.0,40.0,0,1679,1611,0,103462.0
6,0,0,3,2,1,11.0,0,0,1,1,1,0,4,2022,1,3,8,1,3.6666666666666665,88.0,0,40,1567,0,67742.0
3,2,4,3,0,2,3.0,2,0,0,0,1,0,4,2020,1,1,4,0,3.0,12.0,0,1623,1611,0,87705.0
5,2,5,5,3,3,5.0,0,1,1,1,1,1,2,2025,1,5,13,1,1.0,65.0,1,1682,1494,1,182100.0
3,1,0,5,0,3,9.0,0,1,1,1,0,0,7,2023,0,3,6,0,3.0,54.0,0,1623,1567,0,113342.0
1,0,3,4,0,2,13.0,2,1,0,0,0,1,12,2023,0,2,5,0,6.5,65.0,0,1714,1551,0,92235.0
3,2,6,3,2,2,7.0,1,0,1,1,0,1,12,2026,1,3,7,0,2.333333333333333,49.0,1,1623,676,0,96183.0
0,2,0,5,1,1,1.0,1,1,1,1,1,1,6,2022,1,5,13,1,0.2,13.0,1,1679,1567,0,132148.0
4,0,0,4,2,1,3.0,1,0,0,1,0,1,1,2026,1,2,6,0,1.5,18.0,1,1661,1567,0,90093.0
2,1,5,4,2,2,12.0,3,0,0,1,0,0,3,2025,1,1,3,0,12.0,36.0,0,1626,1494,0,107816.0
0,2,3,4,1,1,7.0,1,1,0,1,1,0,3,2020,1,3,9,1,2.333333333333333,63.0,0,1679,1551,0,121037.0
1,0,5,3,2,1,10.0,1,1,0,0,1,0,9,2020,1,2,6,0,5.0,60.0,0,1714,1494,0,67802.0
3,2,4,7,2,3,2.0,1,0,1,1,1,1,7,2026,0,4,11,1,0.5,22.0,1,1623,1611,0,136466.0
1,0,0,7,2,2,4.0,0,0,1,1,0,1,2,2020,0,3,7,0,1.3333333333333333,28.0,1,1714,1567,0,98104.0
3,1,4,0,2,1,0.0,0,0,1,1,1,0,9,2026,0,3,8,1,0.0,0.0,0,1623,1611,0,78662.0
2,0,3,6,1,3,7.0,0,1,0,0,0,1,3,2020,2,2,5,0,3.5,35.0,0,1626,1551,0,132300.0
4,2,2,6,2,3,3.0,0,0,1,1,0,1,4,2023,2,3,7,0,1.0,21.0,1,1661,1595,0,107239.0
2,0,5,3,1,2,11.0,0,1,1,1,0,0,6,2021,2,3,6,0,3.6666666666666665,66.0,0,1626,1494,0,108511.0
1,1,2,0,2,1,7.0,2,0,0,0,1,1,5,2025,2,2,7,0,3.5,49.0,0,1714,1595,0,72700.0
2,0,6,4,0,0,1.0,2,0,1,0,0,0,11,2021,2,1,1,0,1.0,1.0,0,1626,676,0,61640.0
0,0,5,2,2,2,7.0,0,0,1,1,0,0,6,2020,2,2,4,0,3.5,28.0,0,1679,1494,0,138995.0
1,2,2,3,0,2,1.0,1,1,0,1,0,1,6,2026,2,3,8,0,0.3333333333333333,8.0,1,1714,1595,0,99655.0
2,2,4,2,0,1,12.0,2,1,0,0,1,1,1,2021,2,3,9,0,4.0,108.0,0,1626,1611,0,113873.0
4,0,2,0,2,2,2.0,2,0,0,1,1,0,11,2021,1,2,7,1,1.0,14.0,0,1661,1595,0,85073.0
2,1,4,0,0,4,8.0,0,0,0,0,0,1,2,2023,1,1,3,0,8.0,24.0,0,1626,1611,0,97959.0
1,0,3,1,1,1,6.0,0,0,0,1,1,1,1,2025,1,3,10,1,2.0,60.0,1,1714,1551,0,93575.0
1,2,2,6,2,3,11.0,1,0,0,0,0,1,2,2026,1,1,3,0,11.0,33.0,0,1714,1595,0,113157.0
5,0,0,2,3,1,1.0,3,0,1,0,0,0,7,2024,1,1,1,0,1.0,1.0,0,1682,1567,0,94035.0
5,0,4,4,1,3,7.0,2,0,1,1,1,1,5,2020,1,4,11,1,1.75,77.0,1,1682,1611,1,166006.0
3,0,4,0,0,1,7.0,1,1,0,1,0,1,1,2025,1,3,8,0,2.333333333333333,56.0,1,1623,1611,0,98658.0
3,1,2,1,2,2,1.0,3,0,1,1,0,1,5,2020,1,3,7,0,0.3333333333333333,7.0,1,1623,1595,0,97663.0
0,0,1,6,2,1,11.0,0,1,0,1,0,1,4,2025,1,3,8,0,3.6666666666666665,88.0,1,1679,1531,0,119385.0
2,3,5,6,1,2,3.0,0,1,1,1,0,0,11,2025,1,3,6,0,1.0,18.0,0,1626,1494,0,114339.0
1,0,0,3,2,4,2.0,1,0,1,0,1,1,8,2020,1,3,8,0,0.6666666666666666,16.0,0,1714,1567,0,61640.0
3,1,4,2,0,3,5.0,2,0,1,1,0,0,11,2023,1,2,4,0,2.5,20.0,0,1623,1611,0,110485.0
4,1,1,5,1,2,6.0,2,0,0,0,0,1,12,2026,1,1,3,0,6.0,18.0,0,1661,1531,0,89299.0
0,0,5,2,1,2,4.0,1,1,1,0,0,1,6,2021,1,3,6,0,1.3333333333333333,24.0,0,1679,1494,0,147630.0
2,2,6,6,0,3,6.0,1,0,1,1,1,0,6,2020,1,3,8,1,2.0,48.0,0,1626,676,0,131422.0
1,3,3,4,1,1,12.0,2,0,0,1,0,0,3,2021,1,1,3,0,12.0,36.0,0,1714,1551,0,113873.0
2,0,0,0,2,3,11.0,1,1,1,1,0,1,12,2023,1,4,9,0,2.75,99.0,1,1626,1567,0,132321.0
5,0,4,4,2,1,8.0,1,0,1,0,1,1,3,2021,2,3,8,0,2.6666666666666665,64.0,0,1682,1611,0,131605.0
2,3,4,5,0,3,2.0,0,0,1,1,0,1,7,2021,2,3,7,0,0.6666666666666666,14.0,1,1626,1611,1,202887.5
2,0,3,5,2,2,10.0,1,1,1,1,0,1,1,2022,2,4,9,0,2.5,90.0,1,1626,1551,0,90610.0
0,0,4,2,2,1,8.0,3,1,1,1,1,0,1,2026,2,4,10,1,2.0,80.0,0,1679,1611,0,61640.0
1,0,5,5,2,2,4.0,0,1,1,1,0,0,12,2024,2,3,6,0,1.3333333333333333,24.0,0,1714,1494,0,122598.0
3,1,2,2,0,2,14.0,1,0,1,1,0,0,4,2020,2,2,4,0,7.0,56.0,0,1623,1595,0,90443.0
3,1,2,7,0,3,5.0,0,1,1,1,0,1,1,2025,2,4,9,0,1.25,45.0,1,1623,1595,0,106453.0
3,0,5,5,3,1,11.0,2,0,1,0,0,1,2,2021,2,2,4,0,5.5,44.0,0,1623,1494,0,79504.0
3,1,4,7,2,2,1.0,2,1,1,1,0,1,4,2025,2,4,9,0,0.25,9.0,1,1623,1611,0,97302.0
5,1,5,1,2,1,5.0,3,0,0,1,0,1,1,2024,2,2,6,0,2.5,30.0,1,1682,1494,0,101377.0
1,0,4,2,1,4,7.0,1,1,0,0,1,0,9,2022,2,2,6,0,3.5,42.0,0,1714,1611,0,69865.0
2,2,4,4,2,2,14.0,0,1,1,1,0,1,3,2024,2,4,9,0,3.5,126.0,1,1626,1611,0,101133.0
5,0,4,6,2,2,7.0,2,0,1,1,0,1,4,2022,1,3,7,0,2.333333333333333,49.0,1,1682,1611,0,139880.0
4,1,2,6,2,4,0.0,2,1,1,0,1,1,4,2022,1,4,10,0,0.0,0.0,0,1661,1595,0,98363.0
1,0,5,5,1,3,14.0,1,0,1,0,0,1,7,2021,1,2,4,0,7.0,56.0,0,1714,1494,0,116700.0
1,1,5,6,2,1,5.0,3,1,0,1,1,0,10,2020,1,3,9,1,1.6666666666666667,45.0,0,1714,1494,0,63827.0
1,0,1,2,0,4,12.0,1,0,1,1,0,0,12,2023,1,2,4,0,6.0,48.0,0,1714,1531,0,89300.0
1,2,1,4,2,2,7.0,0,0,1,1,1,0,11,2021,0,3,8,1,2.333333333333333,56.0,0,1714,1531,0,102117.0
0,2,5,1,2,3,6.0,2,0,0,0,1,1,6,2022,0,2,7,0,3.0,42.0,0,1679,1494,1,163155.0
1,0,3,4,2,3,0.0,2,0,0,0,1,0,7,2022,0,1,4,0,0.0,0.0,0,1714,1551,0,135732.0
5,0,6,2,0,1,6.0,2,1,1,0,0,1,8,2024,0,3,6,0,2.0,36.0,0,1682,676,0,124265.0
3,0,5,6,0,4,7.0,1,0,0,0,1,0,2,2026,0,1,4,0,7.0,28.0,0,1623,1494,0,113699.0
5,1,4,1,2,1,9.0,1,0,0,1,0,0,5,2020,0,1,3,0,9.0,27.0,0,1682,1611,0,104308.0
0,2,3,3,1,2,3.0,3,1,0,1,0,0,2,2022,0,2,5,0,1.5,15.0,0,1679,1551,0,113873.0
1,0,5,4,0,3,7.0,1,1,1,0,0,1,1,2023,0,3,6,0,2.333333333333333,42.0,0,1714,1494,0,127167.0
1,0,5,2,2,1,11.0,1,1,1,0,0,0,9,2020,1,2,3,0,5.5,33.0,0,1714,1494,0,74840.0
4,0,1,6,2,1,4.0,0,1,0,1,1,0,1,2023,1,3,9,1,1.3333333333333333,36.0,0,1661,1531,0,78228.0
2,2,1,5,0,2,13.0,1,1,0,0,0,1,11,2022,1,2,5,0,6.5,65.0,0,1626,1531,0,81852.0
2,2,4,4,2,3,9.0,0,0,1,1,1,1,1,2022,1,4,11,1,2.25,99.0,1,1626,1611,0,135003.0
0,0,0,5,0,1,7.0,2,1,0,0,0,1,9,2026,1,2,5,0,3.5,35.0,0,1679,1567,0,95467.0
3,1,4,3,3,3,8.0,2,0,0,1,1,1,2,2024,1,3,10,1,2.6666666666666665,80.0,1,1623,1611,0,127600.0
2,2,5,5,0,2,8.0,3,1,0,1,1,1,3,2023,0,4,12,1,2.0,96.0,1,1626,1494,0,110872.0
4,0,3,2,2,1,14.0,2,1,0,1,0,0,3,2020,0,2,5,0,7.0,70.0,0,1661,1551,0,86297.0
1,1,5,3,0,4,0.0,1,0,1,0,0,1,1,2024,0,2,4,0,0.0,0.0,0,1714,1494,0,87764.0
3,0,6,6,1,3,4.0,2,0,0,1,0,1,1,2021,0,2,6,0,2.0,24.0,1,1623,676,0,135534.0
0,0,1,3,2,3,3.0,1,1,0,0,1,0,5,2025,0,2,6,0,1.5,18.0,0,1679,1531,1,175064.0
4,0,0,0,1,3,1.0,2,0,0,1,0,1,3,2025,0,2,6,0,0.5,6.0,1,1661,1567,0,122666.0
5,0,1,0,2,2,12.0,1,0,0,1,0,0,2,2020,0,1,3,0,12.0,36.0,0,1682,1531,0,129350.0
1,1,2,7,2,3,8.0,1,1,0,0,0,1,2,2022,0,2,5,0,4.0,40.0,0,1714,1595,0,108097.0
5,2,1,1,0,2,6.0,3,0,1,0,0,0,4,2021,0,1,1,0,6.0,6.0,0,1682,1531,0,111826.0
4,0,2,2,2,3,12.0,0,0,1,1,0,1,10,2025,0,3,7,0,4.0,84.0,1,1661,1595,0,155405.0
2,1,0,2,2,1,7.0,0,0,0,1,1,1,5,2025,0,3,10,1,2.333333333333333,70.0,1,1626,1567,0,78496.0
1,0,0,1,1,2,7.0,0,1,1,1,0,0,11,2025,1,3,6,0,2.333333333333333,42.0,0,1714,1567,0,109876.0
1,2,3,4,0,4,4.0,0,1,0,0,0,0,12,2024,1,1,2,0,4.0,8.0,0,1714,1551,0,104706.0
2,1,1,5,1,3,10.0,2,1,1,0,0,0,2,2026,1,2,3,0,5.0,30.0,0,1626,1531,0,105617.0
2,2,2,2,1,1,2.0,1,0,0,0,1,0,1,2022,1,1,4,0,2.0,8.0,0,1626,1595,0,67393.0
1,2,3,0,0,2,10.0,1,0,0,1,0,1,4,2024,1,2,6,0,5.0,60.0,1,1714,1551,0,70623.0
2,0,1,3,2,1,13.0,1,1,1,1,1,1,4,2021,1,5,13,1,2.6,169.0,1,1626,1531,0,113873.0
2,2,2,5,1,1,7.0,2,1,0,0,0,1,12,2021,1,2,5,0,3.5,35.0,0,1626,1595,0,61640.0
4,2,4,1,2,3,4.0,0,1,0,1,0,1,1,2024,1,3,8,0,1.3333333333333333,32.0,1,1661,1611,0,128593.0
3,3,0,0,2,3,3.0,2,0,1,1,1,0,1,2023,1,3,8,1,1.0,24.0,0,1623,1567,0,133751.0
4,0,2,7,2,3,13.0,0,0,1,1,1,1,3,2020,1,4,11,1,3.25,143.0,1,1661,1595,0,159925.0
6,0,1,0,1,2,7.0,0,0,1,0,0,1,9,2021,1,2,4,0,3.5,28.0,0,40,1531,0,101300.0
2,2,4,7,1,1,4.0,2,1,0,1,0,1,4,2020,1,3,8,0,1.3333333333333333,32.0,1,1626,1611,0,71501.0
5,2,3,1,0,1,7.0,1,1,0,0,1,1,9,2020,1,3,9,0,2.333333333333333,63.0,0,1682,1551,0,114825.0
4,2,3,0,2,3,2.0,2,1,1,1,0,0,4,2026,1,3,6,0,0.6666666666666666,12.0,0,1661,1551,0,100600.0
0,0,5,5,2,1,7.0,1,1,0,1,1,1,11,2026,1,4,12,1,1.75,84.0,1,1679,1494,0,131282.0
2,2,5,5,0,3,11.0,0,1,1,0,1,1,3,2021,1,4,10,0,2.75,110.0,0,1626,1494,0,125976.0
4,2,2,1,0,4,2.0,0,0,0,0,1,1,1,2020,1,2,7,0,1.0,14.0,0,1661,1595,0,113873.0
3,1,0,4,2,4,10.0,1,0,0,1,0,0,8,2026,1,1,3,0,10.0,30.0,0,1623,1567,0,133432.0
5,0,5,4,1,3,2.4,1,0,1,0,0,0,6,2023,1,1,1,0,2.4,2.4,0,1682,1494,0,113873.0
5,2,1,2,1,2,1.0,2,0,0,0,1,1,1,2025,1,2,7,0,0.5,7.0,0,1682,1531,0,140344.0
1,2,4,6,3,2,9.0,1,1,1,1,1,1,8,2026,0,5,13,1,1.8,117.0,1,1714,1611,0,110165.0
3,0,0,1,1,1,0.0,1,0,1,1,0,1,8,2022,0,3,7,0,0.0,0.0,1,1623,1567,0,89900.0
4,0,6,3,1,3,7.0,1,0,1,0,0,1,1,2022,0,2,4,0,3.5,28.0,0,1661,676,0,112684.0
0,0,0,0,0,1,10.0,1,0,1,1,0,0,1,2021,0,2,4,0,5.0,40.0,0,1679,1567,0,127329.0
0,0,3,1,1,1,11.0,2,0,1,1,1,1,8,2022,0,4,11,1,2.75,121.0,1,1679,1551,0,128055.0
5,3,0,4,0,2,6.0,0,0,1,1,0,1,9,2024,0,3,7,0,2.0,42.0,1,1682,1567,0,61640.0
0,0,4,7,1,3,11.0,1,0,1,1,0,1,1,2024,0,3,7,0,3.6666666666666665,77.0,1,1679,1611,1,167811.0
0,0,4,5,2,1,7.0,2,0,1,0,0,0,6,2022,0,1,1,0,7.0,7.0,0,1679,1611,0,109853.0
2,0,2,3,2,1,11.0,2,0,0,1,0,1,1,2020,0,2,6,0,5.5,66.0,1,1626,1595,0,113873.0
0,2,3,2,0,4,1.0,1,1,1,1,0,1,1,2023,1,4,9,0,0.25,9.0,1,1679,1551,0,142350.0
5,0,1,1,2,1,4.0,0,0,1,0,1,1,3,2020,1,3,8,0,1.3333333333333333,32.0,0,1682,1531,0,117506.0
1,0,3,3,3,1,9.0,0,0,1,0,1,1,5,2026,1,3,8,0,3.0,72.0,0,1714,1551,0,91074.0
1,0,2,2,3,2,12.0,0,0,0,0,1,1,12,2022,1,2,7,0,6.0,84.0,0,1714,1595,0,108424.0
4,2,3,1,2,2,5.0,2,0,1,1,0,0,7,2025,1,2,4,0,2.5,20.0,0,1661,1551,0,90168.0
3,3,1,1,2,1,14.0,0,0,1,1,0,1,10,2026,1,3,7,0,4.666666666666667,98.0,1,1623,1531,0,113873.0
2,1,2,3,3,3,8.0,1,1,1,0,1,1,1,2024,1,4,10,0,2.0,80.0,0,1626,1595,0,122485.0
3,0,4,1,1,1,1.0,2,0,1,1,1,0,4,2022,0,3,8,1,0.3333333333333333,8.0,0,1623,1611,0,113873.0
0,0,6,6,0,2,2.0,1,1,0,0,1,0,9,2025,0,2,6,0,1.0,12.0,0,1679,676,0,154219.0
3,0,2,6,0,3,11.0,1,0,1,1,1,1,10,2021,0,4,11,1,2.75,121.0,1,1623,1595,1,164786.0
1,0,1,1,0,1,7.0,0,0,1,0,0,0,3,2025,0,1,1,0,7.0,7.0,0,1714,1531,1,202887.5
2,1,3,6,2,4,8.0,2,0,1,0,0,0,11,2020,0,1,1,0,8.0,8.0,0,1626,1551,0,87616.0
4,1,4,6,1,2,2.0,0,0,1,1,0,1,2,2025,0,3,7,0,0.6666666666666666,14.0,1,1661,1611,0,113873.0
3,2,4,3,1,1,7.0,2,1,1,1,0,1,7,2025,0,4,9,0,1.75,63.0,1,1623,1611,0,88800.0
3,1,2,6,2,2,1.0,3,0,0,1,0,1,10,2020,0,2,6,0,0.5,6.0,1,1623,1595,0,97596.0
2,0,0,1,3,1,10.0,1,0,0,0,1,1,8,2021,0,2,7,0,5.0,70.0,0,1626,1567,0,73260.0
2,2,3,2,0,3,7.0,1,1,1,1,0,0,6,2025,0,3,6,0,2.333333333333333,42.0,0,1626,1551,0,112753.0
3,1,6,4,2,1,2.0,2,1,0,1,1,1,12,2020,0,4,12,1,0.5,24.0,1,1623,676,0,87949.0
0,0,0,6,1,3,5.0,2,0,1,0,1,1,12,2021,1,3,8,0,1.6666666666666667,40.0,0,1679,1567,0,160588.0
4,2,1,3,0,1,6.0,0,1,1,1,0,1,8,2021,1,4,9,0,1.5,54.0,1,1661,1531,0,61640.0
1,1,0,1,1,1,7.0,1,0,0,1,1,0,9,2021,1,2,7,1,3.5,49.0,0,1714,1567,0,75987.0
4,1,1,4,0,2,7.0,0,1,1,1,0,1,9,2021,0,4,9,0,1.75,63.0,1,1661,1531,0,102400.0
5,2,5,2,1,1,1.0,1,0,1,1,0,1,7,2026,0,3,7,0,0.3333333333333333,7.0,1,1682,1494,0,61640.0
3,0,4,2,3,1,9.0,1,1,1,0,0,1,6,2022,2,3,6,0,3.0,54.0,0,1623,1611,0,97146.0
1,0,2,3,0,1,7.0,0,1,0,0,0,1,1,2022,2,2,5,0,3.5,35.0,0,1714,1595,0,61640.0
3,2,3,2,3,1,5.0,1,1,0,1,0,1,6,2022,2,3,8,0,1.6666666666666667,40.0,1,1623,1551,0,72590.0
0,1,4,5,0,1,8.0,0,0,0,1,0,0,6,2024,2,1,3,0,8.0,24.0,0,1679,1611,0,61640.0
3,1,4,7,0,3,8.0,2,0,0,1,0,1,5,2021,2,2,6,0,4.0,48.0,1,1623,1611,0,129040.0
2,0,2,2,2,2,5.0,0,1,0,0,0,0,6,2026,2,1,2,0,5.0,10.0,0,1626,1595,0,70576.0
5,2,5,0,0,2,12.0,2,0,1,0,0,0,9,2026,2,1,1,0,12.0,12.0,0,1682,1494,0,115242.0
5,3,3,6,0,2,13.0,2,1,1,1,0,1,11,2023,2,4,9,0,3.25,117.0,1,1682,1551,0,137343.0
4,3,3,2,2,3,12.4,1,0,1,1,1,1,3,2020,2,4,11,1,3.1,136.4,1,1661,1551,0,149048.0
4,2,2,5,3,2,11.0,1,1,1,1,0,1,3,2024,2,4,9,0,2.75,99.0,1,1661,1595,0,99000.0
2,0,1,6,2,3,3.0,2,0,1,1,0,0,5,2026,1,2,4,0,1.5,12.0,0,1626,1531,0,138200.0
1,3,4,4,2,1,7.0,1,1,1,1,0,1,1,2026,1,4,9,0,1.75,63.0,1,1714,1611,0,61640.0
1,1,3,2,2,2,7.0,0,1,0,1,1,1,12,2026,1,4,12,1,1.75,84.0,1,1714,1551,0,113873.0
4,0,1,0,0,2,7.0,3,0,1,1,1,1,8,2025,1,4,11,1,1.75,77.0,1,1661,1531,0,118576.0
3,0,1,7,2,3,12.0,0,1,0,1,1,0,12,2025,1,3,9,1,4.0,108.0,0,1623,1531,0,152170.0
1,1,4,1,1,1,7.0,1,1,1,1,1,1,1,2023,1,5,13,1,1.4,91.0,1,1714,1611,0,92274.0
0,2,2,0,0,1,13.0,1,0,1,1,0,0,6,2024,1,2,4,0,6.5,52.0,0,1679,1595,0,109621.0
0,0,5,7,0,1,9.0,1,0,0,0,0,1,1,2023,1,1,3,0,9.0,27.0,0,1679,1494,0,100142.0
0,2,1,3,2,4,11.0,1,0,1,0,0,1,1,2023,2,2,4,0,5.5,44.0,0,1679,1531,0,104261.0
5,0,5,2,1,2,7.0,2,0,0,1,1,0,3,2021,2,2,7,1,3.5,49.0,0,1682,1494,0,142828.0
0,0,1,6,0,2,7.0,2,1,1,0,1,0,4,2022,2,3,7,0,2.333333333333333,49.0,0,1679,1531,0,145082.0
0,1,3,1,1,3,7.0,0,0,1,1,0,1,12,2025,1,3,7,0,2.333333333333333,49.0,1,1679,1551,1,164677.0
2,3,1,2,0,3,12.0,2,0,1,1,1,1,11,2021,1,4,11,1,3.0,132.0,1,1626,1531,0,136534.0
1,0,4,1,0,2,7.0,2,1,1,0,1,1,5,2025,1,4,10,0,1.75,70.0,0,1714,1611,0,124206.0
3,2,0,2,1,3,7.0,1,0,0,0,1,1,7,2020,1,2,7,0,3.5,49.0,0,1623,1567,0,123007.0
4,0,2,2,2,2,0.0,0,0,0,1,1,1,3,2023,1,3,10,1,0.0,0.0,1,1661,1595,0,112096.0
5,3,3,1,1,2,5.0,2,1,1,0,0,0,3,2021,1,2,3,0,2.5,15.0,0,1682,1551,0,125016.0
4,0,2,3,0,2,0.0,0,1,1,0,0,0,11,2024,1,2,3,0,0.0,0.0,0,1661,1595,0,113873.0
5,0,1,4,1,2,11.0,2,1,1,0,0,1,10,2020,1,3,6,0,3.6666666666666665,66.0,0,1682,1531,0,122405.0
2,1,1,1,1,3,10.0,1,1,1,1,1,0,11,2022,1,4,10,1,2.5,100.0,0,1626,1531,0,128100.0
5,0,1,2,2,0,7.0,2,1,0,0,0,0,1,2023,2,1,2,0,7.0,14.0,0,1682,1531,0,92800.0
4,2,1,3,1,1,1.0,2,0,1,0,1,0,9,2022,2,2,5,0,0.5,5.0,0,1661,1531,0,68249.0
2,1,0,0,0,1,7.0,0,0,1,1,1,1,4,2020,2,4,11,1,1.75,77.0,1,1626,1567,0,92081.0
4,0,4,1,2,3,4.0,2,0,1,1,0,1,7,2023,2,3,7,0,1.3333333333333333,28.0,1,1661,1611,0,122588.0
4,0,4,4,0,4,14.4,1,1,1,0,0,0,12,2021,2,2,3,0,7.2,43.2,0,1661,1611,0,70950.0
5,1,4,2,2,4,14.0,0,0,1,1,0,1,1,2023,2,3,7,0,4.666666666666667,98.0,1,1682,1611,1,166512.0
2,1,1,2,0,2,0.0,0,0,1,0,1,1,2,2026,2,3,8,0,0.0,0.0,0,1626,1531,0,100306.0
3,0,2,3,0,3,6.0,2,0,1,0,0,0,1,2026,2,1,1,0,6.0,6.0,0,1623,1595,0,104941.0
4,1,4,2,3,3,7.0,2,0,0,1,0,0,4,2022,2,1,3,0,7.0,21.0,0,1661,1611,0,111881.0
2,2,0,2,1,2,6.0,1,0,1,1,1,0,7,2023,2,3,8,1,2.0,48.0,0,1626,1567,0,103443.0
0,1,4,1,0,3,10.0,1,0,0,1,0,0,3,2021,2,1,3,0,10.0,30.0,0,1679,1611,0,154806.0
3,0,0,3,2,2,2.0,2,0,0,1,0,1,10,2026,2,2,6,0,1.0,12.0,1,1623,1567,0,109436.0
4,0,0,3,1,3,12.0,0,1,1,0,0,0,10,2022,2,2,3,0,6.0,36.0,0,1661,1567,0,96273.0
2,0,2,2,0,2,1.0,2,0,1,0,1,1,10,2022,2,3,8,0,0.3333333333333333,8.0,0,1626,1595,0,86266.0
1,0,3,2,1,3,10.0,2,0,0,1,0,0,10,2020,2,1,3,0,10.0,30.0,0,1714,1551,0,132835.0
3,0,2,6,3,1,7.0,2,1,1,0,1,1,1,2020,2,4,10,0,1.75,70.0,0,1623,1595,0,79507.0
5,1,3,4,2,3,11.0,1,0,0,1,1,1,3,2023,0,3,10,1,3.6666666666666665,110.0,1,1682,1551,1,181800.0
4,2,4,3,0,4,7.0,0,1,0,0,0,0,6,2021,0,1,2,0,7.0,14.0,0,1661,1611,0,61640.0
3,1,3,2,1,3,1.0,2,0,1,1,0,0,1,2021,0,2,4,0,0.5,4.0,0,1623,1551,0,113873.0
1,1,6,3,1,3,10.0,0,0,1,1,0,0,8,2024,0,2,4,0,5.0,40.0,0,1714,676,0,114182.0
2,0,6,3,2,3,4.0,0,1,1,1,1,1,1,2026,0,5,13,1,0.8,52.0,1,1626,676,0,157285.0
1,1,3,4,0,3,1.0,2,0,0,1,1,1,3,2020,0,3,10,1,0.3333333333333333,10.0,1,1714,1551,0,126437.0
5,0,4,0,2,2,9.2,0,0,0,0,0,1,1,2024,2,1,3,0,9.2,27.6,0,1682,1611,0,127746.0
5,3,4,3,0,3,7.0,1,0,1,0,0,1,12,2020,2,2,4,0,3.5,28.0,0,1682,1611,1,202887.5
5,1,0,1,2,3,8.0,3,1,1,1,1,1,6,2020,2,5,13,1,1.6,104.0,1,1682,1567,0,155279.0
3,2,4,1,1,2,3.0,0,1,1,0,0,1,7,2020,2,3,6,0,1.0,18.0,0,1623,1611,0,86625.0
1,0,2,6,0,4,2.0,0,0,1,0,0,0,11,2024,2,1,1,0,2.0,2.0,0,1714,1595,0,121747.0
3,1,4,7,1,4,7.0,0,0,0,1,1,1,7,2020,2,3,10,1,2.333333333333333,70.0,1,1623,1611,1,202887.5
4,0,4,7,2,3,3.0,2,0,1,0,0,0,5,2022,2,1,1,0,3.0,3.0,0,1661,1611,0,96225.0
0,2,5,4,0,2,10.0,1,1,0,0,1,1,5,2026,2,3,9,0,3.333333333333333,90.0,0,1679,1494,0,140877.0
5,0,5,1,0,3,1.0,2,1,0,1,1,1,2,2021,2,4,12,1,0.25,12.0,1,1682,1494,1,175000.0
2,0,1,5,1,3,7.0,2,1,0,0,0,1,9,2026,2,2,5,0,3.5,35.0,0,1626,1531,0,125400.0
1,2,4,1,2,1,14.0,0,1,0,1,0,1,8,2026,2,3,8,0,4.666666666666667,112.0,1,1714,1611,0,71468.0
0,2,1,6,1,1,9.0,2,0,0,1,0,1,1,2025,2,2,6,0,4.5,54.0,1,1679,1531,0,134500.0
3,0,6,5,1,1,14.0,1,1,0,1,0,1,2,2020,2,3,8,0,4.666666666666667,112.0,1,1623,676,0,69742.0
5,0,3,2,1,1,14.0,0,1,0,1,1,1,2,2023,2,4,12,1,3.5,168.0,1,1682,1551,0,113873.0
2,0,5,0,0,1,11.0,0,1,1,0,0,1,2,2022,2,3,6,0,3.6666666666666665,66.0,0,1626,1494,0,61640.0
0,0,5,3,2,1,7.0,1,0,1,1,0,1,1,2024,2,3,7,0,2.333333333333333,49.0,1,1679,1494,0,135900.0
5,2,4,0,1,1,4.0,1,0,0,0,1,0,2,2021,2,1,4,0,4.0,16.0,0,1682,1611,0,103783.0
4,0,0,7,1,3,11.0,2,0,1,1,1,0,11,2026,2,3,8,1,3.6666666666666665,88.0,0,1661,1567,0,127400.0
3,1,3,2,2,2,3.0,0,0,1,1,0,1,9,2026,2,3,7,0,1.0,21.0,1,1623,1551,0,95352.0
3,2,2,7,2,1,4.0,2,0,0,1,0,0,3,2024,2,1,3,0,4.0,12.0,0,1623,1595,0,61640.0
3,3,2,7,2,1,6.0,2,0,1,1,0,0,6,2022,1,2,4,0,3.0,24.0,0,1623,1595,0,71429.0
3,2,5,4,0,4,6.0,0,1,0,1,0,1,4,2022,1,3,8,0,2.0,48.0,1,1623,1494,0,96218.0
2,0,2,3,1,1,10.0,1,0,0,1,0,1,8,2020,1,2,6,0,5.0,60.0,1,1626,1595,0,78910.0
1,0,3,2,0,2,5.0,1,0,1,0,0,0,2,2020,1,1,1,0,5.0,5.0,0,1714,1551,0,85605.0
2,2,5,7,1,3,1.0,1,0,0,1,1,0,9,2026,0,2,7,1,0.5,7.0,0,1626,1494,0,130888.0
5,1,5,1,1,2,12.0,3,1,0,0,1,1,8,2024,0,3,9,0,4.0,108.0,0,1682,1494,1,202887.5
2,1,0,3,1,1,0.0,0,0,0,1,0,0,12,2020,0,1,3,0,0.0,0.0,0,1626,1567,0,61640.0
1,3,1,5,1,3,6.0,2,0,0,0,0,1,10,2025,1,1,3,0,6.0,18.0,0,1714,1531,0,111921.0
1,0,1,6,2,2,11.0,1,1,1,0,0,1,7,2025,1,3,6,0,3.6666666666666665,66.0,0,1714,1531,0,100834.0
3,0,2,5,1,3,7.0,0,1,0,1,1,1,9,2025,1,4,12,1,1.75,84.0,1,1623,1595,0,156566.0
0,0,1,6,2,2,10.0,1,1,0,0,0,0,10,2026,1,1,2,0,10.0,20.0,0,1679,1531,0,132513.0
2,1,4,0,2,1,4.0,1,1,0,1,1,1,8,2026,1,4,12,1,1.0,48.0,1,1626,1611,0,90990.0
4,2,1,4,2,2,7.0,2,0,1,0,1,0,9,2021,0,2,5,0,3.5,35.0,0,1661,1531,0,85551.0
5,2,5,3,0,2,3.3,0,1,0,0,1,0,12,2021,0,2,6,0,1.65,19.8,0,1682,1494,0,125702.0
0,0,4,0,0,1,8.0,2,0,1,0,0,1,4,2024,0,2,4,0,4.0,32.0,0,1679,1611,0,113873.0
1,2,5,6,1,3,8.0,0,0,1,0,0,0,7,2023,2,1,1,0,8.0,8.0,0,1714,1494,0,99995.0
0,2,3,4,0,3,7.0,2,1,1,1,1,0,5,2022,2,4,10,1,1.75,70.0,0,1679,1551,1,170388.0
4,1,4,2,2,3,7.0,2,0,0,1,0,0,6,2021,2,1,3,0,7.0,21.0,0,1661,1611,0,127600.0
3,0,3,4,1,3,12.0,2,0,1,1,0,0,1,2024,2,2,4,0,6.0,48.0,0,1623,1551,0,112671.0
3,1,2,3,3,2,14.0,0,0,1,0,0,1,9,2026,2,2,4,0,7.0,56.0,0,1623,1595,0,84919.0
1,0,3,2,1,1,12.0,0,0,1,1,1,0,5,2022,0,3,8,1,4.0,96.0,0,1714,1551,0,100479.0
0,3,1,0,1,4,12.0,2,0,1,1,1,1,11,2022,0,4,11,1,3.0,132.0,1,1679,1531,0,113873.0
1,1,2,5,1,3,1.0,2,0,1,0,1,1,3,2021,0,3,8,0,0.3333333333333333,8.0,0,1714,1595,0,128383.0
1,0,2,6,0,1,1.0,1,1,1,0,0,0,8,2025,1,2,3,0,0.5,3.0,0,1714,1595,0,80260.0
3,1,0,2,0,1,6.0,1,1,0,1,0,1,1,2024,1,3,8,0,2.0,48.0,1,1623,1567,0,61640.0
5,1,0,1,0,3,7.0,1,0,1,1,1,1,7,2020,1,4,11,1,1.75,77.0,1,1682,1567,1,176852.0
4,0,3,1,1,3,8.0,2,1,1,0,0,1,2,2023,2,3,6,0,2.6666666666666665,48.0,0,1661,1551,0,119576.0
2,2,4,4,0,2,7.0,0,0,0,1,0,0,1,2025,2,1,3,0,7.0,21.0,0,1626,1611,0,105800.0
0,0,6,6,3,3,1.0,0,0,1,1,1,1,8,2020,2,4,11,1,0.25,11.0,1,1679,676,1,166700.0
2,2,0,7,2,3,12.0,0,0,1,1,1,0,2,2023,2,3,8,1,4.0,96.0,0,1626,1567,0,130400.0
0,0,3,1,0,2,5.0,2,1,0,1,1,1,10,2023,2,4,12,1,1.25,60.0,1,1679,1551,0,154227.0
0,0,3,5,2,2,7.0,1,1,1,0,1,0,10,2020,2,3,7,0,2.333333333333333,49.0,0,1679,1551,0,136800.0
5,1,2,4,1,4,4.0,0,1,0,0,1,1,6,2025,2,3,9,0,1.3333333333333333,36.0,0,1682,1595,0,110368.0
4,1,0,0,2,2,1.0,2,0,0,1,1,1,11,2024,2,3,10,1,0.3333333333333333,10.0,1,1661,1567,0,111639.0
1,0,6,6,0,3,3.0,2,1,0,0,0,0,1,2020,2,1,2,0,3.0,6.0,0,1714,676,0,105059.0
2,1,3,4,1,1,7.0,2,0,0,0,1,1,8,2021,2,2,7,0,3.5,49.0,0,1626,1551,0,79333.0
2,1,2,0,1,2,4.0,1,1,1,1,0,0,7,2024,0,3,6,0,1.3333333333333333,24.0,0,1626,1595,0,94831.0
0,0,4,2,1,3,0.0,1,1,1,1,0,1,7,2021,0,4,9,0,0.0,0.0,1,1679,1611,1,183783.0
3,0,5,6,1,3,4.0,2,0,1,1,1,1,1,2024,0,4,11,1,1.0,44.0,1,1623,1494,0,122260.0
1,0,5,1,1,3,4.0,2,1,1,1,1,1,7,2021,0,5,13,1,0.8,52.0,1,1714,1494,0,158120.0
1,0,0,4,2,3,7.0,1,0,0,1,1,0,4,2024,0,2,7,1,3.5,49.0,0,1714,1567,0,150389.0
4,0,0,4,2,2,14.0,1,1,0,1,1,1,7,2022,0,4,12,1,3.5,168.0,1,1661,1567,0,122349.0
4,2,3,4,1,2,14.2,2,1,1,0,1,0,4,2020,2,3,7,0,4.733333333333333,99.4,0,1661,1551,0,93526.0
5,0,3,4,0,3,5.0,1,0,1,0,1,1,9,2021,2,3,8,0,1.6666666666666667,40.0,0,1682,1551,1,181470.0
5,2,2,5,3,2,9.0,3,1,0,0,1,0,1,2020,2,2,6,0,4.5,54.0,0,1682,1595,1,202887.5
3,2,5,2,2,0,7.0,2,0,1,1,0,1,11,2024,2,3,7,0,2.333333333333333,49.0,1,1623,1494,0,113873.0
3,1,4,1,1,3,7.0,2,0,0,1,1,1,5,2026,2,3,10,1,2.333333333333333,70.0,1,1623,1611,0,131805.0
5,2,3,5,1,1,12.0,2,0,1,0,1,1,4,2021,2,3,8,0,4.0,96.0,0,1682,1551,0,104930.0
5,0,1,4,1,1,12.0,2,0,0,1,0,1,7,2026,2,2,6,0,6.0,72.0,1,1682,1531,0,110156.0
0,0,3,6,2,3,2.0,0,0,0,1,0,0,7,2021,2,1,3,0,2.0,6.0,0,1679,1551,0,157316.0
5,2,1,5,2,4,7.0,0,0,0,1,0,1,4,2024,2,2,6,0,3.5,42.0,1,1682,1531,1,168306.0
5,1,3,2,1,1,3.0,1,0,1,1,0,0,8,2023,1,2,4,0,1.5,12.0,0,1682,1551,0,103466.0
1,2,2,4,3,2,7.0,0,0,0,0,0,1,1,2023,1,1,3,0,7.0,21.0,0,1714,1595,1,202887.5
0,2,1,2,2,1,7.0,3,0,0,1,0,1,9,2026,1,2,6,0,3.5,42.0,1,1679,1531,0,126330.0
4,2,1,4,0,2,12.0,2,1,1,1,0,1,7,2020,1,4,9,0,3.0,108.0,1,1661,1531,0,96630.0
0,2,0,6,2,2,8.0,1,0,1,1,0,0,1,2024,0,2,4,0,4.0,32.0,0,1679,1567,0,113873.0
5,0,2,3,2,3,7.0,2,1,1,0,1,1,11,2020,1,4,10,0,1.75,70.0,0,1682,1595,1,181890.0
1,0,2,1,1,3,1.0,1,1,0,1,0,0,2,2020,1,2,5,0,0.5,5.0,0,1714,1595,0,117841.0
1,3,4,6,0,3,6.0,3,0,1,0,1,1,3,2020,1,3,8,0,2.0,48.0,0,1714,1611,0,120402.0
1,1,2,2,0,2,5.0,0,0,1,1,0,0,8,2020,1,2,4,0,2.5,20.0,0,1714,1595,0,91298.0
2,2,6,3,0,2,5.0,1,0,1,0,0,0,10,2021,1,1,1,0,5.0,5.0,0,1626,676,1,202887.5
0,0,0,1,1,2,14.0,0,0,1,0,0,0,4,2021,1,1,1,0,14.0,14.0,0,1679,1567,0,110808.0
1,3,0,1,0,1,2.0,2,0,0,1,1,1,7,2026,1,3,10,1,0.6666666666666666,20.0,1,1714,1567,0,85015.0
2,2,1,6,2,1,7.0,3,1,1,0,1,0,3,2022,1,3,7,0,2.333333333333333,49.0,0,1626,1531,0,67859.0
4,2,2,4,0,1,9.0,1,1,1,1,0,0,12,2021,2,3,6,0,3.0,54.0,0,1661,1595,0,76606.0
0,2,4,1,2,1,7.0,3,1,1,1,0,1,10,2023,0,4,9,0,1.75,63.0,1,1679,1611,0,132542.0
3,1,4,6,3,1,5.0,2,0,0,1,1,1,1,2025,0,3,10,1,1.6666666666666667,50.0,1,1623,1611,0,113873.0
1,1,5,4,0,1,7.0,2,0,1,1,1,1,2,2023,0,4,11,1,1.75,77.0,1,1714,1494,0,90848.0
4,1,1,6,2,2,7.0,0,1,0,0,0,1,6,2020,0,2,5,0,3.5,35.0,0,1661,1531,0,81224.0
3,0,6,6,0,2,11.0,1,0,0,1,1,0,6,2020,0,2,7,1,5.5,77.0,0,1623,676,0,94269.0
0,0,6,4,1,1,0.0,1,1,0,1,1,0,6,2022,0,3,9,1,0.0,0.0,0,1679,676,0,122861.0
1,2,4,3,2,2,7.0,0,0,1,1,1,1,2,2026,0,4,11,1,1.75,77.0,1,1714,1611,0,113873.0
2,0,1,4,2,3,3.0,0,0,1,0,0,0,8,2020,0,1,1,0,3.0,3.0,0,1626,1531,0,113873.0
2,0,1,1,2,3,5.0,1,0,1,1,0,1,2,2021,0,3,7,0,1.6666666666666667,35.0,1,1626,1531,0,127157.0
5,0,3,0,2,4,9.0,1,1,1,1,0,0,3,2024,0,3,6,0,3.0,54.0,0,1682,1551,0,111180.0
0,2,0,0,1,2,12.0,1,1,1,1,1,1,10,2023,2,5,13,1,2.4,156.0,1,1679,1567,0,142311.0
0,2,6,6,2,2,3.0,1,0,0,1,1,1,7,2020,1,3,10,1,1.0,30.0,1,1679,676,0,141700.0
2,0,4,1,1,1,8.0,2,1,1,1,0,0,3,2020,2,3,6,0,2.6666666666666665,48.0,0,1626,1611,0,86286.0
3,0,1,3,2,1,1.2,2,1,1,0,0,0,4,2025,2,2,3,0,0.6,3.6,0,1623,1531,0,80104.0
4,0,2,2,1,1,6.0,1,1,1,0,0,1,4,2024,2,3,6,0,2.0,36.0,0,1661,1595,0,61640.0
3,0,0,3,2,3,10.0,1,0,1,0,0,0,7,2024,2,1,1,0,10.0,10.0,0,1623,1567,0,121972.0
1,2,3,7,1,3,7.0,2,1,0,1,0,0,9,2025,1,2,5,0,3.5,35.0,0,1714,1551,0,110141.0
3,0,0,6,2,1,11.0,2,0,0,0,1,0,1,2023,1,1,4,0,11.0,44.0,0,1623,1567,0,80467.0
4,0,0,1,2,2,8.0,2,0,1,1,1,1,5,2023,1,4,11,1,2.0,88.0,1,1661,1567,0,99440.0
2,2,2,2,0,3,11.0,3,1,0,1,0,0,8,2022,1,2,5,0,5.5,55.0,0,1626,1595,0,111960.0
3,0,2,4,0,2,3.0,1,0,0,1,0,1,10,2025,1,2,6,0,1.5,18.0,1,1623,1595,0,97878.0
5,0,2,1,1,3,7.0,2,1,0,0,0,0,12,2020,2,1,2,0,7.0,14.0,0,1682,1595,0,139700.0
3,3,5,0,1,3,2.0,2,1,0,0,0,1,8,2022,2,2,5,0,1.0,10.0,0,1623,1494,0,128675.0
2,2,2,3,0,3,5.0,2,0,1,1,0,0,12,2025,2,2,4,0,2.5,20.0,0,1626,1595,0,98761.0
1,1,5,1,0,2,10.0,1,0,1,1,1,1,3,2021,2,4,11,1,2.5,110.0,1,1714,1494,0,119418.0
1,0,2,6,2,1,14.0,0,1,1,0,1,0,4,2020,2,3,7,0,4.666666666666667,98.0,0,1714,1595,0,82911.0
1,0,0,1,2,3,5.0,3,0,0,1,1,0,2,2024,2,2,7,1,2.5,35.0,0,1714,1567,0,150426.0
1,1,3,0,2,2,0.0,0,0,0,1,0,1,3,2025,2,2,6,0,0.0,0.0,1,1714,1551,0,114668.0
2,0,3,2,2,2,9.0,0,0,0,0,0,1,6,2026,2,1,3,0,9.0,27.0,0,1626,1551,0,116146.0
5,2,3,5,2,2,4.0,2,0,0,0,1,1,7,2024,2,2,7,0,2.0,28.0,0,1682,1551,0,140123.0
1,1,5,1,2,4,11.0,0,0,1,1,1,1,5,2024,2,4,11,1,2.75,121.0,1,1714,1494,0,126887.0
1,0,0,0,2,2,4.0,2,1,1,1,0,1,1,2024,2,4,9,0,1.0,36.0,1,1714,1567,0,130087.0
2,0,3,4,1,1,7.0,0,0,0,1,1,0,9,2026,0,2,7,1,3.5,49.0,0,1626,1551,0,99577.0
5,0,4,7,0,3,7.0,1,1,1,0,1,0,8,2023,0,3,7,0,2.333333333333333,49.0,0,1682,1611,1,171192.0
4,2,5,5,1,1,7.0,2,0,1,1,0,0,5,2023,0,2,4,0,3.5,28.0,0,1661,1494,0,113873.0
0,1,4,3,0,2,10.0,1,0,0,0,0,1,5,2020,0,1,3,0,10.0,30.0,0,1679,1611,0,113873.0
3,3,1,2,2,1,7.0,2,1,0,1,1,1,6,2025,0,4,12,1,1.75,84.0,1,1623,1531,0,85093.0
4,0,1,0,2,4,10.0,3,0,1,1,1,0,6,2025,0,3,8,1,3.333333333333333,80.0,0,1661,1531,0,95461.0
0,0,3,0,1,4,1.0,1,0,1,1,1,1,9,2022,0,4,11,1,0.25,11.0,1,1679,1551,0,147290.0
0,2,3,5,0,2,5.0,1,0,1,1,0,0,5,2022,0,2,4,0,2.5,20.0,0,1679,1551,0,141695.0
3,0,5,1,0,2,8.0,1,0,0,1,0,0,3,2025,0,1,3,0,8.0,24.0,0,1623,1494,0,126262.0
5,2,1,7,3,3,7.0,1,0,1,0,0,1,10,2025,1,2,4,0,3.5,28.0,0,1682,1531,0,113873.0
5,0,0,7,2,1,6.0,1,1,0,0,1,1,8,2022,1,3,9,0,2.0,54.0,0,1682,1567,0,117165.0
1,3,5,0,2,3,2.0,3,0,1,1,1,0,1,2022,1,3,8,1,0.6666666666666666,16.0,0,1714,1494,0,128572.0
3,0,0,5,2,1,12.0,0,0,1,1,1,1,9,2020,1,4,11,1,3.0,132.0,1,1623,1567,0,113873.0
0,3,1,0,2,1,10.0,2,0,0,1,1,1,11,2020,0,3,10,1,3.333333333333333,100.0,1,1679,1531,0,127181.0
3,1,0,0,2,3,0.1,0,0,1,1,1,1,4,2024,0,4,11,1,0.025,1.1,1,1623,1567,0,143200.0
5,2,1,5,2,3,8.0,1,0,0,0,1,1,9,2024,0,2,7,0,4.0,56.0,0,1682,1531,1,166539.0
2,1,5,1,1,2,13.1,2,0,1,1,0,0,1,2020,0,2,4,0,6.55,52.4,0,1626,1494,0,91166.0
1,0,2,1,0,2,10.0,2,1,1,0,1,1,9,2023,0,4,10,0,2.5,100.0,0,1714,1595,0,116500.0
0,1,3,3,0,2,6.0,1,1,0,0,0,1,10,2024,1,2,5,0,3.0,30.0,0,1679,1551,0,126089.0
3,1,3,6,0,1,3.0,2,0,1,1,0,0,1,2021,1,2,4,0,1.5,12.0,0,1623,1551,0,68872.0
1,0,4,5,0,1,14.0,0,1,0,1,0,1,7,2020,1,3,8,0,4.666666666666667,112.0,1,1714,1611,0,95457.0
0,0,1,0,2,3,11.0,3,1,0,0,0,0,1,2022,1,1,2,0,11.0,22.0,0,1679,1531,0,160709.0
0,3,4,5,2,4,2.0,1,0,0,1,1,0,7,2023,1,2,7,1,1.0,14.0,0,1679,1611,1,167604.0
4,2,0,0,2,3,4.0,1,1,1,1,0,0,1,2021,1,3,6,0,1.3333333333333333,24.0,0,1661,1567,0,133177.0
3,1,2,3,1,4,0.0,3,0,1,0,0,1,1,2026,1,2,4,0,0.0,0.0,0,1623,1595,0,61640.0
1,3,0,0,0,4,13.0,0,1,1,1,1,0,1,2022,1,4,10,1,3.25,130.0,0,1714,1567,0,108700.0
2,2,5,5,2,2,4.0,1,0,1,1,0,1,1,2022,1,3,7,0,1.3333333333333333,28.0,1,1626,1494,0,89223.0
0,2,3,5,1,1,1.0,2,1,1,0,0,1,12,2023,1,3,6,0,0.3333333333333333,6.0,0,1679,1551,0,61640.0
2,1,1,4,3,2,5.0,0,1,0,1,0,1,2,2020,1,3,8,0,1.6666666666666667,40.0,1,1626,1531,0,98735.0
3,1,2,2,3,1,5.0,2,0,1,0,0,1,2,2026,1,2,4,0,2.5,20.0,0,1623,1595,0,64440.0
1,2,2,3,2,3,1.0,2,1,0,1,1,0,2,2024,1,3,9,1,0.3333333333333333,9.0,0,1714,1595,0,128974.0
1,0,5,4,1,3,2.0,2,0,0,1,1,0,8,2022,1,2,7,1,1.0,14.0,0,1714,1494,0,153314.0
5,2,0,6,2,1,13.0,0,1,0,1,0,1,3,2026,1,3,8,0,4.333333333333333,104.0,1,1682,1567,0,113589.0
0,0,3,4,2,2,14.0,0,1,1,0,0,1,4,2025,1,3,6,0,4.666666666666667,84.0,0,1679,1551,0,128849.0
0,0,3,6,3,2,0.0,3,0,0,1,0,0,10,2026,1,1,3,0,0.0,0.0,0,1679,1551,0,132200.0
1,1,1,2,2,3,5.0,2,0,1,0,1,0,5,2020,1,2,5,0,2.5,25.0,0,1714,1531,0,113778.0
5,1,6,3,2,3,6.0,1,0,1,1,1,1,4,2026,0,4,11,1,1.5,66.0,1,1682,676,1,182171.0
3,1,2,1,0,3,7.0,2,0,1,0,0,1,8,2021,0,2,4,0,3.5,28.0,0,1623,1595,0,97919.0
4,0,3,3,2,3,6.0,1,0,0,1,1,0,1,2021,0,2,7,1,3.0,42.0,0,1661,1551,0,153583.0
1,1,5,0,0,2,13.0,2,0,0,1,0,1,4,2024,0,2,6,0,6.5,78.0,1,1714,1494,0,109891.0
0,0,5,1,0,3,7.0,2,0,1,1,1,0,11,2020,0,3,8,1,2.333333333333333,56.0,0,1679,1494,1,169929.0
3,1,1,5,1,1,7.0,1,0,0,1,0,0,12,2024,0,1,3,0,7.0,21.0,0,1623,1531,0,64364.0
4,0,1,0,2,3,7.0,2,1,1,1,1,1,12,2022,0,5,13,1,1.4,91.0,1,1661,1531,0,128849.0
5,0,1,4,1,1,12.8,0,0,0,1,0,1,12,2022,2,2,6,0,6.4,76.80000000000001,1,1682,1531,0,118335.0
3,0,5,7,1,1,5.0,2,0,1,0,1,0,11,2024,2,2,5,0,2.5,25.0,0,1623,1494,0,74100.0
1,2,2,4,1,3,5.0,2,0,0,0,1,1,1,2021,2,2,7,0,2.5,35.0,0,1714,1595,0,123974.0
3,2,0,3,3,1,10.0,0,1,1,1,0,1,1,2024,2,4,9,0,2.5,90.0,1,1623,1567,0,70989.0
3,3,5,0,0,1,5.0,2,1,0,0,0,1,11,2024,2,2,5,0,2.5,25.0,0,1623,1494,0,61640.0
2,2,1,2,0,2,11.0,2,1,1,0,0,1,7,2026,0,3,6,0,3.6666666666666665,66.0,0,1626,1531,0,72644.0
0,2,4,2,1,2,10.0,1,1,0,1,0,1,8,2020,0,3,8,0,3.333333333333333,80.0,1,1679,1611,1,202887.5
0,0,2,6,2,3,5.0,2,0,1,0,0,1,12,2022,1,2,4,0,2.5,20.0,0,1679,1595,0,154419.0
0,1,4,0,1,4,7.0,0,1,1,0,0,1,3,2026,0,3,6,0,2.333333333333333,42.0,0,1679,1611,0,112567.0
1,0,6,0,1,1,14.0,1,0,1,0,0,0,9,2026,0,1,1,0,14.0,14.0,0,1714,676,0,74270.0
1,2,1,1,1,1,2.0,2,0,0,0,1,0,1,2026,1,1,4,0,2.0,8.0,0,1714,1531,0,64112.0
3,0,3,1,3,4,7.0,2,1,1,0,1,1,1,2022,1,4,10,0,1.75,70.0,0,1623,1551,0,116367.0
1,2,0,1,0,2,3.0,0,1,0,0,1,1,9,2022,1,3,9,0,1.0,27.0,0,1714,1567,0,100859.0
5,1,5,4,0,2,4.0,0,0,0,1,0,0,12,2020,1,1,3,0,4.0,12.0,0,1682,1494,0,130400.0
5,0,2,0,1,4,2.0,3,0,0,1,1,1,1,2022,0,3,10,1,0.6666666666666666,20.0,1,1682,1595,1,173140.0
1,1,3,0,1,1,7.0,0,0,0,1,0,0,1,2023,0,1,3,0,7.0,21.0,0,1714,1551,0,79356.0
1,1,1,1,0,2,1.2,1,0,1,1,0,1,9,2024,1,3,7,0,0.3999999999999999,8.4,1,1714,1531,0,103095.0
5,0,4,4,1,3,9.0,2,0,0,1,0,0,11,2025,1,1,3,0,9.0,27.0,0,1682,1611,0,113873.0
1,0,6,4,0,2,5.0,2,1,0,1,1,1,6,2020,1,4,12,1,1.25,60.0,1,1714,676,0,127200.0
1,0,0,0,0,3,5.0,0,0,0,1,1,0,4,2020,1,2,7,1,2.5,35.0,0,1714,1567,0,150908.0
0,1,3,6,1,2,10.0,2,1,0,1,0,1,12,2021,1,3,8,0,3.333333333333333,80.0,1,1679,1551,1,202887.5
0,2,0,3,1,2,13.0,0,0,1,0,0,0,7,2020,1,1,1,0,13.0,13.0,0,1679,1567,0,127062.0
3,2,4,0,1,2,14.2,0,0,1,0,1,1,11,2025,1,3,8,0,4.733333333333333,113.6,0,1623,1611,0,116642.0
5,0,6,6,2,2,0.0,2,1,0,0,1,0,2,2025,0,2,6,0,0.0,0.0,0,1682,676,0,125314.0
2,0,3,2,0,1,11.0,1,1,1,1,0,0,8,2025,0,3,6,0,3.6666666666666665,66.0,0,1626,1551,0,89207.0
5,0,2,5,0,1,13.0,0,0,0,1,1,1,12,2020,0,3,10,1,4.333333333333333,130.0,1,1682,1595,0,145085.0
3,0,3,1,0,3,11.0,0,0,0,1,1,1,8,2020,0,3,10,1,3.6666666666666665,110.0,1,1623,1551,0,157586.0
4,3,5,7,0,2,5.0,1,0,0,0,1,1,1,2022,0,2,7,0,2.5,35.0,0,1661,1494,0,96466.0
5,0,0,5,2,2,10.0,1,0,0,1,0,1,1,2024,0,2,6,0,5.0,60.0,1,1682,1567,0,161000.0
3,1,1,2,2,1,0.0,1,0,0,1,0,1,4,2021,0,2,6,0,0.0,0.0,1,1623,1531,0,74093.0
2,1,6,7,1,1,6.0,0,1,1,0,1,1,4,2026,0,4,10,0,1.5,60.0,0,1626,676,0,70848.0
5,2,2,5,1,4,6.0,3,0,0,1,0,1,7,2021,0,2,6,0,3.0,36.0,1,1682,1595,0,109678.0
6,1,2,3,2,2,10.0,1,0,1,1,0,1,2,2024,0,3,7,0,3.333333333333333,70.0,1,40,1595,0,87585.0
1,0,1,2,2,2,11.0,2,0,1,1,0,0,8,2024,0,2,4,0,5.5,44.0,0,1714,1531,1,202887.5
1,1,3,6,2,3,7.0,2,1,0,0,1,0,8,2022,0,2,6,0,3.5,42.0,0,1714,1551,0,113873.0
0,3,0,6,1,2,6.0,1,0,1,1,1,1,4,2024,0,4,11,1,1.5,66.0,1,1679,1567,0,113873.0
3,0,6,0,0,1,4.0,1,0,1,1,0,1,12,2020,0,3,7,0,1.3333333333333333,28.0,1,1623,676,0,77179.0
4,2,6,3,2,1,6.0,2,0,0,1,1,1,10,2026,0,3,10,1,2.0,60.0,1,1661,676,0,87802.0
1,0,2,3,1,1,13.0,1,1,0,1,1,0,8,2026,0,3,9,1,4.333333333333333,117.0,0,1714,1595,0,84378.0
2,0,0,4,0,2,10.0,2,0,1,0,0,1,12,2026,0,2,4,0,5.0,40.0,0,1626,1567,0,81842.0
2,0,2,2,2,3,5.0,0,0,0,1,0,0,6,2024,1,1,3,0,5.0,15.0,0,1626,1595,0,116400.0
0,0,2,5,1,1,5.0,0,0,1,1,0,1,6,2025,1,3,7,0,1.6666666666666667,35.0,1,1679,1595,0,136101.0
1,0,3,0,0,3,14.0,2,0,1,0,1,1,6,2021,2,3,8,0,4.666666666666667,112.0,0,1714,1551,1,202887.5
5,2,5,6,0,1,7.0,2,1,1,0,1,1,9,2023,2,4,10,0,1.75,70.0,0,1682,1494,0,113873.0
1,2,0,0,1,3,7.0,2,1,1,0,0,1,1,2024,1,3,6,0,2.333333333333333,42.0,0,1714,1567,0,112173.0
0,2,0,5,1,2,7.0,1,0,1,1,1,1,2,2024,1,4,11,1,1.75,77.0,1,1679,1567,0,156900.0
5,2,3,1,0,2,7.0,2,1,0,1,0,1,1,2023,1,3,8,0,2.333333333333333,56.0,1,1682,1551,0,140758.0
1,2,1,1,0,1,7.0,2,0,0,1,0,1,6,2024,1,2,6,0,3.5,42.0,1,1714,1531,0,113873.0
1,0,3,6,1,1,7.0,1,1,1,1,1,0,1,2023,1,4,10,1,1.75,70.0,0,1714,1551,1,202887.5
2,2,2,5,1,2,0.0,2,0,0,1,1,1,4,2025,1,3,10,1,0.0,0.0,1,1626,1595,0,112206.0
0,0,4,4,2,1,14.0,0,0,1,0,1,0,2,2024,1,2,5,0,7.0,70.0,0,1679,1611,0,103741.0
2,1,3,4,1,2,8.0,2,0,0,0,0,1,7,2025,1,1,3,0,8.0,24.0,0,1626,1551,0,99235.0
5,0,4,4,3,3,1.0,1,1,0,0,1,0,8,2022,1,2,6,0,0.5,6.0,0,1682,1611,0,113873.0
0,1,2,4,1,3,1.5,2,0,0,1,1,1,10,2023,1,3,10,1,0.5,15.0,1,1679,1595,0,160893.0
3,1,1,6,0,3,7.0,2,0,1,1,1,1,1,2025,1,4,11,1,1.75,77.0,1,1623,1531,0,122378.0
2,0,0,4,2,1,7.0,2,1,1,1,0,1,12,2021,1,4,9,0,1.75,63.0,1,1626,1567,0,72769.0
1,2,4,3,0,2,7.0,0,0,0,1,0,1,1,2024,1,2,6,0,3.5,42.0,1,1714,1611,0,102200.0
2,0,0,6,2,1,5.0,1,1,1,1,0,0,1,2021,1,3,6,0,1.6666666666666667,30.0,0,1626,1567,0,80405.0
1,1,1,0,1,2,6.0,0,0,0,1,0,0,9,2023,1,1,3,0,6.0,18.0,0,1714,1531,0,113873.0
2,0,3,5,2,3,7.0,1,1,1,0,0,0,12,2026,1,2,3,0,3.5,21.0,0,1626,1551,0,113873.0
0,1,5,3,0,3,14.1,1,0,0,0,0,1,1,2020,1,1,3,0,14.1,42.3,0,1679,1494,0,113873.0
0,2,0,3,1,3,7.0,2,1,0,0,0,0,3,2023,1,1,2,0,7.0,14.0,0,1679,1567,0,135100.0
5,3,5,4,1,1,0.0,1,1,0,0,0,0,12,2022,0,1,2,0,0.0,0.0,0,1682,1494,0,112862.0
3,2,2,6,2,1,10.0,2,1,0,1,1,0,12,2023,0,3,9,1,3.333333333333333,90.0,0,1623,1595,0,66058.0
0,0,4,3,2,1,14.0,0,1,1,0,0,1,7,2026,0,3,6,0,4.666666666666667,84.0,0,1679,1611,0,110963.0
4,0,0,7,0,1,7.0,0,1,1,1,0,0,1,2024,1,3,6,0,2.333333333333333,42.0,0,1661,1567,0,84349.0
2,0,6,7,2,2,4.0,0,1,0,0,1,0,1,2024,1,2,6,0,2.0,24.0,0,1626,676,0,92790.0
5,1,5,2,0,2,13.0,2,1,1,0,0,1,8,2020,1,3,6,0,4.333333333333333,78.0,0,1682,1494,0,124641.0
4,0,3,5,1,2,8.0,2,1,1,1,0,1,10,2022,1,4,9,0,2.0,72.0,1,1661,1551,0,97228.0
3,1,0,0,3,3,7.0,1,0,1,1,0,1,7,2023,1,3,7,0,2.333333333333333,49.0,1,1623,1567,0,138472.0
0,0,2,0,2,4,6.0,0,0,0,1,0,1,5,2024,1,2,6,0,3.0,36.0,1,1679,1595,0,130024.0
5,0,3,7,2,1,1.0,0,0,0,0,0,1,1,2023,1,1,3,0,1.0,3.0,0,1682,1551,0,101150.0
1,2,3,4,0,2,3.0,0,0,1,0,1,1,11,2022,1,3,8,0,1.0,24.0,0,1714,1551,0,98617.0
4,2,5,4,1,2,5.0,0,1,0,1,1,1,7,2026,1,4,12,1,1.25,60.0,1,1661,1494,0,107210.0
1,1,1,0,1,3,11.5,1,1,1,1,0,1,4,2025,1,4,9,0,2.875,103.5,1,1714,1531,0,125691.0
4,3,6,3,1,4,10.0,3,0,1,1,0,1,12,2020,1,3,7,0,3.333333333333333,70.0,1,1661,676,0,113873.0
5,0,3,6,1,2,10.0,1,0,1,1,1,1,3,2020,0,4,11,1,2.5,110.0,1,1682,1551,0,156687.0
4,1,5,5,0,2,0.0,1,0,1,1,1,0,6,2020,0,3,8,1,0.0,0.0,0,1661,1494,0,106984.0
4,1,6,2,0,1,0.0,0,0,1,1,1,1,2,2026,0,4,11,1,0.0,0.0,1,1661,676,0,87708.0
3,1,4,4,1,3,10.0,0,1,0,0,0,1,5,2026,0,2,5,0,5.0,50.0,0,1623,1611,0,107137.0
5,0,6,2,3,3,10.0,2,0,0,1,0,1,1,2026,0,2,6,0,5.0,60.0,1,1682,676,1,163388.0
1,3,0,0,0,1,13.0,2,0,1,1,0,1,5,2023,0,3,7,0,4.333333333333333,91.0,1,1714,1567,0,73485.0
0,2,1,0,1,3,11.0,2,1,1,1,0,0,9,2021,0,3,6,0,3.6666666666666665,66.0,0,1679,1531,0,154146.0
0,2,1,4,2,3,12.0,1,1,1,1,1,1,8,2026,0,5,13,1,2.4,156.0,1,1679,1531,1,184182.0
4,0,1,6,0,2,7.0,1,1,1,0,0,1,1,2022,0,3,6,0,2.333333333333333,42.0,0,1661,1531,0,88136.0
1,2,5,1,2,1,7.0,1,0,1,0,1,1,3,2026,0,3,8,0,2.333333333333333,56.0,0,1714,1494,0,75707.0
2,1,2,3,1,1,13.0,1,1,1,1,0,0,1,2023,0,3,6,0,4.333333333333333,78.0,0,1626,1595,0,64481.0
0,1,3,1,3,2,12.0,2,1,0,0,0,1,1,2022,2,2,5,0,6.0,60.0,0,1679,1551,0,126092.0
4,0,2,4,3,3,14.0,0,1,1,0,1,0,1,2025,2,3,7,0,4.666666666666667,98.0,0,1661,1595,0,132178.0
5,0,5,1,0,2,12.0,1,1,1,1,0,1,12,2026,2,4,9,0,3.0,108.0,1,1682,1494,1,162735.0
4,2,6,7,0,3,3.0,0,1,1,1,0,0,7,2025,2,3,6,0,1.0,18.0,0,1661,676,0,118569.0
3,0,4,6,1,1,14.0,2,0,0,1,0,0,10,2026,2,1,3,0,14.0,42.0,0,1623,1611,0,83800.0
2,2,3,5,2,1,8.2,1,1,1,0,0,1,5,2020,2,3,6,0,2.733333333333333,49.2,0,1626,1551,0,63181.0
1,1,0,5,1,3,3.0,2,0,1,0,0,0,1,2026,2,1,1,0,3.0,3.0,0,1714,1567,0,129030.0
0,0,5,4,2,1,7.0,3,0,0,1,0,1,3,2026,2,2,6,0,3.5,42.0,1,1679,1494,0,138016.0
1,0,3,2,2,3,5.0,0,0,1,1,1,0,3,2020,2,3,8,1,1.6666666666666667,40.0,0,1714,1551,0,134094.0
3,0,2,1,1,3,2.0,0,0,1,1,0,1,1,2024,2,3,7,0,0.6666666666666666,14.0,1,1623,1595,0,113873.0
3,0,5,4,0,3,8.0,2,1,1,0,0,1,10,2026,2,3,6,0,2.6666666666666665,48.0,0,1623,1494,0,128390.0
3,0,6,2,0,3,12.0,3,0,1,1,0,1,1,2025,2,3,7,0,4.0,84.0,1,1623,676,0,120125.0
5,3,0,1,0,2,3.0,2,1,1,1,0,1,2,2023,1,4,9,0,0.75,27.0,1,1682,1567,0,144173.0
4,0,3,0,2,0,4.0,0,0,1,0,0,1,8,2025,1,2,4,0,2.0,16.0,0,1661,1551,0,82962.0
5,1,1,5,1,4,6.0,0,0,0,1,1,1,12,2020,1,3,10,1,2.0,60.0,1,1682,1531,0,113873.0
1,2,1,0,2,1,7.0,2,0,1,0,0,0,12,2022,1,1,1,0,7.0,7.0,0,1714,1531,0,61640.0
3,0,5,2,0,4,8.0,1,1,1,0,0,0,12,2023,2,2,3,0,4.0,24.0,0,1623,1494,0,98023.0
2,2,3,6,2,3,12.0,0,0,0,0,1,0,6,2021,2,1,4,0,12.0,48.0,0,1626,1551,0,113214.0
1,1,0,5,2,3,0.0,2,0,1,0,1,1,6,2025,2,3,8,0,0.0,0.0,0,1714,1567,0,125456.0
3,0,1,2,2,1,12.0,0,0,0,1,0,1,4,2025,2,2,6,0,6.0,72.0,1,1623,1531,0,72596.0
3,3,0,5,1,2,9.0,0,1,0,1,0,0,1,2026,2,2,5,0,4.5,45.0,0,1623,1567,0,104392.0
3,2,3,1,0,2,5.0,0,0,0,1,1,0,10,2026,2,2,7,1,2.5,35.0,0,1623,1551,0,109262.0
0,0,5,5,2,1,4.0,2,1,1,1,0,1,12,2021,2,4,9,0,1.0,36.0,1,1679,1494,0,153675.0
4,2,1,2,2,3,4.0,2,0,1,0,0,0,4,2024,2,1,1,0,4.0,4.0,0,1661,1531,0,111554.0
1,2,1,4,0,1,14.0,0,1,0,0,0,1,12,2023,2,2,5,0,7.0,70.0,0,1714,1531,0,61640.0
2,0,1,5,0,1,3.1,2,0,0,0,0,1,3,2021,1,1,3,0,3.1,9.3,0,1626,1531,0,63125.0
4,2,4,6,1,3,10.0,1,0,1,1,1,0,3,2022,0,3,8,1,3.333333333333333,80.0,0,1661,1611,0,131755.0
5,1,3,4,3,1,9.0,1,1,0,1,0,1,6,2026,0,3,8,0,3.0,72.0,1,1682,1551,0,119299.0
5,2,3,4,0,4,6.0,3,0,0,1,0,1,8,2023,0,2,6,0,3.0,36.0,1,1682,1551,0,125500.0
1,1,4,7,1,1,13.0,0,0,1,1,1,1,7,2024,1,4,11,1,3.25,143.0,1,1714,1611,0,89541.0
5,1,0,1,1,4,0.8,0,1,1,1,0,1,2,2026,1,4,9,0,0.2,7.2,1,1682,1567,0,107460.0
1,1,1,0,0,2,9.0,2,0,1,1,1,1,10,2022,0,4,11,1,2.25,99.0,1,1714,1531,0,114470.0
5,1,6,6,0,2,6.0,1,1,0,0,0,0,10,2022,0,1,2,0,6.0,12.0,0,1682,676,0,116000.0
3,3,3,6,0,1,4.0,2,0,0,1,0,1,10,2022,0,2,6,0,2.0,24.0,1,1623,1551,0,61640.0
0,0,4,4,2,2,1.0,0,0,0,0,0,1,5,2021,0,1,3,0,1.0,3.0,0,1679,1611,0,155891.0
5,2,5,4,0,1,2.8,0,0,1,0,1,1,9,2020,0,3,8,0,0.9333333333333332,22.4,0,1682,1494,0,116588.0
3,0,0,5,1,1,10.0,1,1,0,0,0,1,8,2026,0,2,5,0,5.0,50.0,0,1623,1567,0,97746.0
4,1,4,1,1,2,0.0,3,1,1,1,1,0,9,2024,0,4,10,1,0.0,0.0,0,1661,1611,0,100984.0
5,3,3,5,2,3,1.0,0,1,0,1,1,1,1,2021,0,4,12,1,0.25,12.0,1,1682,1551,1,195738.0
0,1,4,7,0,2,0.0,0,0,1,1,0,0,4,2024,0,2,4,0,0.0,0.0,0,1679,1611,0,114386.0
3,2,6,6,0,1,1.0,2,0,0,0,1,0,4,2024,0,1,4,0,1.0,4.0,0,1623,676,0,64064.0
5,3,4,6,0,3,7.0,2,0,0,1,1,1,10,2020,0,3,10,1,2.333333333333333,70.0,1,1682,1611,1,187023.0
4,0,5,2,2,3,13.0,1,1,1,1,1,0,9,2023,0,4,10,1,3.25,130.0,0,1661,1494,0,127062.0
1,2,1,6,0,3,14.0,1,0,0,0,0,1,9,2023,0,1,3,0,14.0,42.0,0,1714,1531,0,110229.0
2,3,1,1,0,3,2.0,1,0,1,1,1,0,7,2022,0,3,8,1,0.6666666666666666,16.0,0,1626,1531,0,151711.0
4,1,1,4,1,1,1.0,0,0,0,1,0,0,1,2023,0,1,3,0,1.0,3.0,0,1661,1531,0,62887.0
4,0,0,5,1,3,10.0,0,1,1,0,0,0,11,2021,0,2,3,0,5.0,30.0,0,1661,1567,0,101036.0
2,2,5,7,0,1,6.0,2,0,1,0,1,1,7,2025,0,3,8,0,2.0,48.0,0,1626,1494,0,74482.0
2,0,4,4,0,3,9.0,3,0,0,1,1,0,3,2024,0,2,7,1,4.5,63.0,0,1626,1611,0,131400.0
5,1,3,4,2,2,13.0,1,0,1,1,0,1,12,2026,0,3,7,0,4.333333333333333,91.0,1,1682,1551,0,137153.0
5,0,3,3,0,2,6.0,0,1,1,1,1,1,1,2026,0,5,13,1,1.2,78.0,1,1682,1551,0,160490.0
4,0,4,4,0,1,12.0,1,0,1,1,1,0,11,2026,0,3,8,1,4.0,96.0,0,1661,1611,0,79105.0
2,0,5,4,2,1,3.0,0,0,1,0,0,0,5,2022,0,1,1,0,3.0,3.0,0,1626,1494,0,66689.0
3,0,1,2,0,1,8.0,0,0,1,1,0,0,1,2022,0,2,4,0,4.0,32.0,0,1623,1531,0,61640.0
5,3,5,1,1,3,7.0,1,1,0,0,1,0,9,2024,0,2,6,0,3.5,42.0,0,1682,1494,0,156034.0
2,0,1,1,2,1,14.0,0,0,1,1,0,1,9,2025,0,3,7,0,4.666666666666667,98.0,1,1626,1531,0,90028.0
4,2,6,1,1,3,14.0,2,1,1,0,0,0,1,2026,0,2,3,0,7.0,42.0,0,1661,676,0,102916.0
1,2,2,5,2,2,2.0,1,1,0,0,1,0,12,2021,0,2,6,0,1.0,12.0,0,1714,1595,0,89367.0
4,2,0,5,1,4,12.0,0,1,1,1,1,0,2,2024,0,4,10,1,3.0,120.0,0,1661,1567,0,102352.0
3,1,2,2,0,1,2.0,0,1,1,0,1,1,11,2021,0,4,10,0,0.5,20.0,0,1623,1595,0,75561.0
5,0,5,2,2,1,3.0,0,0,0,1,1,1,1,2025,0,3,10,1,1.0,30.0,1,1682,1494,0,145151.0
5,2,2,6,2,2,2.0,0,1,1,1,1,0,5,2020,0,4,10,1,0.5,20.0,0,1682,1595,0,127046.0
0,0,4,5,1,3,5.0,1,0,0,0,0,1,4,2024,0,1,3,0,5.0,15.0,0,1679,1611,1,202887.5
4,0,3,2,1,4,4.0,1,0,1,0,0,0,9,2025,0,1,1,0,4.0,4.0,0,1661,1551,0,76673.0
0,0,1,4,1,2,1.0,3,1,1,1,0,1,6,2023,0,4,9,0,0.25,9.0,1,1679,1531,0,151030.0
4,2,5,4,2,2,12.4,2,0,1,1,1,1,2,2025,0,4,11,1,3.1,136.4,1,1661,1494,0,103449.0
3,0,2,7,2,2,1.0,3,0,1,0,1,1,8,2022,0,3,8,0,0.3333333333333333,8.0,0,1623,1595,0,95015.0
3,0,0,4,3,2,11.6,1,1,1,1,1,1,5,2021,0,5,13,1,2.32,150.79999999999998,1,1623,1567,0,118750.0
0,1,0,2,2,1,7.0,0,1,1,1,0,0,2,2020,0,3,6,0,2.333333333333333,42.0,0,1679,1567,0,106728.0
2,1,4,2,2,1,10.0,2,1,1,1,0,1,2,2025,0,4,9,0,2.5,90.0,1,1626,1611,0,75835.0
0,1,2,0,2,1,10.0,0,1,1,0,0,0,2,2021,0,2,3,0,5.0,30.0,0,1679,1595,0,86060.0
2,1,4,5,1,1,8.0,3,1,1,0,1,0,8,2022,0,3,7,0,2.6666666666666665,56.0,0,1626,1611,0,61640.0
5,2,5,5,2,3,7.0,1,1,1,1,1,1,3,2021,0,5,13,1,1.4,91.0,1,1682,1494,1,183070.0
0,0,4,3,1,3,10.0,2,1,1,1,0,1,8,2023,0,4,9,0,2.5,90.0,1,1679,1611,1,180705.0
5,0,5,5,2,2,3.0,1,0,0,1,0,0,6,2026,1,1,3,0,3.0,9.0,0,1682,1494,0,125125.0
4,0,1,0,0,3,4.0,0,1,1,0,0,1,2,2021,1,3,6,0,1.3333333333333333,24.0,0,1661,1531,0,113908.0
5,0,5,0,1,3,11.0,0,1,0,1,1,0,3,2020,1,3,9,1,3.6666666666666665,99.0,0,1682,1494,1,169587.0
1,1,1,2,2,1,13.0,2,1,1,0,1,1,8,2022,1,4,10,0,3.25,130.0,0,1714,1531,0,77054.0
3,0,1,3,2,1,7.0,0,1,0,1,0,1,9,2022,1,3,8,0,2.333333333333333,56.0,1,1623,1531,0,74147.0
2,2,5,6,2,2,14.0,1,1,1,0,0,0,12,2025,1,2,3,0,7.0,42.0,0,1626,1494,0,70670.0
2,2,6,6,2,2,13.0,0,0,0,1,0,0,10,2026,1,1,3,0,13.0,39.0,0,1626,676,0,89090.0
2,3,1,3,0,3,5.0,0,0,0,0,0,1,10,2026,1,1,3,0,5.0,15.0,0,1626,1531,0,108229.0
5,1,4,1,1,2,7.0,0,1,0,1,0,0,6,2022,1,2,5,0,3.5,35.0,0,1682,1611,0,119706.0
5,1,2,7,1,2,2.0,2,1,0,1,1,0,4,2025,1,3,9,1,0.6666666666666666,18.0,0,1682,1595,0,149824.0
4,0,2,3,3,1,9.0,0,0,0,1,0,1,12,2020,1,2,6,0,4.5,54.0,1,1661,1595,0,91960.0
0,2,3,2,0,2,2.0,3,0,0,1,0,0,12,2025,1,1,3,0,2.0,6.0,0,1679,1551,0,131805.0
1,2,3,1,2,3,3.0,1,0,0,1,1,1,12,2026,1,3,10,1,1.0,30.0,1,1714,1551,0,126013.0
3,0,3,1,1,2,8.0,0,1,1,0,0,1,4,2024,1,3,6,0,2.6666666666666665,48.0,0,1623,1551,0,77369.0
3,0,3,4,2,2,1.0,0,0,0,1,0,1,4,2023,1,2,6,0,0.5,6.0,1,1623,1551,0,103345.0
5,2,0,0,0,3,7.0,1,0,0,1,1,0,12,2020,1,2,7,1,3.5,49.0,0,1682,1567,1,168117.0
3,0,2,3,1,1,9.0,2,0,0,0,0,1,6,2022,2,1,3,0,9.0,27.0,0,1623,1595,0,83300.0
3,0,1,1,2,2,10.0,1,1,0,0,0,1,1,2023,2,2,5,0,5.0,50.0,0,1623,1531,0,113873.0
1,0,4,0,2,3,0.0,2,0,1,1,1,1,9,2020,2,4,11,1,0.0,0.0,1,1714,1611,0,158277.0
1,2,1,6,1,3,7.0,3,1,1,1,0,1,4,2026,2,4,9,0,1.75,63.0,1,1714,1531,0,117849.0
2,2,4,3,3,1,14.0,0,0,1,1,0,1,4,2026,2,3,7,0,4.666666666666667,98.0,1,1626,1611,0,92868.0
0,3,4,6,0,3,11.0,2,1,0,1,1,0,10,2026,2,3,9,1,3.6666666666666665,99.0,0,1679,1611,1,170444.0
1,2,0,2,2,2,13.0,1,0,0,0,1,1,11,2023,2,2,7,0,6.5,91.0,0,1714,1567,0,92872.0
0,2,4,6,1,2,7.0,1,1,1,1,1,1,2,2024,2,5,13,1,1.4,91.0,1,1679,1611,0,152765.0
1,0,4,0,2,2,14.0,1,0,1,1,0,1,4,2021,2,3,7,0,4.666666666666667,98.0,1,1714,1611,0,87560.0
2,0,0,4,1,3,8.0,0,0,0,1,1,1,12,2021,2,3,10,1,2.6666666666666665,80.0,1,1626,1567,0,142933.0
1,0,4,7,0,2,5.0,0,0,1,1,1,1,8,2020,2,4,11,1,1.25,55.0,1,1714,1611,0,102918.0
4,1,1,1,1,3,7.0,1,0,1,1,0,1,8,2024,2,3,7,0,2.333333333333333,49.0,1,1661,1531,0,129853.0
5,0,4,1,2,2,14.0,1,0,0,1,1,1,5,2023,2,3,10,1,4.666666666666667,140.0,1,1682,1611,0,159121.0
2,1,5,6,2,1,7.0,1,1,1,1,1,1,8,2021,2,5,13,1,1.4,91.0,1,1626,1494,0,93905.0
4,0,1,2,3,3,12.0,0,0,0,1,1,0,7,2022,2,2,7,1,6.0,84.0,0,1661,1531,0,113873.0
0,2,2,7,2,2,10.0,0,0,1,1,1,0,2,2022,2,3,8,1,3.333333333333333,80.0,0,1679,1595,0,146721.0
4,0,1,5,2,1,1.0,0,0,1,0,0,0,9,2023,2,1,1,0,1.0,1.0,0,1661,1531,0,66282.0
3,3,1,2,0,1,12.0,1,0,1,0,0,1,4,2021,2,2,4,0,6.0,48.0,0,1623,1531,0,64629.0
1,1,0,0,1,2,10.5,1,0,1,1,0,0,8,2026,0,2,4,0,5.25,42.0,0,1714,1567,0,93000.0
0,3,5,2,2,0,13.0,1,0,1,0,1,1,3,2023,0,3,8,0,4.333333333333333,104.0,0,1679,1494,0,132072.0
4,3,2,3,1,1,3.0,1,0,1,1,1,0,5,2025,0,3,8,1,1.0,24.0,0,1661,1595,0,84107.0
3,0,5,4,1,2,6.6,1,1,1,0,1,0,4,2025,0,3,7,0,2.2,46.2,0,1623,1494,0,99717.0
1,2,1,3,0,1,10.0,1,1,1,0,0,1,2,2026,0,3,6,0,3.333333333333333,60.0,0,1714,1531,0,61640.0
1,2,5,0,2,3,3.0,1,0,1,0,1,1,2,2024,0,3,8,0,1.0,24.0,0,1714,1494,0,125574.0
4,1,5,6,3,2,7.0,0,0,0,0,1,0,6,2026,0,1,4,0,7.0,28.0,0,1661,1494,0,103677.0
1,1,4,0,0,3,14.0,1,1,0,1,0,1,2,2022,0,3,8,0,4.666666666666667,112.0,1,1714,1611,0,129204.0
2,0,6,3,1,3,14.0,2,0,1,1,1,0,6,2025,0,3,8,1,4.666666666666667,112.0,0,1626,676,0,129237.0
4,0,5,0,2,3,2.0,0,1,0,1,0,0,6,2025,0,2,5,0,1.0,10.0,0,1661,1494,0,112135.0
0,0,4,1,0,3,0.0,2,0,1,1,1,1,1,2025,0,4,11,1,0.0,0.0,1,1679,1611,1,179151.0
4,3,0,3,2,1,12.0,3,1,1,0,1,0,3,2023,0,3,7,0,4.0,84.0,0,1661,1567,0,69654.0
3,1,2,6,1,1,11.0,2,0,1,1,0,0,7,2022,0,2,4,0,5.5,44.0,0,1623,1595,0,66468.0
3,0,5,3,2,3,10.0,0,0,0,1,0,0,2,2025,2,1,3,0,10.0,30.0,0,1623,1494,1,202887.5
2,1,1,4,2,2,2.0,1,1,0,0,1,1,4,2021,2,3,9,0,0.6666666666666666,18.0,0,1626,1531,0,95052.0
1,0,2,0,0,2,2.0,2,0,0,1,0,0,10,2022,2,1,3,0,2.0,6.0,0,1714,1595,0,113007.0
0,0,3,3,0,3,1.0,1,1,1,1,0,1,10,2026,2,4,9,0,0.25,9.0,1,1679,1551,1,187423.0
4,2,0,4,0,2,9.0,2,1,0,1,0,0,1,2026,2,2,5,0,4.5,45.0,0,1661,1567,0,92020.0
5,3,2,6,2,2,1.0,0,1,1,1,0,1,1,2021,2,4,9,0,0.25,9.0,1,1682,1595,0,139539.0
0,1,0,4,1,3,12.0,2,0,1,0,0,1,1,2020,2,2,4,0,6.0,48.0,0,1679,1567,0,154624.0
5,0,4,6,2,1,0.0,2,1,1,0,0,0,3,2021,0,2,3,0,0.0,0.0,0,1682,1611,0,105129.0
0,2,1,4,1,2,4.0,0,0,0,0,0,1,10,2024,1,1,3,0,4.0,12.0,0,1679,1531,1,202887.5
0,1,1,6,1,3,13.9,2,1,1,1,0,0,5,2026,2,3,6,0,4.633333333333334,83.4,0,1679,1531,0,154267.0
0,0,2,6,0,2,0.0,1,0,1,0,0,0,3,2021,2,1,1,0,0.0,0.0,0,1679,1595,0,130819.0
1,0,0,2,2,1,0.0,2,0,1,0,0,1,8,2025,2,2,4,0,0.0,0.0,0,1714,1567,0,113873.0
2,1,5,1,2,2,5.0,1,0,0,0,1,1,4,2020,2,2,7,0,2.5,35.0,0,1626,1494,0,90637.0
1,2,6,6,2,2,7.0,1,1,1,0,1,1,5,2023,2,4,10,0,1.75,70.0,0,1714,676,0,92985.0
3,3,0,6,2,2,3.0,2,1,0,0,1,0,6,2020,2,2,6,0,1.5,18.0,0,1623,1567,0,87303.0
1,2,1,2,2,2,10.0,2,0,1,0,0,0,8,2025,2,1,1,0,10.0,10.0,0,1714,1531,0,72053.0
0,0,5,2,0,1,6.0,2,1,1,1,1,0,1,2021,2,4,10,1,1.5,60.0,0,1679,1494,0,113873.0
1,2,3,0,0,1,8.0,2,1,0,0,0,0,9,2025,2,1,2,0,8.0,16.0,0,1714,1551,0,61640.0
3,2,3,1,0,3,13.0,0,1,1,0,1,1,5,2020,2,4,10,0,3.25,130.0,0,1623,1551,0,125335.0
5,1,3,3,2,2,10.0,1,0,1,0,1,0,1,2022,2,2,5,0,5.0,50.0,0,1682,1551,0,132636.0
3,1,5,6,3,2,13.0,1,0,1,1,0,0,3,2020,2,2,4,0,6.5,52.0,0,1623,1494,0,100368.0
0,0,2,2,1,2,1.0,0,1,1,0,1,1,8,2025,2,4,10,0,0.25,10.0,0,1679,1595,0,137120.0
2,1,5,6,0,3,3.0,0,0,1,1,1,0,10,2026,2,3,8,1,1.0,24.0,0,1626,1494,0,131466.0
5,0,6,3,2,2,9.0,0,1,0,1,0,1,10,2024,2,3,8,0,3.0,72.0,1,1682,676,1,164721.0
5,1,0,4,1,3,7.0,2,0,1,1,0,1,12,2020,2,3,7,0,2.333333333333333,49.0,1,1682,1567,1,178073.0
3,1,3,6,1,3,14.0,0,0,0,1,1,1,7,2024,2,3,10,1,4.666666666666667,140.0,1,1623,1551,0,144992.0
5,0,3,5,0,3,10.0,2,1,0,1,1,1,12,2022,2,4,12,1,2.5,120.0,1,1682,1551,1,195527.0
0,1,0,4,0,3,8.8,2,1,1,1,0,1,1,2025,2,4,9,0,2.2,79.2,1,1679,1567,1,167206.0
3,0,3,6,2,3,0.0,1,1,0,0,0,1,8,2026,2,2,5,0,0.0,0.0,0,1623,1551,0,124271.0
0,2,2,4,1,1,6.0,1,0,1,0,1,1,8,2020,2,3,8,0,2.0,48.0,0,1679,1595,0,103080.0
0,0,1,0,0,4,8.0,1,1,0,1,1,1,10,2025,2,4,12,1,2.0,96.0,1,1679,1531,0,157511.0
0,2,5,1,0,2,10.0,2,1,0,1,1,0,12,2026,2,3,9,1,3.333333333333333,90.0,0,1679,1494,0,147550.0
4,3,1,4,2,3,7.0,0,1,1,1,1,0,12,2022,2,4,10,1,1.75,70.0,0,1661,1531,0,125575.0
3,0,5,2,0,2,9.0,2,0,0,0,1,0,1,2022,2,1,4,0,9.0,36.0,0,1623,1494,0,89306.0
0,2,5,3,0,2,6.0,2,1,0,1,0,0,11,2024,2,2,5,0,3.0,30.0,0,1679,1494,0,113999.0
2,0,1,3,2,2,3.0,0,0,1,1,0,1,8,2025,2,3,7,0,1.0,21.0,1,1626,1531,0,124543.0
1,0,4,0,2,1,10.0,0,1,0,0,1,0,1,2024,2,2,6,0,5.0,60.0,0,1714,1611,0,82301.0
4,0,1,1,3,2,8.0,1,0,1,1,1,1,11,2024,2,4,11,1,2.0,88.0,1,1661,1531,0,118787.0
5,2,0,0,2,1,3.0,2,0,1,1,1,1,6,2024,2,4,11,1,0.75,33.0,1,1682,1567,0,133405.0
1,2,2,7,1,1,6.0,2,1,0,1,0,1,12,2022,2,3,8,0,2.0,48.0,1,1714,1595,0,76219.0
5,0,4,6,2,2,9.0,0,0,0,1,1,0,11,2021,0,2,7,1,4.5,63.0,0,1682,1611,0,146405.0
2,3,0,6,2,1,4.4,1,0,1,1,1,1,7,2025,0,4,11,1,1.1,48.400000000000006,1,1626,1567,0,90022.0
3,3,5,4,2,3,5.0,1,0,1,1,0,1,12,2023,1,3,7,0,1.6666666666666667,35.0,1,1623,1494,0,111636.0
2,0,5,3,0,3,1.0,2,1,1,1,0,1,10,2022,1,4,9,0,0.25,9.0,1,1626,1494,0,112199.0
4,0,4,1,0,2,12.0,1,0,1,1,0,0,6,2023,1,2,4,0,6.0,48.0,0,1661,1611,0,92181.0
1,1,4,4,1,3,9.0,0,1,1,1,1,1,6,2023,0,5,13,1,1.8,117.0,1,1714,1611,0,140588.0
0,1,5,2,1,2,1.0,0,0,1,1,0,0,3,2023,1,2,4,0,0.5,4.0,0,1679,1494,0,134776.0
5,0,0,7,2,1,0.0,1,0,1,0,0,1,2,2024,1,2,4,0,0.0,0.0,0,1682,1567,0,97226.0
2,2,3,5,0,3,14.0,0,1,1,1,1,0,3,2026,1,4,10,1,3.5,140.0,0,1626,1551,0,134878.0
4,0,2,6,1,2,8.0,2,0,0,1,0,0,2,2024,1,1,3,0,8.0,24.0,0,1661,1595,0,106743.0
3,0,0,4,3,3,14.0,3,1,1,1,0,1,5,2022,0,4,9,0,3.5,126.0,1,1623,1567,0,141061.0
5,1,6,1,2,1,2.0,2,0,1,1,0,1,5,2022,0,3,7,0,0.6666666666666666,14.0,1,1682,676,0,114501.0
1,1,2,3,0,2,7.0,1,1,1,1,1,0,7,2026,0,4,10,1,1.75,70.0,0,1714,1595,0,100800.0
0,0,4,7,3,2,8.0,2,0,1,1,0,1,1,2021,0,3,7,0,2.6666666666666665,56.0,1,1679,1611,1,164592.0
3,0,4,0,1,1,8.0,2,0,0,1,0,0,6,2025,0,1,3,0,8.0,24.0,0,1623,1611,1,202887.5
1,0,5,2,2,1,7.0,1,0,0,1,0,0,7,2022,0,1,3,0,7.0,21.0,0,1714,1494,0,65873.0
5,0,0,7,0,3,9.0,2,0,1,1,0,1,7,2022,2,3,7,0,3.0,63.0,1,1682,1567,1,166641.0
1,0,5,4,1,0,14.0,2,0,1,1,1,0,3,2021,2,3,8,1,4.666666666666667,112.0,0,1714,1494,0,103413.0
2,0,5,6,1,3,7.0,0,0,1,1,1,0,3,2020,2,3,8,1,2.333333333333333,56.0,0,1626,1494,0,145562.0
1,1,0,3,3,2,0.0,2,1,1,1,0,1,7,2021,2,4,9,0,0.0,0.0,1,1714,1567,0,113873.0
3,2,2,0,1,3,10.0,2,0,1,1,1,0,6,2024,2,3,8,1,3.333333333333333,80.0,0,1623,1595,0,134168.0
2,1,5,3,3,1,9.0,2,0,0,0,1,1,11,2024,2,2,7,0,4.5,63.0,0,1626,1494,0,72168.0
2,0,0,2,0,3,13.8,3,0,0,1,1,1,4,2022,2,3,10,1,4.6000000000000005,138.0,1,1626,1567,0,142222.0
4,1,0,3,2,2,10.0,2,1,1,1,0,0,9,2026,2,3,6,0,3.333333333333333,60.0,0,1661,1567,0,94070.0
1,2,1,3,1,3,5.0,2,1,1,1,1,1,11,2022,0,5,13,1,1.0,65.0,1,1714,1531,0,113873.0
4,2,2,1,0,3,13.3,1,0,0,1,1,1,1,2024,0,3,10,1,4.433333333333334,133.0,1,1661,1595,0,139056.0
4,0,4,2,3,3,1.0,1,0,1,0,1,0,1,2025,0,2,5,0,0.5,5.0,0,1661,1611,0,138302.0
0,0,4,1,1,3,7.0,1,1,0,0,0,0,1,2025,0,1,2,0,7.0,14.0,0,1679,1611,0,140679.0
3,0,0,1,2,2,6.7,2,0,0,1,1,0,6,2024,0,2,7,1,3.35,46.9,0,1623,1567,0,113873.0
1,0,2,0,0,2,7.0,2,0,1,0,0,0,6,2024,2,1,1,0,7.0,7.0,0,1714,1595,0,90196.0
1,0,3,3,0,2,0.0,0,0,0,1,1,0,1,2026,2,2,7,1,0.0,0.0,0,1714,1551,0,124347.0
4,0,3,5,1,4,12.0,1,1,1,0,0,1,3,2025,2,3,6,0,4.0,72.0,0,1661,1551,0,129625.0
1,2,2,7,2,1,10.0,2,1,0,0,0,1,12,2023,2,2,5,0,5.0,50.0,0,1714,1595,0,64518.0
1,1,4,4,1,2,7.0,0,0,0,0,1,0,10,2022,2,1,4,0,7.0,28.0,0,1714,1611,0,87732.0
2,2,0,0,1,1,0.0,1,0,1,0,0,0,1,2026,2,1,1,0,0.0,0.0,0,1626,1567,0,61640.0
0,0,4,1,2,0,7.0,2,0,0,1,0,1,8,2021,2,2,6,0,3.5,42.0,1,1679,1611,0,121601.0
4,0,6,5,2,3,7.0,2,1,0,0,0,1,3,2024,2,2,5,0,3.5,35.0,0,1661,676,0,124376.0
4,0,1,3,2,2,7.0,0,0,1,1,1,1,9,2026,2,4,11,1,1.75,77.0,1,1661,1531,0,116560.0
0,0,5,4,2,2,7.0,2,1,1,1,0,0,3,2025,2,3,6,0,2.333333333333333,42.0,0,1679,1494,0,144519.0
5,1,1,0,0,1,8.0,3,1,0,0,0,1,5,2020,2,2,5,0,4.0,40.0,0,1682,1531,0,113873.0
5,2,1,6,2,2,13.0,1,0,1,1,0,1,1,2020,2,3,7,0,4.333333333333333,91.0,1,1682,1531,0,113873.0
2,0,3,5,2,3,9.0,0,1,0,1,1,0,1,2022,2,3,9,1,3.0,81.0,0,1626,1551,0,113873.0
4,2,1,4,3,3,13.0,0,0,1,0,1,1,1,2022,2,3,8,0,4.333333333333333,104.0,0,1661,1531,0,121935.0
5,2,5,4,1,2,7.0,0,1,1,1,1,1,1,2023,2,5,13,1,1.4,91.0,1,1682,1494,0,159228.0
0,0,4,1,1,3,6.0,2,0,1,0,0,0,1,2020,2,1,1,0,6.0,6.0,0,1679,1611,0,151700.0
2,0,4,3,1,2,0.0,3,1,0,1,1,1,5,2022,2,4,12,1,0.0,0.0,1,1626,1611,1,202887.5
4,0,0,2,1,1,9.0,1,1,0,0,0,1,5,2025,2,2,5,0,4.5,45.0,0,1661,1567,0,61640.0
1,0,0,6,2,1,2.0,2,0,1,0,0,1,4,2024,1,2,4,0,1.0,8.0,0,1714,1567,0,79100.0
5,1,6,3,2,2,3.0,0,1,0,0,0,1,4,2024,1,2,5,0,1.5,15.0,0,1682,676,0,142652.0
1,2,0,6,0,1,7.0,0,1,1,0,0,1,5,2023,1,3,6,0,2.333333333333333,42.0,0,1714,1567,0,61640.0
1,0,2,3,0,3,3.0,3,1,1,0,1,1,1,2025,1,4,10,0,0.75,30.0,0,1714,1595,0,148406.0
2,0,2,6,1,2,13.0,0,1,1,1,1,1,8,2024,1,5,13,1,2.6,169.0,1,1626,1595,0,115442.0
2,1,4,4,1,1,1.0,1,0,1,1,1,0,12,2022,1,3,8,1,0.3333333333333333,8.0,0,1626,1611,0,75703.0
1,2,1,6,1,1,1.0,1,0,1,1,0,0,8,2023,1,2,4,0,0.5,4.0,0,1714,1531,0,80440.0
0,0,0,2,0,2,1.5,1,0,0,1,1,0,8,2023,1,2,7,1,0.75,10.5,0,1679,1567,0,113873.0
0,0,4,3,3,1,3.0,1,0,1,1,0,1,5,2026,1,3,7,0,1.0,21.0,1,1679,1611,0,134062.0
4,0,5,2,0,2,14.0,2,0,1,0,1,0,6,2024,0,2,5,0,7.0,70.0,0,1661,1494,0,86509.0
1,0,2,6,2,2,0.0,1,0,1,1,1,1,6,2023,0,4,11,1,0.0,0.0,1,1714,1595,0,132386.0
2,3,0,4,1,1,8.0,2,0,1,1,1,0,10,2024,0,3,8,1,2.6666666666666665,64.0,0,1626,1567,0,80537.0
5,1,3,2,2,3,11.0,1,1,0,0,1,1,8,2021,0,3,9,0,3.6666666666666665,99.0,0,1682,1551,0,161939.0
5,2,1,0,1,2,5.0,3,0,0,0,0,1,1,2023,0,1,3,0,5.0,15.0,0,1682,1531,0,129633.0
2,0,5,6,2,1,7.0,2,0,1,1,1,0,2,2025,0,3,8,1,2.333333333333333,56.0,0,1626,1494,0,101192.0
4,2,1,3,1,1,7.0,1,0,0,1,0,1,8,2024,0,2,6,0,3.5,42.0,1,1661,1531,0,86620.0
1,0,3,0,1,3,12.0,1,0,0,0,0,1,12,2025,0,1,3,0,12.0,36.0,0,1714,1551,0,109850.0
2,2,2,0,1,1,5.0,1,1,1,1,0,1,12,2023,0,4,9,0,1.25,45.0,1,1626,1595,0,88996.0
5,0,4,7,1,3,8.0,1,0,0,0,0,1,3,2024,0,1,3,0,8.0,24.0,0,1682,1611,1,171906.0
5,0,1,2,2,3,8.0,0,0,1,0,1,0,7,2026,0,2,5,0,4.0,40.0,0,1682,1531,1,173508.0
1,0,2,0,1,1,3.0,2,0,1,0,0,0,12,2020,0,1,1,0,3.0,3.0,0,1714,1595,0,61640.0
2,0,2,5,0,2,7.0,3,1,1,1,1,1,12,2024,0,5,13,1,1.4,91.0,1,1626,1595,0,130539.0
5,0,3,1,2,3,7.0,0,0,1,1,0,1,8,2021,0,3,7,0,2.333333333333333,49.0,1,1682,1551,0,61640.0
5,0,3,3,1,1,0.0,0,0,1,1,0,0,5,2024,0,2,4,0,0.0,0.0,0,1682,1551,0,127051.0
0,0,4,5,2,0,0.0,1,1,0,1,0,0,12,2021,0,2,5,0,0.0,0.0,0,1679,1611,0,115677.0
0,0,6,3,1,1,0.0,1,1,1,0,1,1,2,2020,0,4,10,0,0.0,0.0,0,1679,676,0,136353.0
0,0,1,5,2,2,3.0,3,0,0,1,0,1,1,2020,0,2,6,0,1.5,18.0,1,1679,1531,0,158774.0
2,0,5,4,0,3,8.0,1,1,1,0,0,1,6,2023,0,3,6,0,2.6666666666666665,48.0,0,1626,1494,1,202887.5
3,2,5,5,2,4,11.0,1,0,1,0,1,0,9,2024,0,2,5,0,5.5,55.0,0,1623,1494,0,86251.0
5,0,5,4,3,3,0.0,1,1,0,1,1,0,2,2022,0,3,9,1,0.0,0.0,0,1682,1494,1,189995.0
2,1,3,4,1,2,6.0,0,1,0,1,1,1,12,2023,0,4,12,1,1.5,72.0,1,1626,1551,0,117810.0
3,0,1,1,2,3,2.0,3,0,1,0,0,0,7,2023,1,1,1,0,2.0,2.0,0,1623,1531,0,102661.0
4,1,6,4,2,1,6.0,2,0,0,0,1,0,7,2023,1,1,4,0,6.0,24.0,0,1661,676,0,62971.0
1,0,5,0,3,1,4.0,2,0,1,1,1,1,7,2026,1,4,11,1,1.0,44.0,1,1714,1494,0,108407.0
4,1,0,2,2,1,8.0,0,0,0,0,0,1,4,2021,1,1,3,0,8.0,24.0,0,1661,1567,0,75360.0
4,0,2,5,0,2,3.0,1,0,0,0,1,1,11,2026,0,2,7,0,1.5,21.0,0,1661,1595,0,106051.0
3,1,1,2,0,3,8.0,1,0,1,1,1,0,11,2022,0,3,8,1,2.6666666666666665,64.0,0,1623,1531,0,134658.0
3,2,4,4,1,2,1.0,3,1,0,1,1,0,11,2021,0,3,9,1,0.3333333333333333,9.0,0,1623,1611,0,102500.0
3,2,4,5,1,3,2.0,2,0,0,1,0,1,8,2021,1,2,6,0,1.0,12.0,1,1623,1611,1,202887.5
1,2,4,0,2,3,5.0,1,1,1,0,1,0,5,2026,0,3,7,0,1.6666666666666667,35.0,0,1714,1611,0,98900.0
3,0,1,2,1,3,13.0,0,1,1,1,1,0,8,2022,0,4,10,1,3.25,130.0,0,1623,1531,0,137780.0
3,0,0,3,1,2,7.0,0,1,1,0,0,0,2,2025,0,2,3,0,3.5,21.0,0,1623,1567,0,75372.0
3,3,0,6,2,3,3.0,2,0,1,0,0,1,1,2022,0,2,4,0,1.5,12.0,0,1623,1567,0,107939.0
1,0,3,6,0,3,5.0,1,0,0,0,1,1,11,2024,0,2,7,0,2.5,35.0,0,1714,1551,0,124059.0
4,3,3,6,0,3,10.0,2,0,1,0,1,1,12,2024,0,3,8,0,3.333333333333333,80.0,0,1661,1551,1,202887.5
0,2,0,5,1,2,11.0,2,0,1,0,1,1,1,2024,0,3,8,0,3.6666666666666665,88.0,0,1679,1567,0,142220.0
5,0,1,6,2,4,5.0,2,1,1,1,0,1,11,2024,0,4,9,0,1.25,45.0,1,1682,1531,0,118345.0
1,1,3,2,2,3,9.0,2,0,1,1,0,0,7,2026,0,2,4,0,4.5,36.0,0,1714,1551,0,113873.0
6,3,0,4,0,3,2.0,1,1,0,0,0,0,3,2021,0,1,2,0,2.0,4.0,0,40,1567,0,135493.0
3,3,1,4,2,2,2.0,0,0,1,0,0,0,1,2020,1,1,1,0,2.0,2.0,0,1623,1531,0,76569.0
2,0,4,6,0,1,6.0,1,0,1,1,1,1,10,2021,1,4,11,1,1.5,66.0,1,1626,1611,0,89134.0
0,0,2,4,0,2,1.0,1,0,1,1,1,1,4,2020,1,4,11,1,0.25,11.0,1,1679,1595,0,155700.0
2,2,4,2,2,1,9.0,3,0,0,0,1,1,9,2020,1,2,7,0,4.5,63.0,0,1626,1611,0,79117.0
5,0,0,0,0,2,7.0,2,1,0,1,0,0,4,2025,1,2,5,0,3.5,35.0,0,1682,1567,0,150583.0
2,1,2,1,2,2,6.0,2,0,0,1,0,1,4,2025,1,2,6,0,3.0,36.0,1,1626,1595,0,96928.0
5,0,0,2,1,1,9.0,0,0,0,0,1,1,1,2024,1,2,7,0,4.5,63.0,0,1682,1567,0,124800.0
0,0,1,5,0,1,9.0,3,0,0,0,0,1,6,2026,1,1,3,0,9.0,27.0,0,1679,1531,0,108222.0
5,0,0,3,0,3,11.0,0,0,0,0,1,1,4,2023,2,2,7,0,5.5,77.0,0,1682,1567,1,162797.0
3,2,3,2,1,1,1.0,2,0,1,1,0,0,7,2021,2,2,4,0,0.5,4.0,0,1623,1551,0,61644.0
2,1,5,3,0,3,7.0,0,0,1,1,1,1,9,2023,2,4,11,1,1.75,77.0,1,1626,1494,0,139942.0
3,0,2,2,0,3,14.0,0,0,0,1,1,1,2,2020,2,3,10,1,4.666666666666667,140.0,1,1623,1595,0,138771.0
0,3,4,3,1,3,7.0,1,0,0,1,0,1,1,2023,2,2,6,0,3.5,42.0,1,1679,1611,0,113873.0
4,1,4,3,0,3,0.9,1,0,1,0,0,1,1,2024,2,2,4,0,0.45,3.6,0,1661,1611,0,106703.0
0,0,2,1,0,1,0.0,1,0,0,0,0,1,9,2025,1,1,3,0,0.0,0.0,0,1679,1595,0,121269.0
5,0,1,0,2,2,6.0,2,0,0,1,1,1,11,2021,1,3,10,1,2.0,60.0,1,1682,1531,0,156968.0
2,0,2,5,0,1,12.0,0,1,1,1,0,1,10,2021,1,4,9,0,3.0,108.0,1,1626,1595,0,86530.0
4,2,4,0,1,1,10.0,0,1,1,0,0,1,6,2021,1,3,6,0,3.333333333333333,60.0,0,1661,1611,0,61640.0
4,0,5,6,1,2,6.0,2,0,0,0,0,1,12,2022,1,1,3,0,6.0,18.0,0,1661,1494,0,93607.0
1,2,3,6,2,1,7.0,0,0,0,1,1,1,4,2024,0,3,10,1,2.333333333333333,70.0,1,1714,1551,0,88345.0
2,2,3,3,0,2,10.0,0,0,0,1,1,0,2,2024,2,2,7,1,5.0,70.0,0,1626,1551,0,88955.0
2,0,2,7,1,1,11.0,3,1,1,0,0,1,1,2024,0,3,6,0,3.6666666666666665,66.0,0,1626,1595,0,71360.0
0,1,5,0,0,1,13.0,1,0,0,1,0,1,1,2026,0,2,6,0,6.5,78.0,1,1679,1494,0,126735.0
5,0,5,7,0,3,5.0,2,0,1,1,0,1,1,2026,0,3,7,0,1.6666666666666667,35.0,1,1682,1494,0,113873.0
4,1,1,2,1,2,1.0,2,0,0,1,1,0,8,2020,0,2,7,1,0.5,7.0,0,1661,1531,0,109954.0
0,2,3,2,2,1,5.0,1,0,0,1,1,1,9,2020,0,3,10,1,1.6666666666666667,50.0,1,1679,1551,0,126627.0
0,2,6,5,1,1,1.0,2,0,1,1,0,1,11,2024,0,3,7,0,0.3333333333333333,7.0,1,1679,676,0,114496.0
4,0,4,1,0,2,9.0,1,0,1,1,0,1,10,2023,2,3,7,0,3.0,63.0,1,1661,1611,0,108266.0
4,2,0,4,1,3,14.0,2,1,1,0,0,1,6,2022,2,3,6,0,4.666666666666667,84.0,0,1661,1567,0,113793.0
5,2,3,3,2,2,7.0,1,1,1,0,1,1,1,2022,2,4,10,0,1.75,70.0,0,1682,1551,0,141500.0
4,1,3,3,0,1,6.0,3,0,1,1,0,0,1,2020,2,2,4,0,3.0,24.0,0,1661,1551,0,68523.0
3,0,0,1,2,2,8.0,0,0,1,1,0,0,11,2026,2,2,4,0,4.0,32.0,0,1623,1567,0,114200.0
3,1,4,0,2,2,4.0,1,1,1,0,1,1,1,2023,2,4,10,0,1.0,40.0,0,1623,1611,0,102740.0
4,1,4,6,2,2,13.0,2,1,0,1,0,0,1,2020,2,2,5,0,6.5,65.0,0,1661,1611,0,93832.0
4,0,1,6,2,2,5.0,1,0,1,0,1,0,3,2021,2,2,5,0,2.5,25.0,0,1661,1531,0,109066.0
0,0,0,4,0,2,12.0,0,1,1,1,0,1,2,2022,2,4,9,0,3.0,108.0,1,1679,1567,0,137700.0
1,1,5,1,0,1,13.0,2,0,1,1,0,0,12,2024,1,2,4,0,6.5,52.0,0,1714,1494,0,66812.0
5,2,1,1,1,2,2.0,2,0,0,0,0,1,5,2021,1,1,3,0,2.0,6.0,0,1682,1531,0,123840.0
3,3,0,5,1,3,11.0,2,0,1,0,1,0,5,2023,1,2,5,0,5.5,55.0,0,1623,1567,0,112568.0
3,0,4,7,1,3,7.0,1,1,1,0,1,1,8,2025,1,4,10,0,1.75,70.0,0,1623,1611,0,113873.0
4,1,0,1,1,3,11.0,0,1,1,0,0,1,3,2024,2,3,6,0,3.6666666666666665,66.0,0,1661,1567,0,106389.0
0,1,0,6,2,3,6.0,1,1,1,1,0,0,2,2024,2,3,6,0,2.0,36.0,0,1679,1567,0,152363.0
2,2,4,1,2,1,6.0,1,1,1,0,0,0,3,2020,2,2,3,0,3.0,18.0,0,1626,1611,0,113873.0
4,0,4,7,0,3,14.0,2,0,0,1,0,0,6,2023,2,1,3,0,14.0,42.0,0,1661,1611,0,118697.0
4,0,3,3,1,1,14.0,1,0,1,1,0,0,12,2024,2,2,4,0,7.0,56.0,0,1661,1551,0,73698.0
2,1,2,3,3,1,14.0,0,1,1,0,1,1,11,2022,2,4,10,0,3.5,140.0,0,1626,1595,0,68423.0
0,1,6,3,3,2,5.0,2,0,1,1,0,1,12,2024,1,3,7,0,1.6666666666666667,35.0,1,1679,676,0,144544.0
4,1,0,6,0,2,3.0,0,0,1,0,1,1,7,2022,1,3,8,0,1.0,24.0,0,1661,1567,0,113873.0
3,2,6,0,0,2,7.0,0,1,1,0,0,1,10,2020,1,3,6,0,2.333333333333333,42.0,0,1623,676,0,81447.0
2,0,0,3,2,1,4.0,1,1,0,1,0,0,10,2021,1,2,5,0,2.0,20.0,0,1626,1567,0,97662.0
2,0,4,0,0,1,5.0,2,0,1,1,0,0,6,2020,1,2,4,0,2.5,20.0,0,1626,1611,0,71177.0
3,0,4,3,1,3,3.0,0,1,1,1,0,1,4,2020,1,4,9,0,0.75,27.0,1,1623,1611,0,124195.0
3,0,3,4,0,3,11.0,2,0,0,0,1,0,1,2024,2,1,4,0,11.0,44.0,0,1623,1551,1,202887.5
5,1,2,0,1,1,7.0,0,1,0,0,1,1,9,2024,0,3,9,0,2.333333333333333,63.0,0,1682,1595,0,110961.0
3,1,4,3,2,2,12.0,1,0,0,0,1,1,8,2020,0,2,7,0,6.0,84.0,0,1623,1611,0,102435.0
1,2,4,7,0,3,7.0,1,1,0,0,0,1,10,2020,0,2,5,0,3.5,35.0,0,1714,1611,0,113785.0
5,0,6,3,2,2,3.0,0,1,0,1,1,1,11,2020,0,4,12,1,0.75,36.0,1,1682,676,1,170243.0
5,1,0,7,1,1,11.0,1,1,1,1,0,1,3,2020,0,4,9,0,2.75,99.0,1,1682,1567,0,110997.0
5,1,6,3,0,1,3.0,2,0,1,0,0,0,4,2022,0,1,1,0,3.0,3.0,0,1682,676,0,89696.0
1,2,2,0,0,2,3.0,2,0,0,1,1,0,2,2021,0,2,7,1,1.5,21.0,0,1714,1595,1,202887.5
1,0,2,6,2,4,7.0,0,0,1,1,0,1,6,2022,0,3,7,0,2.333333333333333,49.0,1,1714,1595,0,88079.0
0,2,1,7,0,1,7.0,0,1,0,0,1,1,6,2026,0,3,9,0,2.333333333333333,63.0,0,1679,1531,0,61640.0
1,0,4,2,1,3,7.0,1,0,1,1,1,0,1,2026,0,3,8,1,2.333333333333333,56.0,0,1714,1611,1,202887.5
0,1,1,5,0,1,12.0,2,1,1,1,0,0,10,2021,0,3,6,0,4.0,72.0,0,1679,1531,0,104200.0
4,1,6,5,3,1,7.0,2,1,1,1,1,0,3,2023,0,4,10,1,1.75,70.0,0,1661,676,0,113873.0
1,0,1,5,1,3,7.0,1,0,0,1,1,1,8,2025,0,3,10,1,2.333333333333333,70.0,1,1714,1531,1,164666.0
5,0,5,0,2,4,2.0,1,1,1,0,0,0,7,2024,0,2,3,0,1.0,6.0,0,1682,1494,0,160764.0
2,1,1,4,2,3,7.0,2,1,0,1,0,1,3,2021,0,3,8,0,2.333333333333333,56.0,1,1626,1531,0,124944.0
0,1,3,6,1,2,14.0,2,0,1,0,0,0,7,2023,0,1,1,0,14.0,14.0,0,1679,1551,0,116960.0
3,1,5,6,3,1,6.0,1,1,1,1,1,0,12,2020,0,4,10,1,1.5,60.0,0,1623,1494,0,83517.0
5,0,4,2,2,1,7.0,0,1,0,1,0,1,11,2020,2,3,8,0,2.333333333333333,56.0,1,1682,1611,0,130945.0
5,1,4,3,1,1,2.0,1,0,0,1,0,1,10,2023,2,2,6,0,1.0,12.0,1,1682,1611,0,117701.0
2,0,5,0,1,1,7.0,3,1,0,0,1,0,8,2021,2,2,6,0,3.5,42.0,0,1626,1494,0,61640.0
4,3,5,6,0,4,6.0,0,0,1,0,1,1,6,2024,0,3,8,0,2.0,48.0,0,1661,1494,0,111748.0
3,0,0,0,1,3,8.0,2,0,0,1,0,1,12,2026,0,2,6,0,4.0,48.0,1,1623,1567,0,114505.0
5,1,4,1,0,2,12.0,1,0,0,1,0,0,5,2023,0,1,3,0,12.0,36.0,0,1682,1611,0,127854.0
1,2,0,1,1,1,7.0,0,0,0,1,0,0,9,2022,0,1,3,0,7.0,21.0,0,1714,1567,0,62665.0
2,2,2,1,1,1,2.0,3,1,0,0,1,1,1,2020,0,3,9,0,0.6666666666666666,18.0,0,1626,1595,0,61640.0
1,2,2,4,1,1,7.0,2,0,1,1,1,1,11,2024,0,4,11,1,1.75,77.0,1,1714,1595,0,92639.0
2,0,4,0,1,3,8.0,1,1,0,0,0,0,1,2020,0,1,2,0,8.0,16.0,0,1626,1611,0,117601.0
3,0,0,6,1,2,5.0,2,1,0,0,0,0,10,2020,0,1,2,0,5.0,10.0,0,1623,1567,0,96093.0
3,1,6,6,0,3,14.0,0,1,1,0,1,0,12,2023,0,3,7,0,4.666666666666667,98.0,0,1623,676,0,115985.0
5,2,3,6,2,2,1.0,1,0,1,1,1,1,4,2021,0,4,11,1,0.25,11.0,1,1682,1551,0,61640.0
2,0,0,7,1,1,9.0,1,1,0,1,0,0,4,2022,2,2,5,0,4.5,45.0,0,1626,1567,0,113873.0
4,1,4,1,0,4,7.0,2,1,1,1,1,1,9,2023,2,5,13,1,1.4,91.0,1,1661,1611,0,115850.0
4,0,2,2,1,1,4.0,2,1,1,0,0,0,8,2020,2,2,3,0,2.0,12.0,0,1661,1595,0,61640.0
2,1,3,1,1,1,8.0,1,0,1,1,1,0,3,2026,2,3,8,1,2.6666666666666665,64.0,0,1626,1551,0,84590.0
0,1,0,3,3,1,11.0,0,1,0,0,1,1,2,2026,2,3,9,0,3.6666666666666665,99.0,0,1679,1567,0,116589.0
0,2,0,4,0,3,7.0,2,0,1,1,1,0,7,2026,2,3,8,1,2.333333333333333,56.0,0,1679,1567,1,184427.0
0,1,4,2,3,3,1.0,1,0,1,1,1,0,7,2026,0,3,8,1,0.3333333333333333,8.0,0,1679,1611,1,170183.0
0,1,3,1,2,1,1.0,2,1,0,1,1,1,2,2024,0,4,12,1,0.25,12.0,1,1679,1551,0,134041.0
2,3,5,5,1,2,4.0,0,0,0,1,0,1,5,2020,0,2,6,0,2.0,24.0,1,1626,1494,0,85198.0
1,1,6,1,2,3,14.0,0,1,0,0,0,1,6,2026,0,2,5,0,7.0,70.0,0,1714,676,0,125978.0
3,1,1,7,2,1,4.0,1,0,0,0,1,1,5,2022,0,2,7,0,2.0,28.0,0,1623,1531,0,78400.0
0,1,5,1,2,4,7.0,2,0,0,0,1,1,2,2026,0,2,7,0,3.5,49.0,0,1679,1494,1,163776.0
4,2,1,4,0,2,11.0,1,0,0,1,1,1,11,2026,0,3,10,1,3.6666666666666665,110.0,1,1661,1531,0,118609.0
2,0,3,3,2,1,1.0,0,1,1,1,1,1,2,2024,0,5,13,1,0.2,13.0,1,1626,1551,0,113873.0
0,0,2,5,0,2,8.0,0,0,1,1,0,1,5,2021,0,3,7,0,2.6666666666666665,56.0,1,1679,1595,0,158076.0
1,0,3,6,1,2,8.0,0,0,0,1,1,1,6,2021,0,3,10,1,2.6666666666666665,80.0,1,1714,1551,1,202887.5
0,0,4,4,1,3,13.0,1,1,1,1,0,1,3,2023,0,4,9,0,3.25,117.0,1,1679,1611,1,176707.0
4,2,4,1,3,1,5.0,2,0,0,1,0,0,1,2025,0,1,3,0,5.0,15.0,0,1661,1611,0,82585.0
2,1,1,6,0,1,5.0,0,1,0,0,0,0,1,2020,1,1,2,0,5.0,10.0,0,1626,1531,0,61640.0
2,2,6,0,1,1,5.0,2,1,1,1,1,1,10,2021,1,5,13,1,1.0,65.0,1,1626,676,0,87031.0
0,3,2,4,1,2,10.0,1,0,1,1,0,0,4,2021,1,2,4,0,5.0,40.0,0,1679,1595,0,129900.0
4,1,3,2,1,1,7.0,3,1,1,1,0,1,1,2020,0,4,9,0,1.75,63.0,1,1661,1551,0,77582.0
5,2,2,6,1,4,7.0,0,0,1,0,0,1,2,2021,0,2,4,0,3.5,28.0,0,1682,1595,0,101595.0
4,1,0,0,1,3,6.0,3,1,0,1,0,1,3,2022,0,3,8,0,2.0,48.0,1,1661,1567,0,114036.0
4,1,4,2,2,1,12.0,0,0,1,1,1,0,4,2024,0,3,8,1,4.0,96.0,0,1661,1611,1,202887.5
0,1,1,7,2,2,2.2,2,1,0,1,0,1,1,2022,0,3,8,0,0.7333333333333334,17.6,1,1679,1531,1,202887.5
2,2,1,4,0,2,14.0,1,1,1,0,1,1,5,2024,2,4,10,0,3.5,140.0,0,1626,1531,0,92547.0
4,0,1,5,2,2,3.0,1,0,1,1,0,0,7,2025,0,2,4,0,1.5,12.0,0,1661,1531,0,93630.0
0,0,2,7,0,1,4.0,0,1,1,0,1,1,3,2020,0,4,10,0,1.0,40.0,0,1679,1595,0,137914.0
5,1,3,4,2,2,1.0,2,0,1,0,0,1,7,2026,0,2,4,0,0.5,4.0,0,1682,1551,0,128755.0
1,1,5,3,2,4,7.0,1,0,0,1,1,1,3,2022,0,3,10,1,2.333333333333333,70.0,1,1714,1494,0,82061.0
1,1,3,1,1,1,8.0,0,1,1,1,0,1,11,2023,0,4,9,0,2.0,72.0,1,1714,1551,0,70965.0
1,2,3,0,2,1,5.0,0,1,1,1,1,1,1,2022,0,5,13,1,1.0,65.0,1,1714,1551,0,87100.0
3,0,1,3,2,1,11.0,2,0,0,1,1,0,3,2026,0,2,7,1,5.5,77.0,0,1623,1531,0,79023.0
2,0,4,5,2,4,7.0,0,0,1,0,1,1,8,2025,1,3,8,0,2.333333333333333,56.0,0,1626,1611,0,113873.0
2,1,3,0,3,2,5.0,1,0,0,1,0,1,8,2026,1,2,6,0,2.5,30.0,1,1626,1551,0,113873.0
5,1,5,1,0,2,2.0,0,0,0,1,0,0,4,2020,1,1,3,0,2.0,6.0,0,1682,1494,0,132106.0
2,1,2,3,2,3,2.0,2,0,1,0,0,0,10,2025,0,1,1,0,2.0,2.0,0,1626,1595,0,97337.0
0,0,0,7,2,3,5.0,2,1,1,0,0,1,8,2025,0,3,6,0,1.6666666666666667,30.0,0,1679,1567,1,174821.0
4,0,5,3,1,3,8.0,0,0,1,1,0,1,3,2024,0,3,7,0,2.6666666666666665,56.0,1,1661,1494,0,125509.0
1,2,5,7,2,2,7.0,0,1,1,1,0,0,10,2023,0,3,6,0,2.333333333333333,42.0,0,1714,1494,0,92551.0
4,0,2,2,2,2,3.0,0,1,1,1,0,1,1,2023,0,4,9,0,0.75,27.0,1,1661,1595,0,109735.0
4,0,0,1,3,1,14.0,2,0,1,1,1,1,1,2021,0,4,11,1,3.5,154.0,1,1661,1567,0,108525.0
5,2,0,0,2,2,2.0,1,1,0,1,1,0,1,2024,0,3,9,1,0.6666666666666666,18.0,0,1682,1567,0,148782.0
2,0,4,1,1,2,0.0,1,1,1,0,1,1,6,2024,0,4,10,0,0.0,0.0,0,1626,1611,0,99764.0
4,2,0,6,2,3,8.9,0,1,0,0,1,1,1,2024,0,3,9,0,2.966666666666667,80.10000000000001,0,1661,1567,0,122669.0
5,1,0,5,1,4,1.0,0,0,0,1,0,0,8,2020,0,1,3,0,1.0,3.0,0,1682,1567,0,138478.0
2,0,3,4,2,2,7.0,0,0,1,1,1,0,8,2026,0,3,8,1,2.333333333333333,56.0,0,1626,1551,0,91660.0
1,1,0,3,1,1,3.0,1,0,0,1,1,1,4,2023,0,3,10,1,1.0,30.0,1,1714,1567,0,113873.0
5,0,0,0,2,3,12.0,2,1,0,0,1,1,4,2022,0,3,9,0,4.0,108.0,0,1682,1567,1,184503.0
5,1,0,2,2,3,7.0,2,1,1,0,0,1,2,2026,0,3,6,0,2.333333333333333,42.0,0,1682,1567,0,143766.0
1,0,5,6,2,2,7.0,0,0,1,0,1,1,6,2026,0,3,8,0,2.333333333333333,56.0,0,1714,1494,0,115429.0
5,2,3,1,1,4,8.0,1,0,1,0,1,0,2,2023,0,2,5,0,4.0,40.0,0,1682,1551,0,100508.0
2,0,2,5,0,3,9.0,0,0,0,0,0,1,2,2026,0,1,3,0,9.0,27.0,0,1626,1595,0,127617.0
3,2,2,2,0,2,14.0,1,0,1,1,1,0,11,2026,0,3,8,1,4.666666666666667,112.0,0,1623,1595,1,202887.5
5,1,5,5,2,2,0.0,1,0,0,1,1,0,1,2025,0,2,7,1,0.0,0.0,0,1682,1494,0,113873.0
3,1,1,5,3,1,2.0,1,0,1,0,0,0,4,2025,0,1,1,0,2.0,2.0,0,1623,1531,0,61640.0
5,2,5,4,0,1,7.0,0,1,1,0,1,1,1,2024,0,4,10,0,1.75,70.0,0,1682,1494,0,114142.0
5,3,3,6,0,2,5.0,0,0,1,0,1,1,2,2024,1,3,8,0,1.6666666666666667,40.0,0,1682,1551,0,113873.0
5,2,6,1,0,1,1.0,1,1,0,1,0,1,2,2025,1,3,8,0,0.3333333333333333,8.0,1,1682,676,0,102098.0
5,0,5,3,0,1,9.0,0,0,0,1,0,1,3,2021,1,2,6,0,4.5,54.0,1,1682,1494,0,132225.0
5,0,5,6,2,3,0.0,2,1,1,1,0,0,1,2020,1,3,6,0,0.0,0.0,0,1682,1494,1,175762.0
4,0,4,6,2,3,12.0,0,1,1,0,0,1,1,2024,1,3,6,0,4.0,72.0,0,1661,1611,0,113873.0
0,2,3,6,2,3,10.2,2,0,1,1,0,0,2,2020,1,2,4,0,5.1,40.8,0,1679,1551,0,113873.0
5,2,0,4,1,2,10.0,0,1,1,1,1,0,11,2025,0,4,10,1,2.5,100.0,0,1682,1567,0,144951.0
5,0,2,3,3,2,2.0,2,1,1,0,1,0,7,2024,1,3,7,0,0.6666666666666666,14.0,0,1682,1595,0,125203.0
0,1,2,7,1,2,6.0,1,0,0,1,1,0,3,2024,1,2,7,1,3.0,42.0,0,1679,1595,0,142051.0
4,1,5,5,0,2,1.0,1,0,1,1,0,0,9,2024,1,2,4,0,0.5,4.0,0,1661,1494,0,94174.0
2,0,5,6,2,1,10.0,2,0,1,0,0,0,10,2025,1,1,1,0,10.0,10.0,0,1626,1494,1,202887.5
4,2,1,1,2,1,7.0,1,1,0,1,1,1,1,2022,1,4,12,1,1.75,84.0,1,1661,1531,1,202887.5
4,0,4,6,0,2,9.0,1,1,0,1,0,1,1,2025,2,3,8,0,3.0,72.0,1,1661,1611,0,123121.0
2,2,3,4,2,2,8.0,2,0,1,0,1,1,3,2020,2,3,8,0,2.6666666666666665,64.0,0,1626,1551,0,91077.0
0,2,6,5,0,3,14.0,0,1,0,0,1,0,3,2021,2,2,6,0,7.0,84.0,0,1679,676,0,156475.0
3,2,1,3,2,1,1.0,1,1,1,0,1,1,11,2021,1,4,10,0,0.25,10.0,0,1623,1531,0,78068.0
5,0,2,3,2,1,10.0,1,0,1,1,1,0,9,2024,1,3,8,1,3.333333333333333,80.0,0,1682,1595,0,123639.0
3,0,2,3,2,2,2.0,1,1,0,0,1,0,1,2021,1,2,6,0,1.0,12.0,0,1623,1595,0,105894.0
4,1,4,7,1,3,4.0,3,0,1,0,0,1,4,2021,1,2,4,0,2.0,16.0,0,1661,1611,0,106821.0
1,2,1,5,0,3,6.0,1,0,1,0,0,1,11,2020,1,2,4,0,3.0,24.0,0,1714,1531,0,106148.0
2,2,0,5,3,2,8.0,0,1,1,0,0,0,6,2020,1,2,3,0,4.0,24.0,0,1626,1567,0,61640.0
3,0,2,0,1,3,1.0,2,0,0,1,0,1,1,2025,1,2,6,0,0.5,6.0,1,1623,1595,0,109044.0
1,0,3,4,3,3,10.6,1,0,1,0,0,0,8,2022,1,1,1,0,10.6,10.6,0,1714,1551,0,95880.0
5,0,3,5,2,3,7.0,0,1,0,1,1,1,1,2021,1,4,12,1,1.75,84.0,1,1682,1551,1,195738.0
3,2,1,1,3,2,5.0,1,1,1,1,0,1,8,2024,1,4,9,0,1.25,45.0,1,1623,1531,0,102992.0
1,0,5,6,1,2,7.0,2,1,1,0,0,0,5,2025,0,2,3,0,3.5,21.0,0,1714,1494,0,105600.0
5,0,2,1,1,3,0.0,1,1,1,0,0,0,5,2023,0,2,3,0,0.0,0.0,0,1682,1595,0,140956.0
4,2,2,0,2,3,7.0,2,0,1,1,0,0,9,2024,0,2,4,0,3.5,28.0,0,1661,1595,0,113873.0
3,0,2,6,0,2,1.0,0,0,1,0,0,1,3,2025,0,2,4,0,0.5,4.0,0,1623,1595,0,81754.0
4,2,0,3,1,0,3.0,1,0,0,1,1,1,12,2025,0,3,10,1,1.0,30.0,1,1661,1567,0,85158.0
3,0,1,6,0,3,12.1,2,0,1,1,0,1,11,2025,0,3,7,0,4.033333333333333,84.7,1,1623,1531,0,139897.0
2,1,4,5,0,4,12.1,0,0,1,0,1,1,1,2024,0,3,8,0,4.033333333333333,96.8,0,1626,1611,0,94437.0
5,1,5,4,0,2,9.0,1,1,0,1,0,0,1,2026,0,2,5,0,4.5,45.0,0,1682,1494,0,116444.0
3,1,6,1,3,3,4.0,0,0,0,1,1,1,11,2021,0,3,10,1,1.3333333333333333,40.0,1,1623,676,0,113873.0
0,0,2,0,2,2,8.0,2,0,1,1,1,1,8,2026,0,4,11,1,2.0,88.0,1,1679,1595,1,174574.0
0,0,2,1,1,4,12.0,0,0,0,1,0,1,10,2020,0,2,6,0,6.0,72.0,1,1679,1595,0,104798.0
2,0,4,2,2,2,3.0,0,0,1,0,0,0,9,2020,0,1,1,0,3.0,3.0,0,1626,1611,0,91437.0
3,0,5,1,2,3,0.0,0,1,0,0,1,0,3,2025,0,2,6,0,0.0,0.0,0,1623,1494,0,134835.0
3,0,5,1,2,2,8.0,2,1,1,1,1,0,11,2024,0,4,10,1,2.0,80.0,0,1623,1494,0,120300.0
1,0,3,2,1,2,9.0,2,1,1,1,1,1,1,2020,0,5,13,1,1.8,117.0,1,1714,1551,0,121124.0
5,3,1,4,1,2,3.0,0,0,0,1,0,0,5,2026,0,1,3,0,3.0,9.0,0,1682,1531,0,133100.0
4,0,3,0,1,3,7.0,1,0,0,1,1,0,9,2025,0,2,7,1,3.5,49.0,0,1661,1551,0,128625.0
5,2,2,5,2,3,9.0,0,0,1,1,1,1,10,2025,2,4,11,1,2.25,99.0,1,1682,1595,0,161365.0
4,0,1,3,2,3,13.0,2,0,1,1,1,1,2,2020,2,4,11,1,3.25,143.0,1,1661,1531,0,138309.0
2,3,4,6,2,1,7.0,2,0,1,1,0,0,11,2022,0,2,4,0,3.5,28.0,0,1626,1611,0,113873.0
0,1,2,3,1,1,6.0,0,0,0,1,0,0,1,2021,1,1,3,0,6.0,18.0,0,1679,1595,0,100819.0
0,0,5,3,1,1,4.0,1,1,1,0,0,1,8,2025,1,3,6,0,1.3333333333333333,24.0,0,1679,1494,0,98557.0
1,0,6,0,1,3,12.0,1,0,1,1,1,0,12,2021,1,3,8,1,4.0,96.0,0,1714,676,0,146568.0
1,0,3,5,0,3,0.0,3,1,0,1,0,1,12,2020,1,3,8,0,0.0,0.0,1,1714,1551,0,126793.0
3,1,5,4,2,3,10.0,1,1,0,0,0,1,1,2020,1,2,5,0,5.0,50.0,0,1623,1494,0,105653.0
5,0,3,4,1,1,8.0,2,0,1,0,1,1,4,2022,1,3,8,0,2.6666666666666665,64.0,0,1682,1551,0,131889.0
2,0,3,5,1,1,11.0,2,0,1,0,0,1,2,2023,2,2,4,0,5.5,44.0,0,1626,1551,0,82984.0
3,2,4,7,1,4,10.0,0,0,1,0,1,1,5,2026,2,3,8,0,3.333333333333333,80.0,0,1623,1611,0,125019.0
4,2,5,4,2,4,11.6,3,0,0,0,0,1,5,2025,2,1,3,0,11.6,34.8,0,1661,1494,0,61640.0
5,1,3,2,2,3,7.0,1,0,1,1,0,0,3,2023,2,2,4,0,3.5,28.0,0,1682,1551,0,151418.0
1,0,0,4,2,1,4.0,1,1,0,0,1,0,9,2021,2,2,6,0,2.0,24.0,0,1714,1567,0,81200.0
4,0,0,6,2,0,6.0,3,0,1,0,0,1,3,2023,2,2,4,0,3.0,24.0,0,1661,1567,0,62668.0
4,2,5,5,1,2,3.0,0,0,0,1,0,1,5,2021,2,2,6,0,1.5,18.0,1,1661,1494,0,98734.0
5,1,0,2,3,3,7.0,0,0,1,0,0,1,8,2021,2,2,4,0,3.5,28.0,0,1682,1567,0,153028.0
4,2,2,4,2,1,7.0,3,0,1,0,0,1,12,2022,2,2,4,0,3.5,28.0,0,1661,1595,0,61640.0
3,2,0,3,1,1,8.0,0,1,0,0,1,0,1,2023,2,2,6,0,4.0,48.0,0,1623,1567,0,61640.0
0,0,1,0,0,1,6.0,0,0,0,1,1,1,4,2025,2,3,10,1,2.0,60.0,1,1679,1531,0,145645.0
1,1,2,2,0,3,9.0,0,0,1,0,1,0,5,2022,2,2,5,0,4.5,45.0,0,1714,1595,0,113529.0
4,0,1,1,1,2,12.0,3,1,0,0,0,1,4,2022,2,2,5,0,6.0,60.0,0,1661,1531,0,86075.0
0,2,5,1,3,3,3.0,0,0,1,1,0,0,8,2024,2,2,4,0,1.5,12.0,0,1679,1494,0,158591.0
4,0,0,6,0,4,7.0,2,1,0,0,1,1,5,2023,2,3,9,0,2.333333333333333,63.0,0,1661,1567,0,97433.0
0,1,1,1,0,1,4.0,1,0,1,1,0,0,10,2021,1,2,4,0,2.0,16.0,0,1679,1531,0,86434.0
4,0,4,2,1,3,8.0,1,1,1,1,1,1,3,2022,1,5,13,1,1.6,104.0,1,1661,1611,0,136208.0
4,0,6,1,0,1,7.0,0,1,0,1,0,1,10,2020,1,3,8,0,2.333333333333333,56.0,1,1661,676,0,93114.0
5,0,1,4,0,2,2.0,0,0,1,1,1,1,7,2024,1,4,11,1,0.5,22.0,1,1682,1531,0,150731.0
5,0,3,1,0,1,0.0,1,0,0,1,1,1,11,2020,1,3,10,1,0.0,0.0,1,1682,1551,1,202887.5
1,0,1,7,2,2,0.0,2,1,0,1,0,1,9,2025,1,3,8,0,0.0,0.0,1,1714,1531,0,116476.0
4,2,1,6,3,3,7.0,1,0,1,0,1,0,7,2021,1,2,5,0,3.5,35.0,0,1661,1531,0,118663.0
4,2,5,4,0,3,2.0,0,0,1,1,0,1,3,2026,1,3,7,0,0.6666666666666666,14.0,1,1661,1494,0,119640.0
0,2,0,2,2,2,5.0,2,1,0,0,0,0,8,2026,1,1,2,0,5.0,10.0,0,1679,1567,0,114031.0
0,2,3,6,2,2,9.0,2,1,1,1,1,1,1,2020,1,5,13,1,1.8,117.0,1,1679,1551,0,151638.0
0,0,3,6,2,1,13.0,1,0,0,1,0,0,11,2024,1,1,3,0,13.0,39.0,0,1679,1551,0,129000.0
3,1,1,5,1,2,9.0,2,0,0,1,0,0,1,2023,1,1,3,0,9.0,27.0,0,1623,1531,0,85627.0
5,3,2,6,2,1,13.0,1,1,1,0,1,1,2,2020,1,4,10,0,3.25,130.0,0,1682,1595,0,112340.0
4,0,0,5,0,2,11.0,1,1,1,0,0,1,2,2021,1,3,6,0,3.6666666666666665,66.0,0,1661,1567,0,103801.0
5,2,1,3,2,3,9.0,0,0,0,0,0,1,2,2025,2,1,3,0,9.0,27.0,0,1682,1531,1,166789.0
2,2,1,5,0,2,7.0,2,0,1,1,0,0,3,2023,2,2,4,0,3.5,28.0,0,1626,1531,0,88883.0
4,1,3,5,2,2,14.0,0,1,1,1,0,0,11,2021,2,3,6,0,4.666666666666667,84.0,0,1661,1551,0,92961.0
5,0,1,6,2,1,3.0,3,1,1,1,0,1,6,2026,2,4,9,0,0.75,27.0,1,1682,1531,0,113873.0
5,1,4,6,0,2,6.0,0,1,1,1,0,1,7,2020,1,4,9,0,1.5,54.0,1,1682,1611,0,113873.0
4,0,0,5,0,0,7.0,0,1,0,0,1,0,12,2025,1,2,6,0,3.5,42.0,0,1661,1567,0,87286.0
5,0,1,4,1,3,6.0,1,1,0,1,0,1,11,2026,0,3,8,0,2.0,48.0,1,1682,1531,1,181253.0
2,1,6,2,2,2,5.0,1,0,1,1,1,0,10,2020,0,3,8,1,1.6666666666666667,40.0,0,1626,676,0,113873.0
4,0,0,0,2,1,2.0,2,1,0,0,0,1,10,2025,0,2,5,0,1.0,10.0,0,1661,1567,0,63615.0
2,1,1,2,2,2,7.0,0,0,1,1,1,1,10,2022,0,4,11,1,1.75,77.0,1,1626,1531,0,116211.0
1,2,1,0,1,4,13.0,1,0,1,1,1,0,3,2024,0,3,8,1,4.333333333333333,104.0,0,1714,1531,0,77147.0
1,1,2,1,0,1,12.0,2,0,0,1,1,1,4,2024,0,3,10,1,4.0,120.0,1,1714,1595,0,91010.0
2,1,4,5,2,3,1.0,1,1,0,1,1,0,4,2024,1,3,9,1,0.3333333333333333,9.0,0,1626,1611,0,115161.0
4,0,2,0,2,1,12.0,0,1,0,0,0,0,8,2023,1,1,2,0,12.0,24.0,0,1661,1595,0,66708.0
4,3,5,1,2,2,12.0,1,0,1,0,0,0,10,2023,1,1,1,0,12.0,12.0,0,1661,1494,0,72564.0
1,0,3,4,2,3,8.0,0,1,0,1,1,1,3,2022,1,4,12,1,2.0,96.0,1,1714,1551,0,141787.0
4,2,0,3,2,3,12.0,2,1,1,0,0,1,2,2024,1,3,6,0,4.0,72.0,0,1661,1567,0,121839.0
1,1,2,1,1,4,7.0,0,1,1,1,1,1,12,2020,1,5,13,1,1.4,91.0,1,1714,1595,0,117321.0
3,0,0,0,1,2,2.0,1,1,1,1,0,1,7,2023,0,4,9,0,0.5,18.0,1,1623,1567,0,105772.0
2,0,2,6,1,4,5.0,1,0,0,0,0,1,7,2022,0,1,3,0,5.0,15.0,0,1626,1595,0,88921.0
2,3,1,0,0,3,4.0,2,1,1,1,0,1,6,2022,0,4,9,0,1.0,36.0,1,1626,1531,0,61640.0
0,0,0,5,1,2,7.0,2,1,0,0,0,0,1,2020,0,1,2,0,7.0,14.0,0,1679,1567,0,110098.0
1,0,4,3,1,2,1.0,2,0,1,1,1,0,1,2020,0,3,8,1,0.3333333333333333,8.0,0,1714,1611,0,120377.0
1,0,0,1,0,2,10.0,0,0,0,0,0,1,1,2022,0,1,3,0,10.0,30.0,0,1714,1567,0,84948.0
1,1,3,1,2,1,6.0,0,0,1,1,1,0,1,2026,0,3,8,1,2.0,48.0,0,1714,1551,0,77554.0
5,2,1,0,1,3,4.0,0,0,1,0,1,0,11,2021,0,2,5,0,2.0,20.0,0,1682,1531,0,150485.0
4,2,4,1,0,1,6.0,0,1,0,1,0,1,9,2021,0,3,8,0,2.0,48.0,1,1661,1611,0,74782.0
4,0,2,6,1,3,14.0,3,0,0,0,0,1,7,2024,0,1,3,0,14.0,42.0,0,1661,1595,1,202887.5
0,0,4,4,1,2,9.0,2,0,1,0,1,0,6,2026,2,2,5,0,4.5,45.0,0,1679,1611,0,129148.0
0,0,5,2,0,1,7.0,0,1,0,0,1,1,8,2026,2,3,9,0,2.333333333333333,63.0,0,1679,1494,0,133145.0
4,0,2,1,0,1,7.0,1,0,0,1,0,1,2,2020,2,2,6,0,3.5,42.0,1,1661,1595,0,76300.0
3,0,5,7,0,1,4.0,0,0,1,1,1,1,7,2020,2,4,11,1,1.0,44.0,1,1623,1494,0,97259.0
3,0,4,1,0,1,7.0,0,0,1,0,1,1,11,2020,2,3,8,0,2.333333333333333,56.0,0,1623,1611,0,92063.0
3,1,0,1,2,4,9.0,2,1,1,1,1,1,11,2021,2,5,13,1,1.8,117.0,1,1623,1567,0,91200.0
5,1,0,6,2,1,8.0,2,1,0,1,0,0,2,2021,2,2,5,0,4.0,40.0,0,1682,1567,0,105614.0
5,0,0,0,0,1,1.0,0,1,0,1,0,1,1,2026,2,3,8,0,0.3333333333333333,8.0,1,1682,1567,0,135386.0
5,0,3,6,2,2,7.0,1,0,1,0,1,1,1,2021,2,3,8,0,2.333333333333333,56.0,0,1682,1551,0,144918.0
1,0,3,4,3,3,13.0,0,0,0,0,1,0,9,2023,2,1,4,0,13.0,52.0,0,1714,1551,0,116756.0
2,2,2,6,1,1,1.0,2,1,0,1,1,0,4,2026,2,3,9,1,0.3333333333333333,9.0,0,1626,1595,0,82344.0
5,0,5,6,1,4,2.0,3,0,1,1,1,1,9,2021,2,4,11,1,0.5,22.0,1,1682,1494,0,101066.0
6,1,4,3,1,2,11.0,3,1,1,0,0,1,9,2025,2,3,6,0,3.6666666666666665,66.0,0,40,1611,0,152567.0
2,0,1,4,2,3,2.0,0,0,0,1,0,1,11,2024,2,2,6,0,1.0,12.0,1,1626,1531,0,147939.0
0,1,0,3,0,3,10.0,2,0,0,0,1,0,6,2024,2,1,4,0,10.0,40.0,0,1679,1567,0,154412.0
5,2,1,4,2,2,13.0,0,0,1,1,1,0,6,2023,2,3,8,1,4.333333333333333,104.0,0,1682,1531,0,149870.0
1,0,2,5,2,2,2.0,0,1,1,1,1,1,3,2023,2,5,13,1,0.4,26.0,1,1714,1595,0,116637.0
5,0,0,0,0,1,10.0,1,1,1,0,0,1,9,2025,2,3,6,0,3.333333333333333,60.0,0,1682,1567,0,98735.0
2,0,6,5,0,3,0.0,1,0,0,1,0,1,7,2022,2,2,6,0,0.0,0.0,1,1626,676,0,138458.0
5,0,2,5,2,2,7.0,0,1,1,1,1,1,3,2024,2,5,13,1,1.4,91.0,1,1682,1595,0,113873.0
2,0,5,6,1,1,7.0,0,1,0,1,1,1,9,2020,2,4,12,1,1.75,84.0,1,1626,1494,0,113873.0
3,2,0,2,2,2,10.0,2,0,0,0,0,1,11,2025,2,1,3,0,10.0,30.0,0,1623,1567,0,86036.0
0,0,1,1,0,1,0.0,2,0,1,0,1,0,12,2024,2,2,5,0,0.0,0.0,0,1679,1531,0,121600.0
1,1,5,3,1,1,4.0,1,0,0,0,1,1,4,2024,2,2,7,0,2.0,28.0,0,1714,1494,0,76565.0
1,2,4,4,0,2,2.0,0,1,0,0,0,1,10,2021,2,2,5,0,1.0,10.0,0,1714,1611,0,86748.0
4,2,2,2,1,3,13.0,0,0,0,0,1,1,5,2026,2,2,7,0,6.5,91.0,0,1661,1595,0,120373.0
1,2,5,5,1,3,2.0,3,0,0,1,1,0,8,2022,0,2,7,1,1.0,14.0,0,1714,1494,0,132336.0
4,3,4,4,1,1,11.6,0,1,1,1,1,1,5,2021,0,5,13,1,2.32,150.79999999999998,1,1661,1611,0,87556.0
3,2,5,2,0,2,12.0,2,1,0,1,0,0,4,2024,0,2,5,0,6.0,60.0,0,1623,1494,0,73918.0
2,0,1,7,0,1,6.0,1,1,0,1,0,1,1,2025,0,3,8,0,2.0,48.0,1,1626,1531,0,92063.0
5,2,1,5,2,1,14.0,1,1,1,1,0,1,8,2020,0,4,9,0,3.5,126.0,1,1682,1531,0,112810.0
4,0,3,5,1,3,5.0,2,0,0,0,1,1,1,2021,0,2,7,0,2.5,35.0,0,1661,1551,0,125227.0
5,2,4,1,2,3,8.0,1,0,1,0,0,1,1,2022,0,2,4,0,4.0,32.0,0,1682,1611,0,61640.0
5,2,2,5,1,2,2.0,2,1,1,1,0,1,4,2022,0,4,9,0,0.5,18.0,1,1682,1595,1,202887.5
2,2,5,0,0,3,7.0,2,0,1,0,0,1,3,2024,0,2,4,0,3.5,28.0,0,1626,1494,0,111470.0
1,0,1,4,2,2,12.0,0,0,0,1,0,1,10,2025,0,2,6,0,6.0,72.0,1,1714,1531,0,99892.0
2,0,0,6,1,3,1.0,0,1,1,0,0,1,3,2024,1,3,6,0,0.3333333333333333,6.0,0,1626,1567,0,122657.0
4,1,0,6,0,2,2.0,1,0,1,0,1,0,6,2023,1,2,5,0,1.0,10.0,0,1661,1567,0,90276.0
4,2,0,0,2,2,12.0,2,1,1,1,0,1,5,2025,1,4,9,0,3.0,108.0,1,1661,1567,0,100140.0
0,0,5,5,2,2,9.0,3,1,0,1,1,0,1,2020,1,3,9,1,3.0,81.0,0,1679,1494,0,140894.0
2,2,3,4,0,1,11.0,2,0,0,1,1,1,1,2026,1,3,10,1,3.6666666666666665,110.0,1,1626,1551,1,202887.5
0,1,2,6,2,2,3.2,2,0,0,1,0,0,8,2023,1,1,3,0,3.2,9.6,0,1679,1595,0,132727.0
2,0,6,7,1,1,11.0,0,0,0,0,1,0,7,2026,1,1,4,0,11.0,44.0,0,1626,676,0,100185.0
0,2,1,1,2,3,1.0,2,0,0,1,0,1,4,2021,1,2,6,0,0.5,6.0,1,1679,1531,1,168309.0
0,0,0,4,1,3,12.0,2,1,0,1,0,1,12,2024,1,3,8,0,4.0,96.0,1,1679,1567,1,186360.0
1,0,1,4,2,1,14.0,1,1,1,0,0,0,8,2022,1,2,3,0,7.0,42.0,0,1714,1531,0,61640.0
2,1,3,2,2,2,13.0,0,0,0,1,0,0,3,2021,1,1,3,0,13.0,39.0,0,1626,1551,0,106339.0
2,1,0,2,0,1,12.0,2,0,1,0,1,0,7,2023,1,2,5,0,6.0,60.0,0,1626,1567,0,63726.0
2,0,1,4,0,2,10.0,1,1,1,0,0,0,6,2026,1,2,3,0,5.0,30.0,0,1626,1531,0,79799.0
3,0,1,4,1,2,5.0,1,0,1,1,0,1,10,2024,1,3,7,0,1.6666666666666667,35.0,1,1623,1531,0,118587.0
5,0,0,6,0,3,1.0,2,1,1,1,1,1,7,2026,1,5,13,1,0.2,13.0,1,1682,1567,1,180118.0
1,0,1,6,0,4,10.0,2,0,1,1,1,0,6,2025,1,3,8,1,3.333333333333333,80.0,0,1714,1531,0,149791.0
0,1,3,6,2,3,0.0,1,0,0,0,1,0,4,2020,1,1,4,0,0.0,0.0,0,1679,1551,0,152287.0
4,0,3,0,0,3,5.0,0,1,0,0,1,1,10,2026,1,3,9,0,1.6666666666666667,45.0,0,1661,1551,0,149418.0
5,0,4,2,2,0,10.0,1,0,0,1,0,0,1,2020,2,1,3,0,10.0,30.0,0,1682,1611,0,113873.0
3,2,5,4,2,2,2.0,2,1,1,0,0,1,1,2026,2,3,6,0,0.6666666666666666,12.0,0,1623,1494,0,87551.0
0,2,1,4,2,3,2.0,0,0,1,0,1,0,5,2025,2,2,5,0,1.0,10.0,0,1679,1531,0,113873.0
3,1,3,5,2,4,7.0,1,1,1,1,1,1,1,2021,2,5,13,1,1.4,91.0,1,1623,1551,0,78414.0
2,2,5,6,0,1,14.0,1,0,1,1,0,0,2,2023,0,2,4,0,7.0,56.0,0,1626,1494,0,78443.0
1,0,1,6,0,2,8.0,2,0,1,1,0,1,10,2022,0,3,7,0,2.6666666666666665,56.0,1,1714,1531,0,112674.0
3,1,0,1,0,2,10.0,0,1,1,0,0,1,4,2025,0,3,6,0,3.333333333333333,60.0,0,1623,1567,0,82774.0
1,0,5,7,2,2,4.0,3,0,1,1,0,0,8,2024,1,2,4,0,2.0,16.0,0,1714,1494,1,202887.5
0,1,4,4,2,1,4.0,0,0,1,1,0,0,10,2026,0,2,4,0,2.0,16.0,0,1679,1611,0,120207.0
2,0,5,6,2,3,6.0,1,0,0,1,1,0,9,2021,0,2,7,1,3.0,42.0,0,1626,1494,0,149202.0
0,0,0,4,0,3,4.0,2,0,0,0,1,0,7,2025,0,1,4,0,4.0,16.0,0,1679,1567,1,173769.0
5,0,0,2,0,2,7.0,2,1,1,0,0,0,10,2026,0,2,3,0,3.5,21.0,0,1682,1567,0,135641.0
5,0,4,4,0,2,0.0,1,0,0,1,1,0,4,2020,0,2,7,1,0.0,0.0,0,1682,1611,0,161600.0
1,1,2,3,2,3,7.0,0,1,1,0,0,1,9,2020,0,3,6,0,2.333333333333333,42.0,0,1714,1595,0,114600.0
1,0,3,3,0,3,10.0,1,1,1,1,0,1,3,2026,0,4,9,0,2.5,90.0,1,1714,1551,1,162692.0
1,1,2,0,1,1,7.0,0,1,1,1,0,0,12,2023,0,3,6,0,2.333333333333333,42.0,0,1714,1595,0,61640.0
5,0,4,5,1,1,11.0,1,1,0,0,0,1,8,2023,0,2,5,0,5.5,55.0,0,1682,1611,0,101761.0
3,1,1,6,0,1,7.0,0,0,1,0,1,1,10,2024,0,3,8,0,2.333333333333333,56.0,0,1623,1531,0,65932.0
0,2,0,5,2,1,7.0,1,0,1,1,0,0,8,2024,0,2,4,0,3.5,28.0,0,1679,1567,0,121647.0
0,0,1,3,0,2,14.0,2,1,1,0,0,0,12,2026,0,2,3,0,7.0,42.0,0,1679,1531,0,130663.0
2,1,1,1,2,3,14.0,1,1,1,1,1,1,5,2026,0,5,13,1,2.8,182.0,1,1626,1531,0,131891.0
2,1,5,5,1,2,5.0,2,0,1,0,0,1,11,2024,0,2,4,0,2.5,20.0,0,1626,1494,0,82647.0
4,1,1,6,2,3,2.0,0,0,1,0,0,1,1,2022,0,2,4,0,1.0,8.0,0,1661,1531,0,105712.0
0,0,3,6,2,3,12.0,0,1,1,0,1,0,10,2024,0,3,7,0,4.0,84.0,0,1679,1551,1,171633.0
5,0,4,6,1,1,5.0,1,0,1,0,1,1,10,2026,1,3,8,0,1.6666666666666667,40.0,0,1682,1611,0,137122.0
4,1,0,0,0,2,0.7,0,0,1,1,0,1,11,2021,1,3,7,0,0.2333333333333333,4.9,1,1661,1567,0,101311.0
1,2,6,6,0,2,6.0,1,0,0,1,1,0,1,2020,0,2,7,1,3.0,42.0,0,1714,676,0,86062.0
4,1,0,0,2,2,9.0,1,0,0,1,0,0,3,2023,0,1,3,0,9.0,27.0,0,1661,1567,0,93359.0
0,1,1,1,1,1,4.0,3,0,1,1,1,0,7,2021,0,3,8,1,1.3333333333333333,32.0,0,1679,1531,0,121266.0
1,0,1,3,1,1,2.0,0,0,1,0,0,1,1,2021,0,2,4,0,1.0,8.0,0,1714,1531,0,76300.0
5,2,5,3,2,1,7.0,2,0,0,0,1,1,12,2022,0,2,7,0,3.5,49.0,0,1682,1494,0,111780.0
4,0,0,5,2,1,3.0,0,0,0,0,0,1,7,2020,0,1,3,0,3.0,9.0,0,1661,1567,0,77406.0
1,0,0,3,1,2,12.0,0,0,1,0,0,0,9,2022,0,1,1,0,12.0,12.0,0,1714,1567,0,76982.0
2,0,0,6,2,3,4.0,2,1,0,0,0,1,12,2020,1,2,5,0,2.0,20.0,0,1626,1567,0,111008.0
4,0,0,2,0,1,10.0,1,0,0,1,0,0,6,2024,1,1,3,0,10.0,30.0,0,1661,1567,0,85767.0
3,0,3,4,1,1,7.0,1,0,1,1,0,0,11,2020,1,2,4,0,3.5,28.0,0,1623,1551,0,80986.0
5,0,4,1,2,4,7.0,0,0,1,0,0,0,9,2025,1,1,1,0,7.0,7.0,0,1682,1611,0,108852.0
2,3,2,5,1,1,14.0,2,0,0,1,0,1,2,2023,1,2,6,0,7.0,84.0,1,1626,1595,0,72486.0
5,0,0,1,2,3,13.0,2,1,1,0,0,1,1,2025,1,3,6,0,4.333333333333333,78.0,0,1682,1567,1,167468.0
3,0,1,6,1,1,2.0,2,0,0,0,1,1,6,2025,1,2,7,0,1.0,14.0,0,1623,1531,0,72800.0
2,3,5,4,0,1,3.6,1,0,1,1,0,1,3,2020,1,3,7,0,1.2,25.2,1,1626,1494,0,76946.0
5,0,2,2,0,2,6.0,3,1,0,1,0,0,4,2021,1,2,5,0,3.0,30.0,0,1682,1595,0,145296.0
4,3,2,0,2,3,3.0,0,1,1,0,0,1,4,2024,1,3,6,0,1.0,18.0,0,1661,1595,0,121773.0
4,0,2,3,1,2,6.0,1,1,1,0,0,1,1,2021,1,3,6,0,2.0,36.0,0,1661,1595,0,88477.0
1,2,5,1,1,2,13.0,1,0,1,1,0,1,11,2024,2,3,7,0,4.333333333333333,91.0,1,1714,1494,0,102521.0
1,3,0,2,2,4,13.0,1,0,1,0,1,1,1,2023,2,3,8,0,4.333333333333333,104.0,0,1714,1567,0,86324.0
2,0,4,4,1,1,10.0,1,1,1,1,1,0,2,2023,2,4,10,1,2.5,100.0,0,1626,1611,0,113873.0
5,2,2,6,0,3,0.0,1,0,1,0,0,0,8,2023,0,1,1,0,0.0,0.0,0,1682,1595,0,142738.0
3,0,0,3,0,1,6.0,3,0,0,1,0,1,1,2025,0,2,6,0,3.0,36.0,1,1623,1567,0,63202.0
0,0,2,6,2,3,0.0,1,0,1,1,1,1,1,2025,0,4,11,1,0.0,0.0,1,1679,1595,1,178168.0
1,0,4,3,1,1,4.0,3,0,0,1,1,0,1,2025,0,2,7,1,2.0,28.0,0,1714,1611,0,81400.0
5,1,3,2,0,4,0.0,2,1,1,0,1,1,1,2022,0,4,10,0,0.0,0.0,0,1682,1551,0,137120.0
2,0,2,1,0,2,3.0,0,1,0,1,0,1,1,2020,1,3,8,0,1.0,24.0,1,1626,1595,0,124470.0
4,0,5,2,2,3,11.0,2,1,1,1,1,1,12,2024,1,5,13,1,2.2,143.0,1,1661,1494,0,142738.0
5,0,0,1,0,0,13.0,2,0,1,0,0,1,9,2025,1,2,4,0,6.5,52.0,0,1682,1567,0,113873.0
5,0,1,0,2,2,2.0,0,0,1,1,0,1,9,2021,1,3,7,0,0.6666666666666666,14.0,1,1682,1531,0,137693.0
3,0,4,0,2,1,5.0,2,0,1,0,1,1,10,2024,1,3,8,0,1.6666666666666667,40.0,0,1623,1611,0,98876.0
4,2,1,0,2,2,3.0,2,0,0,1,0,1,12,2024,1,2,6,0,1.5,18.0,1,1661,1531,0,86156.0
2,0,2,2,0,2,11.0,0,0,1,0,0,1,8,2025,1,2,4,0,5.5,44.0,0,1626,1595,0,85256.0
0,0,3,3,1,2,0.0,2,0,1,1,1,1,12,2024,1,4,11,1,0.0,0.0,1,1679,1551,0,144879.0
0,2,1,1,1,3,11.0,1,1,1,0,0,1,4,2020,1,3,6,0,3.6666666666666665,66.0,0,1679,1531,0,113873.0
0,2,2,6,0,3,13.0,0,0,0,0,1,1,12,2023,2,2,7,0,6.5,91.0,0,1679,1595,1,165151.0
2,0,0,1,1,3,13.0,1,0,0,0,0,1,12,2020,2,1,3,0,13.0,39.0,0,1626,1567,0,134795.0
0,0,2,4,2,2,10.0,1,1,1,0,0,1,1,2022,2,3,6,0,3.333333333333333,60.0,0,1679,1595,1,163871.0
4,0,2,0,0,3,14.0,2,0,1,1,0,1,10,2021,2,3,7,0,4.666666666666667,98.0,1,1661,1595,0,129501.0
4,0,4,3,0,4,12.0,0,1,1,1,0,1,12,2021,2,4,9,0,3.0,108.0,1,1661,1611,0,123155.0
0,3,5,1,1,3,4.0,0,1,0,1,0,1,9,2024,1,3,8,0,1.3333333333333333,32.0,1,1679,1494,0,145375.0
3,1,2,0,2,3,7.0,0,1,0,0,1,1,6,2026,1,3,9,0,2.333333333333333,63.0,0,1623,1595,0,120624.0
0,0,3,3,2,1,2.0,1,0,1,0,0,1,6,2021,1,2,4,0,1.0,8.0,0,1679,1551,0,95198.0
5,0,2,1,0,2,1.0,1,0,0,1,1,0,12,2025,1,2,7,1,0.5,7.0,0,1682,1595,0,146500.0
0,0,2,5,2,2,9.0,2,0,0,0,1,0,12,2022,1,1,4,0,9.0,36.0,0,1679,1595,0,149012.0
0,0,4,5,2,1,0.4,1,1,0,1,1,0,12,2021,1,3,9,1,0.1333333333333333,3.6,0,1679,1611,1,202887.5
0,3,3,2,0,1,0.0,1,0,1,1,0,1,8,2024,1,3,7,0,0.0,0.0,1,1679,1551,0,117996.0
1,1,2,0,0,1,7.0,0,1,1,1,1,1,9,2026,0,5,13,1,1.4,91.0,1,1714,1595,0,94170.0
5,1,3,7,1,2,4.0,3,0,1,1,0,1,1,2024,0,3,7,0,1.3333333333333333,28.0,1,1682,1551,0,138734.0
3,0,6,6,2,3,11.0,1,0,1,1,0,1,8,2024,0,3,7,0,3.6666666666666665,77.0,1,1623,676,0,142613.0
2,0,0,2,1,3,3.0,1,0,1,0,0,1,3,2024,0,2,4,0,1.5,12.0,0,1626,1567,0,127492.0
3,0,5,5,2,2,9.0,0,1,1,1,0,0,6,2023,0,3,6,0,3.0,54.0,0,1623,1494,0,112850.0
2,3,6,5,0,4,1.0,2,0,0,1,0,1,7,2023,0,2,6,0,0.5,6.0,1,1626,676,0,96959.0
4,2,3,3,1,3,1.0,0,0,1,0,1,1,6,2022,0,3,8,0,0.3333333333333333,8.0,0,1661,1551,0,120831.0
4,1,2,4,1,1,9.0,2,0,1,1,0,0,4,2023,0,2,4,0,4.5,36.0,0,1661,1595,0,62315.0
2,0,0,0,0,3,5.0,2,1,0,0,0,1,4,2022,0,2,5,0,2.5,25.0,0,1626,1567,0,110113.0
2,0,0,1,0,2,14.0,0,0,1,1,1,1,4,2026,0,4,11,1,3.5,154.0,1,1626,1567,0,100261.0
4,0,4,4,0,3,4.0,2,1,0,1,0,1,6,2024,0,3,8,0,1.3333333333333333,32.0,1,1661,1611,0,113873.0
3,0,6,6,0,3,1.4,2,1,0,1,1,0,6,2021,0,3,9,1,0.4666666666666666,12.6,0,1623,676,0,154803.0
5,0,4,4,0,3,7.0,0,0,1,0,0,1,7,2021,0,2,4,0,3.5,28.0,0,1682,1611,0,113873.0
3,0,6,0,0,2,10.2,0,0,1,0,1,0,10,2025,0,2,5,0,5.1,51.0,0,1623,676,0,113873.0
4,2,5,1,2,1,6.0,1,0,1,1,0,0,5,2021,0,2,4,0,3.0,24.0,0,1661,1494,0,68639.0
1,2,4,0,0,1,6.0,2,1,1,1,1,0,5,2026,1,4,10,1,1.5,60.0,0,1714,1611,0,67467.0
3,0,2,4,1,4,8.0,3,0,0,1,0,1,9,2022,1,2,6,0,4.0,48.0,1,1623,1595,0,109486.0
0,2,2,5,2,1,3.0,3,1,1,0,0,1,4,2022,1,3,6,0,1.0,18.0,0,1679,1595,0,100508.0
1,2,2,1,1,4,7.0,2,1,1,1,0,1,8,2026,1,4,9,0,1.75,63.0,1,1714,1595,0,72022.0
1,0,3,5,1,3,0.0,2,0,0,1,0,1,5,2025,1,2,6,0,0.0,0.0,1,1714,1551,0,140600.0
2,0,0,3,3,4,11.0,2,1,0,1,0,1,8,2021,1,3,8,0,3.6666666666666665,88.0,1,1626,1567,0,75353.0
1,0,2,5,1,3,7.0,3,1,1,0,0,0,1,2020,1,2,3,0,3.5,21.0,0,1714,1595,0,119832.0
4,1,0,0,0,3,14.0,0,1,1,0,0,1,1,2025,2,3,6,0,4.666666666666667,84.0,0,1661,1567,0,128976.0
2,2,3,5,2,3,9.0,1,1,0,1,1,1,11,2023,2,4,12,1,2.25,108.0,1,1626,1551,0,144235.0
0,0,4,3,1,3,5.0,0,0,1,1,1,0,1,2021,2,3,8,1,1.6666666666666667,40.0,0,1679,1611,1,169376.0
3,1,1,0,1,4,7.0,0,0,1,0,0,1,1,2020,1,2,4,0,3.5,28.0,0,1623,1531,0,110479.0
5,0,0,4,2,4,12.0,1,1,1,1,0,0,6,2022,1,3,6,0,4.0,72.0,0,1682,1567,0,160422.0
4,0,5,6,1,2,6.0,1,1,0,1,0,0,6,2022,1,2,5,0,3.0,30.0,0,1661,1494,0,105010.0
1,0,1,3,0,1,11.0,3,1,0,0,0,1,5,2025,1,2,5,0,5.5,55.0,0,1714,1531,0,61640.0
5,1,4,4,2,2,6.0,1,0,1,0,0,1,12,2021,1,2,4,0,3.0,24.0,0,1682,1611,0,123744.0
5,1,2,0,2,2,7.0,3,1,0,1,1,1,5,2021,1,4,12,1,1.75,84.0,1,1682,1595,0,156609.0
0,1,5,1,0,2,7.0,2,1,0,0,0,1,1,2021,1,2,5,0,3.5,35.0,0,1679,1494,0,120805.0
4,1,4,0,0,4,0.0,1,1,1,1,0,1,12,2024,1,4,9,0,0.0,0.0,1,1661,1611,0,141618.0
0,0,2,2,0,3,7.0,2,0,1,0,0,1,12,2021,1,2,4,0,3.5,28.0,0,1679,1595,1,173045.0
1,1,1,1,0,2,6.0,1,1,1,0,1,0,1,2020,1,3,7,0,2.0,42.0,0,1714,1531,0,91652.0
1,2,0,2,2,3,7.0,3,0,0,0,1,0,1,2023,1,1,4,0,7.0,28.0,0,1714,1567,0,113745.0
5,2,5,2,3,1,3.0,2,0,1,1,1,1,1,2022,1,4,11,1,0.75,33.0,1,1682,1494,0,112538.0
0,2,6,7,0,1,8.0,1,0,1,1,0,1,8,2021,1,3,7,0,2.6666666666666665,56.0,1,1679,676,0,119417.0
3,2,3,6,1,2,13.0,3,0,1,0,0,1,9,2020,1,2,4,0,6.5,52.0,0,1623,1551,0,89954.0
0,2,2,6,1,2,0.0,3,1,1,0,0,1,1,2026,1,3,6,0,0.0,0.0,0,1679,1595,0,118132.0
3,0,3,0,0,2,13.0,1,0,1,1,0,0,11,2022,1,2,4,0,6.5,52.0,0,1623,1551,0,85902.0
1,1,0,0,2,1,7.0,2,1,0,1,1,1,8,2024,1,4,12,1,1.75,84.0,1,1714,1567,0,88942.0
0,2,5,7,1,3,5.0,2,1,0,0,0,1,8,2025,1,2,5,0,2.5,25.0,0,1679,1494,0,113873.0
4,1,2,3,0,1,10.0,1,0,1,1,1,0,5,2022,1,3,8,1,3.333333333333333,80.0,0,1661,1595,0,80622.0
0,0,1,1,2,2,0.0,2,0,1,1,1,0,10,2026,1,3,8,1,0.0,0.0,0,1679,1531,0,149433.0
1,0,3,0,3,2,13.0,2,0,1,1,0,0,4,2020,1,2,4,0,6.5,52.0,0,1714,1551,0,106085.0
0,0,1,3,3,3,14.0,3,1,1,0,1,1,10,2024,2,4,10,0,3.5,140.0,0,1679,1531,1,168121.0
5,2,6,5,2,3,5.0,2,0,0,1,0,1,1,2021,2,2,6,0,2.5,30.0,1,1682,676,1,165521.0
2,0,0,1,0,3,13.0,1,0,0,0,1,1,6,2026,2,2,7,0,6.5,91.0,0,1626,1567,0,140175.0
5,0,3,5,2,3,2.0,1,0,1,1,0,1,2,2024,2,3,7,0,0.6666666666666666,14.0,1,1682,1551,1,166055.0
1,0,5,0,0,3,14.0,1,0,1,1,0,1,8,2022,2,3,7,0,4.666666666666667,98.0,1,1714,1494,0,113873.0
3,0,4,5,0,4,4.0,0,0,1,1,1,1,10,2026,2,4,11,1,1.0,44.0,1,1623,1611,0,159200.0
5,2,5,2,2,3,7.0,2,0,1,1,1,0,8,2021,2,3,8,1,2.333333333333333,56.0,0,1682,1494,0,157043.0
4,0,4,1,1,1,7.0,2,0,1,1,0,0,10,2021,2,2,4,0,3.5,28.0,0,1661,1611,0,89256.0
2,1,2,1,0,2,4.0,1,1,0,1,0,1,1,2025,1,3,8,0,1.3333333333333333,32.0,1,1626,1595,0,104762.0
4,2,4,0,1,3,2.0,2,1,1,1,1,0,12,2021,1,4,10,1,0.5,20.0,0,1661,1611,1,202887.5
3,0,1,3,0,1,7.0,1,0,1,0,1,1,2,2026,1,3,8,0,2.333333333333333,56.0,0,1623,1531,0,86026.0
5,2,6,5,1,1,9.0,1,1,0,0,1,1,7,2022,1,3,9,0,3.0,81.0,0,1682,676,0,118875.0
2,2,6,7,1,3,7.0,0,0,1,0,1,1,4,2024,1,3,8,0,2.333333333333333,56.0,0,1626,676,0,129732.0
4,0,2,7,1,1,7.0,1,1,1,0,0,1,9,2020,1,3,6,0,2.333333333333333,42.0,0,1661,1595,0,63298.0
3,3,3,1,1,1,2.0,2,0,1,0,0,0,1,2024,1,1,1,0,2.0,2.0,0,1623,1551,0,86357.0
1,0,4,7,0,3,10.0,0,0,0,1,1,0,2,2025,1,2,7,1,5.0,70.0,0,1714,1611,0,147452.0
0,0,2,7,1,3,2.0,0,1,1,0,1,1,11,2022,1,4,10,0,0.5,20.0,0,1679,1595,1,188535.0
0,0,1,7,1,2,7.0,1,0,0,0,0,1,2,2023,2,1,3,0,7.0,21.0,0,1679,1531,0,124443.0
2,0,4,4,2,1,1.0,1,0,0,0,1,1,10,2020,2,2,7,0,0.5,7.0,0,1626,1611,0,113873.0
3,1,6,3,3,1,10.0,0,0,1,1,1,1,6,2020,0,4,11,1,2.5,110.0,1,1623,676,0,113873.0
0,3,4,7,2,1,11.0,1,1,1,1,1,0,9,2024,0,4,10,1,2.75,110.0,0,1679,1611,0,124383.0
0,0,0,1,2,2,9.0,0,0,1,1,1,1,7,2021,0,4,11,1,2.25,99.0,1,1679,1567,1,175794.0
0,1,4,6,2,2,12.0,1,1,1,0,1,1,8,2024,0,4,10,0,3.0,120.0,0,1679,1611,0,136806.0
1,1,3,4,2,1,14.0,0,1,1,0,1,1,1,2024,0,4,10,0,3.5,140.0,0,1714,1551,0,74103.0
1,0,3,4,1,3,5.0,1,0,0,1,1,1,1,2024,0,3,10,1,1.6666666666666667,50.0,1,1714,1551,0,158100.0
2,1,5,0,2,2,9.0,2,0,0,0,1,0,10,2026,0,1,4,0,9.0,36.0,0,1626,1494,0,92518.0
4,0,5,2,2,1,0.0,0,1,0,1,0,1,12,2024,0,3,8,0,0.0,0.0,1,1661,1494,0,70215.0
3,0,1,5,3,2,5.0,0,0,1,0,1,0,3,2025,0,2,5,0,2.5,25.0,0,1623,1531,0,106400.0
1,0,6,4,0,3,5.0,0,0,0,1,0,1,3,2023,0,2,6,0,2.5,30.0,1,1714,676,0,140571.0
3,3,0,4,2,1,2.0,0,1,0,0,1,1,6,2021,0,3,9,0,0.6666666666666666,18.0,0,1623,1567,0,93586.0
2,1,2,7,2,1,4.0,2,1,1,1,0,1,1,2025,0,4,9,0,1.0,36.0,1,1626,1595,0,64582.0
4,2,2,0,3,2,6.0,1,0,1,0,0,0,3,2022,0,1,1,0,6.0,6.0,0,1661,1595,0,70805.0
4,3,5,2,0,3,10.0,2,1,0,1,1,0,1,2021,0,3,9,1,3.333333333333333,90.0,0,1661,1494,0,133269.0
5,2,4,1,0,2,2.0,0,1,0,1,1,0,1,2021,0,3,9,1,0.6666666666666666,18.0,0,1682,1611,0,145631.0
4,2,2,0,2,2,11.0,3,0,0,1,1,1,12,2026,0,3,10,1,3.6666666666666665,110.0,1,1661,1595,0,119923.0
5,2,1,7,1,2,5.0,1,0,0,0,1,1,5,2021,0,2,7,0,2.5,35.0,0,1682,1531,0,144182.0
1,0,0,6,1,3,10.0,0,1,1,1,1,0,1,2020,0,4,10,1,2.5,100.0,0,1714,1567,0,133694.0
2,0,3,4,0,1,12.0,3,0,1,1,1,1,5,2021,0,4,11,1,3.0,132.0,1,1626,1551,0,82925.0
0,2,0,2,2,3,1.0,1,0,1,0,1,1,11,2021,0,3,8,0,0.3333333333333333,8.0,0,1679,1567,1,169427.0
4,1,0,6,2,1,3.0,2,0,1,1,0,1,2,2024,0,3,7,0,1.0,21.0,1,1661,1567,0,77925.0
2,1,1,2,2,2,13.0,0,0,1,1,1,1,11,2021,0,4,11,1,3.25,143.0,1,1626,1531,0,116211.0
4,0,4,2,1,2,2.0,2,1,0,0,1,1,2,2021,0,3,9,0,0.6666666666666666,18.0,0,1661,1611,0,113873.0
1,1,2,6,0,1,14.0,1,1,0,0,1,0,2,2022,0,2,6,0,7.0,84.0,0,1714,1595,0,63774.0
2,0,3,3,0,1,11.0,1,0,0,0,0,1,7,2026,0,1,3,0,11.0,33.0,0,1626,1551,0,63328.0
1,1,0,3,2,4,8.0,1,0,1,1,0,1,1,2023,0,3,7,0,2.6666666666666665,56.0,1,1714,1567,0,61640.0
4,0,0,1,0,1,3.0,2,0,1,1,0,1,6,2024,0,3,7,0,1.0,21.0,1,1661,1567,0,96388.0
2,0,5,3,2,2,9.0,2,0,0,1,1,1,9,2024,0,3,10,1,3.0,90.0,1,1626,1494,0,120288.0
2,2,2,3,1,3,13.0,1,1,0,1,1,0,11,2024,0,3,9,1,4.333333333333333,117.0,0,1626,1595,0,126667.0
4,0,5,3,2,3,4.0,2,1,0,1,0,1,8,2020,1,3,8,0,1.3333333333333333,32.0,1,1661,1494,0,128822.0
2,0,0,3,0,1,0.0,0,0,1,1,1,1,2,2021,1,4,11,1,0.0,0.0,1,1626,1567,0,106569.0
2,0,0,3,2,3,7.0,2,0,1,1,0,0,4,2026,1,2,4,0,3.5,28.0,0,1626,1567,0,133519.0
1,0,2,2,3,2,10.0,1,0,1,1,0,1,1,2026,1,3,7,0,3.333333333333333,70.0,1,1714,1595,0,96445.0
0,0,5,4,0,2,9.0,2,0,0,0,1,0,1,2024,1,1,4,0,9.0,36.0,0,1679,1494,0,146943.0
1,0,5,0,1,4,13.0,1,0,1,1,0,1,3,2021,2,3,7,0,4.333333333333333,91.0,1,1714,1494,0,78918.0
5,2,0,1,0,1,2.0,0,0,1,0,0,1,2,2021,2,2,4,0,1.0,8.0,0,1682,1567,0,99044.0
5,0,4,5,2,2,3.6,2,0,0,0,1,0,9,2021,2,1,4,0,3.6,14.4,0,1682,1611,0,113873.0
2,1,3,3,2,2,6.0,1,1,0,1,0,0,7,2020,0,2,5,0,3.0,30.0,0,1626,1551,0,90662.0
5,1,2,3,1,4,2.0,0,0,0,0,0,1,8,2022,1,1,3,0,2.0,6.0,0,1682,1595,0,137200.0
6,0,4,2,3,3,1.0,2,1,0,0,0,1,3,2020,1,2,5,0,0.5,5.0,0,40,1611,0,140671.0
1,0,2,6,3,2,2.0,3,1,1,0,0,0,3,2024,0,2,3,0,1.0,6.0,0,1714,1595,0,94046.0
3,2,2,0,1,2,7.0,0,0,0,0,0,1,8,2021,0,1,3,0,7.0,21.0,0,1623,1595,0,88900.0
3,1,3,1,2,1,7.0,0,0,1,1,1,0,9,2024,0,3,8,1,2.333333333333333,56.0,0,1623,1551,0,61979.0
0,1,1,0,0,2,5.0,2,1,1,1,0,1,1,2024,1,4,9,0,1.25,45.0,1,1679,1531,0,143999.0
3,0,1,3,0,1,0.0,2,1,0,1,0,1,10,2022,0,3,8,0,0.0,0.0,1,1623,1531,0,76514.0
3,2,5,3,2,1,10.0,0,0,0,1,0,1,4,2025,0,2,6,0,5.0,60.0,1,1623,1494,0,79524.0
3,1,4,7,1,0,3.0,1,1,1,0,0,1,4,2023,0,3,6,0,1.0,18.0,0,1623,1611,0,61640.0
0,1,5,6,0,3,11.0,1,1,1,1,0,1,12,2023,0,4,9,0,2.75,99.0,1,1679,1494,1,164069.0
5,0,6,6,1,1,0.0,1,0,0,0,0,1,12,2026,0,1,3,0,0.0,0.0,0,1682,676,0,96207.0
4,0,0,7,1,2,12.0,2,0,0,1,0,1,6,2021,0,2,6,0,6.0,72.0,1,1661,1567,0,128072.0
1,1,6,5,1,3,9.0,2,0,1,1,0,1,1,2022,0,3,7,0,3.0,63.0,1,1714,676,0,114490.0
3,0,3,6,0,1,2.0,0,1,1,1,1,1,9,2021,0,5,13,1,0.4,26.0,1,1623,1551,0,91026.0
5,0,0,6,1,2,12.0,2,1,1,1,0,0,1,2026,0,3,6,0,4.0,72.0,0,1682,1567,0,152558.0
0,0,2,5,2,1,12.0,0,1,1,0,1,1,10,2024,0,4,10,0,3.0,120.0,0,1679,1595,0,113873.0
0,0,0,1,1,2,0.0,1,0,1,1,0,0,3,2024,0,2,4,0,0.0,0.0,0,1679,1567,0,150140.0
3,2,5,6,0,2,3.0,2,0,1,1,0,1,12,2022,0,3,7,0,1.0,21.0,1,1623,1494,0,95751.0
5,0,0,0,2,1,3.0,0,0,0,1,0,0,1,2024,1,1,3,0,3.0,9.0,0,1682,1567,0,108506.0
3,0,4,6,0,3,9.0,3,1,0,1,1,1,6,2024,1,4,12,1,2.25,108.0,1,1623,1611,0,156365.0
5,2,3,0,2,3,4.0,2,0,0,0,0,1,11,2023,1,1,3,0,4.0,12.0,0,1682,1551,0,113873.0
0,0,4,3,2,3,2.0,0,0,0,1,1,0,10,2021,1,2,7,1,1.0,14.0,0,1679,1611,1,173900.0
2,2,2,0,0,2,11.0,1,0,1,0,0,1,7,2020,1,2,4,0,5.5,44.0,0,1626,1595,0,87292.0
5,0,4,6,2,1,14.3,1,1,1,1,1,1,7,2024,1,5,13,1,2.8600000000000003,185.9,1,1682,1611,0,144999.0
4,2,1,5,0,3,13.0,1,0,1,1,1,1,1,2025,1,4,11,1,3.25,143.0,1,1661,1531,0,140274.0
2,1,5,5,0,3,11.0,0,0,0,0,1,0,3,2026,1,1,4,0,11.0,44.0,0,1626,1494,0,111531.0
3,3,2,0,0,4,7.0,1,0,1,1,0,0,4,2023,1,2,4,0,3.5,28.0,0,1623,1595,1,202887.5
2,0,2,4,3,2,1.0,1,1,0,1,0,0,11,2021,1,2,5,0,0.5,5.0,0,1626,1595,0,86300.0
0,2,3,1,1,2,9.0,0,0,0,1,0,1,3,2022,1,2,6,0,4.5,54.0,1,1679,1551,0,138767.0
4,0,2,0,2,1,2.0,2,1,0,1,0,1,7,2023,1,3,8,0,0.6666666666666666,16.0,1,1661,1595,0,85423.0
3,2,2,2,0,3,5.5,0,1,1,0,1,0,6,2024,1,3,7,0,1.8333333333333333,38.5,0,1623,1595,0,119571.0
1,2,4,0,2,2,3.0,2,1,0,0,0,1,4,2023,1,2,5,0,1.5,15.0,0,1714,1611,0,85417.0
0,0,2,1,0,1,7.9,1,1,0,1,1,0,1,2025,1,3,9,1,2.6333333333333333,71.10000000000001,0,1679,1595,0,126843.0
4,0,4,3,1,2,2.0,0,1,1,1,1,1,8,2024,1,5,13,1,0.4,26.0,1,1661,1611,0,117001.0
5,0,2,6,2,3,7.0,2,1,0,0,0,1,12,2021,1,2,5,0,3.5,35.0,0,1682,1595,1,164146.0
0,2,1,0,2,1,1.0,0,1,1,0,0,1,5,2026,1,3,6,0,0.3333333333333333,6.0,0,1679,1531,0,116465.0
0,0,0,0,2,2,7.0,0,1,1,1,1,0,7,2024,1,4,10,1,1.75,70.0,0,1679,1567,0,127416.0
5,2,6,1,0,4,14.0,0,0,1,0,0,1,7,2020,1,2,4,0,7.0,56.0,0,1682,676,0,147670.0
2,1,2,3,1,2,14.0,0,0,0,1,0,1,6,2026,1,2,6,0,7.0,84.0,1,1626,1595,0,99680.0
1,0,1,0,1,2,7.0,2,1,1,1,0,1,7,2022,1,4,9,0,1.75,63.0,1,1714,1531,0,130932.0
1,2,3,0,1,1,4.0,1,0,0,1,0,0,1,2025,1,1,3,0,4.0,12.0,0,1714,1551,0,64320.0
1,2,1,2,1,4,1.0,2,0,0,0,1,0,9,2020,1,1,4,0,1.0,4.0,0,1714,1531,0,65952.0
1,0,4,4,2,1,12.0,1,0,1,0,0,0,1,2023,1,1,1,0,12.0,12.0,0,1714,1611,0,69520.0
5,3,5,4,0,2,0.0,0,1,1,0,1,1,1,2024,1,4,10,0,0.0,0.0,0,1682,1494,1,163860.0
4,1,4,4,1,2,10.7,2,0,0,1,0,1,1,2023,1,2,6,0,5.35,64.19999999999999,1,1661,1611,0,101192.0
4,1,6,7,0,2,11.0,0,1,1,0,1,1,5,2023,1,4,10,0,2.75,110.0,0,1661,676,0,115852.0
0,0,1,3,2,3,6.0,0,1,0,1,1,1,5,2020,1,4,12,1,1.5,72.0,1,1679,1531,1,181303.0
5,2,3,3,0,3,7.0,2,0,0,1,1,0,10,2021,1,2,7,1,3.5,49.0,0,1682,1551,1,173654.0
0,0,0,3,1,1,10.0,1,0,1,1,0,0,3,2021,1,2,4,0,5.0,40.0,0,1679,1567,0,126508.0
3,1,3,4,2,1,8.0,0,1,0,1,1,0,9,2024,1,3,9,1,2.6666666666666665,72.0,0,1623,1551,0,68188.0
5,3,5,5,2,4,14.0,3,1,1,0,0,0,4,2021,1,2,3,0,7.0,42.0,0,1682,1494,0,155072.0
4,0,6,0,0,1,0.0,2,0,0,0,0,1,1,2020,1,1,3,0,0.0,0.0,0,1661,676,0,77446.0
3,2,0,4,0,3,1.0,1,1,1,1,1,1,5,2020,1,5,13,1,0.2,13.0,1,1623,1567,0,136633.0
5,0,4,2,2,3,4.0,0,1,1,0,0,0,7,2022,1,2,3,0,2.0,12.0,0,1682,1611,0,135197.0
5,2,0,0,2,1,5.0,0,1,1,1,0,1,3,2023,1,4,9,0,1.25,45.0,1,1682,1567,0,115972.0
2,1,5,6,2,2,11.0,2,1,0,0,0,1,9,2026,2,2,5,0,5.5,55.0,0,1626,1494,0,70782.0
2,0,3,5,2,2,13.0,1,0,0,0,0,1,4,2024,2,1,3,0,13.0,39.0,0,1626,1551,0,81485.0
0,0,6,1,1,2,0.0,0,0,1,0,0,1,6,2024,2,2,4,0,0.0,0.0,0,1679,676,0,113873.0
0,1,2,2,2,1,13.0,1,0,0,1,0,1,11,2020,2,2,6,0,6.5,78.0,1,1679,1595,0,96230.0
1,0,0,7,2,1,2.0,0,0,0,1,1,0,11,2021,0,2,7,1,1.0,14.0,0,1714,1567,0,84900.0
3,0,0,4,1,1,14.0,1,0,0,0,1,0,3,2023,0,1,4,0,14.0,56.0,0,1623,1567,0,61640.0
1,1,3,6,0,2,7.0,2,0,1,0,1,0,2,2026,0,2,5,0,3.5,35.0,0,1714,1551,0,88936.0
5,1,5,3,2,3,9.0,2,0,0,1,1,1,2,2022,0,3,10,1,3.0,90.0,1,1682,1494,1,183251.0
4,2,1,3,0,3,11.0,2,0,0,0,0,1,10,2025,0,1,3,0,11.0,33.0,0,1661,1531,0,109138.0
5,2,4,3,2,2,10.0,0,0,1,1,0,0,9,2025,0,2,4,0,5.0,40.0,0,1682,1611,0,113873.0
0,0,2,3,0,3,6.0,0,0,0,1,1,1,11,2026,0,3,10,1,2.0,60.0,1,1679,1595,1,183120.0
1,2,1,5,1,3,6.0,0,0,1,1,1,1,3,2026,0,4,11,1,1.5,66.0,1,1714,1531,0,139280.0
5,0,1,6,2,3,10.0,3,1,1,1,1,1,7,2026,0,5,13,1,2.0,130.0,1,1682,1531,1,180075.0
1,3,2,0,1,4,13.0,1,0,0,1,1,1,7,2021,0,3,10,1,4.333333333333333,130.0,1,1714,1595,0,140860.0
2,0,0,2,1,3,6.0,3,1,1,0,0,1,4,2026,0,3,6,0,2.0,36.0,0,1626,1567,1,202887.5
4,2,1,2,1,2,11.0,2,0,1,0,1,1,1,2020,0,3,8,0,3.6666666666666665,88.0,0,1661,1531,0,98537.0
3,1,0,3,2,4,7.0,1,1,1,1,0,1,9,2022,0,4,9,0,1.75,63.0,1,1623,1567,0,96925.0
1,2,4,7,1,3,13.0,1,0,0,1,1,0,5,2026,0,2,7,1,6.5,91.0,0,1714,1611,0,113873.0
3,0,4,2,2,3,12.0,3,1,0,0,0,0,1,2021,0,1,2,0,12.0,24.0,0,1623,1611,0,95184.0
0,0,1,0,3,2,7.0,1,1,1,1,0,1,6,2022,0,4,9,0,1.75,63.0,1,1679,1531,1,170468.0
0,0,2,2,1,2,7.0,0,1,1,0,1,1,8,2025,0,4,10,0,1.75,70.0,0,1679,1595,0,137120.0
1,0,3,6,1,1,1.0,1,0,0,1,0,0,10,2023,0,1,3,0,1.0,3.0,0,1714,1551,0,80806.0
1,0,4,3,0,1,0.3,1,1,1,1,0,1,1,2023,0,4,9,0,0.075,2.7,1,1714,1611,0,98240.0
3,0,3,3,2,1,4.0,0,0,1,1,0,1,4,2022,1,3,7,0,1.3333333333333333,28.0,1,1623,1551,0,95701.0
2,1,2,5,2,2,6.0,0,1,1,1,1,0,12,2025,1,4,10,1,1.5,60.0,0,1626,1595,0,103809.0
4,2,4,4,1,4,13.4,2,0,0,0,0,1,1,2020,1,1,3,0,13.4,40.2,0,1661,1611,0,61640.0
1,0,4,2,1,1,5.0,0,0,1,1,1,1,1,2022,1,4,11,1,1.25,55.0,1,1714,1611,0,73745.0
1,0,4,5,2,4,7.0,1,0,0,0,1,1,2,2022,1,2,7,0,3.5,49.0,0,1714,1611,0,123330.0
4,1,1,5,2,2,7.0,1,1,1,1,0,0,7,2026,1,3,6,0,2.333333333333333,42.0,0,1661,1531,0,91745.0
0,0,0,0,0,2,1.0,2,0,1,1,1,0,12,2022,1,3,8,1,0.3333333333333333,8.0,0,1679,1567,0,134486.0
2,1,2,2,2,2,3.0,2,0,0,1,1,0,6,2022,1,2,7,1,1.5,21.0,0,1626,1595,0,92213.0
5,1,3,5,1,1,7.0,0,1,0,1,1,1,6,2020,1,4,12,1,1.75,84.0,1,1682,1551,0,126619.0
4,3,6,4,0,3,3.0,0,0,1,0,0,1,12,2021,0,2,4,0,1.5,12.0,0,1661,676,0,113881.0
3,1,0,6,1,1,7.0,2,1,1,1,0,0,12,2020,0,3,6,0,2.333333333333333,42.0,0,1623,1567,0,69195.0
4,0,4,6,0,0,13.0,3,1,0,1,1,1,1,2026,0,4,12,1,3.25,156.0,1,1661,1611,0,76777.0
0,0,6,6,2,2,7.0,1,1,1,0,1,1,9,2021,0,4,10,0,1.75,70.0,0,1679,676,0,157381.0
0,0,6,1,3,4,6.0,1,1,1,0,0,0,11,2026,0,2,3,0,3.0,18.0,0,1679,676,0,155227.0
1,1,1,6,1,3,0.0,0,1,0,1,1,1,5,2023,0,4,12,1,0.0,0.0,1,1714,1531,0,140672.0
4,0,2,3,0,1,7.0,3,1,0,1,0,0,8,2025,0,2,5,0,3.5,35.0,0,1661,1595,0,62419.0
0,3,5,2,2,4,1.0,1,0,0,0,0,1,12,2025,0,1,3,0,1.0,3.0,0,1679,1494,0,128996.0
1,2,6,2,0,3,1.0,2,0,1,0,0,0,1,2025,0,1,1,0,1.0,1.0,0,1714,676,0,102932.0
2,2,5,3,0,3,6.0,0,0,1,1,0,0,1,2021,0,2,4,0,3.0,24.0,0,1626,1494,0,61640.0
3,1,1,2,2,1,7.0,2,1,0,0,0,1,12,2023,0,2,5,0,3.5,35.0,0,1623,1531,0,61640.0
2,0,4,5,1,3,11.0,1,1,0,1,0,1,1,2023,0,3,8,0,3.6666666666666665,88.0,1,1626,1611,0,129708.0
4,1,1,5,3,3,13.0,0,0,1,0,1,1,8,2025,0,3,8,0,4.333333333333333,104.0,0,1661,1531,0,125116.0
5,0,4,3,1,3,6.0,1,0,1,0,1,0,10,2025,0,2,5,0,3.0,30.0,0,1682,1611,0,161118.0
0,0,3,1,0,1,8.0,1,0,0,1,0,1,11,2025,2,2,6,0,4.0,48.0,1,1679,1551,0,97452.0
3,2,3,6,3,1,4.0,3,0,0,0,0,1,5,2022,2,1,3,0,4.0,12.0,0,1623,1551,0,61640.0
0,1,5,2,2,3,8.0,2,1,1,0,0,0,8,2025,2,2,3,0,4.0,24.0,0,1679,1494,0,137477.0
3,0,3,5,2,2,0.7,0,1,1,1,1,1,9,2021,2,5,13,1,0.1399999999999999,9.1,1,1623,1551,0,117406.0
3,3,4,7,1,2,7.0,1,1,1,1,0,1,2,2026,2,4,9,0,1.75,63.0,1,1623,1611,0,124928.0
3,2,1,3,1,2,0.0,3,0,0,1,1,1,7,2024,2,3,10,1,0.0,0.0,1,1623,1531,0,100940.0
2,0,4,4,0,3,4.0,2,0,0,1,0,0,7,2021,1,1,3,0,4.0,12.0,0,1626,1611,0,122686.0
1,0,0,1,0,2,7.0,1,0,0,0,0,1,5,2022,1,1,3,0,7.0,21.0,0,1714,1567,0,88693.0
3,1,6,6,1,2,0.0,0,1,0,0,1,0,7,2026,1,2,6,0,0.0,0.0,0,1623,676,0,108995.0
4,2,3,0,1,3,9.0,3,0,1,0,0,0,2,2020,1,1,1,0,9.0,9.0,0,1661,1551,0,103023.0
2,2,5,0,2,1,10.0,2,0,0,1,0,1,2,2026,0,2,6,0,5.0,60.0,1,1626,1494,0,72687.0
2,2,1,3,2,1,13.7,0,0,0,1,0,0,6,2024,0,1,3,0,13.7,41.1,0,1626,1531,0,61640.0
4,0,5,1,1,2,6.0,1,0,1,1,0,1,1,2021,1,3,7,0,2.0,42.0,1,1661,1494,0,104141.0
0,0,2,1,0,3,4.0,0,0,0,1,0,1,2,2021,0,2,6,0,2.0,24.0,1,1679,1595,0,61640.0
5,1,4,1,0,2,12.0,1,0,1,1,0,0,5,2023,0,2,4,0,6.0,48.0,0,1682,1611,0,127854.0
3,3,2,2,2,4,6.0,1,0,0,1,0,1,12,2026,0,2,6,0,3.0,36.0,1,1623,1595,0,76359.0
1,2,0,6,0,3,6.0,2,0,1,0,0,0,7,2026,0,1,1,0,6.0,6.0,0,1714,1567,0,98392.0
2,0,4,5,1,1,5.0,1,0,1,0,0,1,2,2025,0,2,4,0,2.5,20.0,0,1626,1611,0,61640.0
3,1,3,6,0,4,7.0,2,1,0,0,0,1,10,2020,0,2,5,0,3.5,35.0,0,1623,1551,0,122501.0
3,2,3,2,2,3,14.0,1,0,0,0,0,1,7,2024,0,1,3,0,14.0,42.0,0,1623,1551,1,202887.5
5,1,5,2,1,1,11.0,3,0,0,1,0,1,9,2020,0,2,6,0,5.5,66.0,1,1682,1494,0,114144.0
2,3,0,6,1,3,9.0,2,0,0,1,1,1,10,2023,0,3,10,1,3.0,90.0,1,1626,1567,0,137510.0
1,0,1,1,2,2,4.3,0,0,0,1,0,0,6,2022,0,1,3,0,4.3,12.9,0,1714,1531,0,105709.0
5,0,2,6,2,2,11.0,0,1,1,0,1,1,7,2020,0,4,10,0,2.75,110.0,0,1682,1595,0,160660.0
5,1,3,4,2,3,6.0,0,0,1,1,0,0,1,2020,0,2,4,0,3.0,24.0,0,1682,1551,0,158922.0
1,1,3,0,0,1,13.0,2,0,1,1,1,1,7,2020,0,4,11,1,3.25,143.0,1,1714,1551,0,89541.0
0,1,0,1,2,1,1.0,0,0,1,1,0,1,12,2026,0,3,7,0,0.3333333333333333,7.0,1,1679,1567,0,113873.0
3,0,5,1,0,3,14.0,2,1,1,0,0,0,11,2020,0,2,3,0,7.0,42.0,0,1623,1494,0,104271.0
4,1,4,6,3,1,14.0,1,1,1,0,1,1,3,2022,0,4,10,0,3.5,140.0,0,1661,1611,0,77914.0
2,1,3,3,2,3,7.0,0,0,1,1,0,1,3,2021,0,3,7,0,2.333333333333333,49.0,1,1626,1551,0,124957.0
1,0,6,1,2,3,9.0,2,0,1,1,1,0,11,2021,0,3,8,1,3.0,72.0,0,1714,676,0,133987.0
1,1,1,1,2,2,12.0,0,0,0,0,1,0,11,2025,0,1,4,0,12.0,48.0,0,1714,1531,0,113873.0
1,0,1,2,0,2,10.0,2,0,1,1,0,1,8,2026,0,3,7,0,3.333333333333333,70.0,1,1714,1531,0,99313.0
5,3,5,4,0,2,5.0,2,0,1,1,1,0,9,2021,0,3,8,1,1.6666666666666667,40.0,0,1682,1494,0,142434.0
5,0,3,0,1,2,0.0,1,1,1,0,1,0,11,2022,0,3,7,0,0.0,0.0,0,1682,1551,0,153000.0
1,0,0,6,0,3,7.0,0,1,1,1,1,0,3,2024,0,4,10,1,1.75,70.0,0,1714,1567,0,145146.0
5,1,2,0,0,4,10.0,1,0,1,0,0,0,3,2026,0,1,1,0,10.0,10.0,0,1682,1595,0,139732.0
5,0,0,5,2,2,13.0,2,0,1,0,0,1,11,2022,0,2,4,0,6.5,52.0,0,1682,1567,0,125992.0
4,1,1,0,0,1,7.0,0,0,0,0,1,1,9,2024,0,2,7,0,3.5,49.0,0,1661,1531,0,76332.0
0,0,2,5,1,3,7.0,0,1,1,0,0,1,3,2026,0,3,6,0,2.333333333333333,42.0,0,1679,1595,1,168452.0
0,1,2,3,3,2,1.0,1,0,1,1,0,1,6,2022,0,3,7,0,0.3333333333333333,7.0,1,1679,1595,0,144586.0
3,0,0,4,1,3,9.0,2,0,1,1,1,1,2,2023,0,4,11,1,2.25,99.0,1,1623,1567,0,127277.0
5,3,5,3,2,3,7.0,0,1,1,1,1,1,4,2020,0,5,13,1,1.4,91.0,1,1682,1494,1,175591.0
5,2,5,7,1,2,3.9,1,1,0,0,1,0,10,2026,1,2,6,0,1.95,23.4,0,1682,1494,0,134964.0
4,2,1,1,0,2,8.0,1,0,1,1,0,1,3,2024,0,3,7,0,2.6666666666666665,56.0,1,1661,1531,0,104355.0
3,2,4,4,1,3,7.0,0,1,0,0,0,1,9,2024,0,2,5,0,3.5,35.0,0,1623,1611,0,113873.0
0,2,3,4,3,1,7.0,2,1,1,1,0,1,9,2025,0,4,9,0,1.75,63.0,1,1679,1551,0,96192.0
1,0,4,5,1,1,7.0,1,1,1,1,0,1,2,2025,0,4,9,0,1.75,63.0,1,1714,1611,0,94668.0
3,0,0,6,1,1,12.0,0,0,0,1,0,1,2,2022,0,2,6,0,6.0,72.0,1,1623,1567,0,76304.0
3,1,6,6,1,1,6.0,1,0,0,0,0,1,9,2022,1,1,3,0,6.0,18.0,0,1623,676,0,62236.0
0,2,5,7,0,1,0.0,1,0,1,1,1,0,8,2026,1,3,8,1,0.0,0.0,0,1679,1494,0,124939.0
1,0,0,0,2,0,14.0,0,0,1,0,1,1,12,2021,1,3,8,0,4.666666666666667,112.0,0,1714,1567,0,75234.0
0,2,5,1,0,3,14.0,1,0,1,0,0,1,3,2024,1,2,4,0,7.0,56.0,0,1679,1494,0,153136.0
4,2,6,2,0,1,4.0,0,0,0,1,1,0,1,2020,1,2,7,1,2.0,28.0,0,1661,676,0,84792.0
1,2,1,7,1,3,11.0,1,1,1,0,0,1,7,2021,2,3,6,0,3.6666666666666665,66.0,0,1714,1531,0,113873.0
4,3,0,0,1,3,13.0,0,1,0,1,0,1,2,2021,2,3,8,0,4.333333333333333,104.0,1,1661,1567,0,135190.0
1,0,0,7,2,2,13.0,1,0,0,1,1,0,1,2026,0,2,7,1,6.5,91.0,0,1714,1567,1,202887.5
1,3,3,4,2,2,4.7,1,0,1,0,1,0,7,2021,0,2,5,0,2.35,23.5,0,1714,1551,0,111942.0
3,2,3,5,2,3,7.0,0,1,1,1,0,0,5,2021,0,3,6,0,2.333333333333333,42.0,0,1623,1551,0,134300.0
1,2,3,4,0,0,10.0,1,0,1,0,1,0,8,2020,0,2,5,0,5.0,50.0,0,1714,1551,0,61976.0
4,3,2,5,2,3,6.0,0,0,0,1,0,1,2,2022,0,2,6,0,3.0,36.0,1,1661,1595,0,120923.0
3,3,0,1,1,3,7.0,1,1,0,0,0,0,12,2020,0,1,2,0,7.0,14.0,0,1623,1567,0,113873.0
4,2,1,2,2,1,7.0,2,0,1,1,0,0,10,2022,1,2,4,0,3.5,28.0,0,1661,1531,0,61640.0
2,0,5,2,1,2,8.0,2,0,0,0,1,0,9,2025,1,1,4,0,8.0,32.0,0,1626,1494,0,89150.0
3,0,5,0,1,2,3.0,2,0,0,1,1,1,6,2020,0,3,10,1,1.0,30.0,1,1623,1494,0,113873.0
4,2,1,4,2,3,8.0,0,1,1,1,0,1,12,2025,0,4,9,0,2.0,72.0,1,1661,1531,0,129130.0
0,0,2,1,2,1,12.0,0,1,1,1,0,1,7,2025,0,4,9,0,3.0,108.0,1,1679,1595,0,110519.0
1,3,3,7,1,1,13.0,2,0,1,1,0,1,7,2020,0,3,7,0,4.333333333333333,91.0,1,1714,1551,0,79724.0
0,2,3,1,0,2,8.0,1,1,1,0,1,1,8,2026,0,4,10,0,2.0,80.0,0,1679,1551,0,139159.0
3,0,4,4,1,2,7.0,0,0,0,0,0,1,7,2024,1,1,3,0,7.0,21.0,0,1623,1611,0,81797.0
5,0,5,0,1,1,3.0,2,1,1,1,0,1,9,2024,1,4,9,0,0.75,27.0,1,1682,1494,0,114775.0
0,2,4,5,0,2,12.0,1,0,0,1,1,0,9,2025,1,2,7,1,6.0,84.0,0,1679,1611,0,140751.0
2,1,4,3,1,1,3.0,3,1,1,0,0,1,8,2024,1,3,6,0,1.0,18.0,0,1626,1611,0,113873.0
3,3,2,2,0,2,13.0,3,0,1,0,0,0,1,2023,1,1,1,0,13.0,13.0,0,1623,1595,0,99920.0
3,0,0,1,2,3,7.0,0,0,1,0,0,1,10,2021,1,2,4,0,3.5,28.0,0,1623,1567,0,113894.0
0,0,0,1,3,3,5.0,1,0,0,0,0,1,1,2021,1,1,3,0,5.0,15.0,0,1679,1567,1,165835.0
2,2,5,5,3,3,7.0,1,0,0,1,0,0,8,2020,1,1,3,0,7.0,21.0,0,1626,1494,0,119856.0
0,0,4,2,2,1,7.0,2,0,1,0,0,0,12,2021,1,1,1,0,7.0,7.0,0,1679,1611,0,106844.0
3,2,5,1,1,3,14.0,0,0,0,0,0,1,1,2024,2,1,3,0,14.0,42.0,0,1623,1494,0,107052.0
1,2,3,1,0,3,0.0,1,1,1,1,1,1,2,2025,2,5,13,1,0.0,0.0,1,1714,1551,0,133880.0
4,0,4,1,0,3,0.0,0,0,1,1,0,1,3,2020,2,3,7,0,0.0,0.0,1,1661,1611,0,112801.0
3,0,3,6,0,2,9.0,2,1,1,1,1,1,4,2021,2,5,13,1,1.8,117.0,1,1623,1551,1,202887.5
0,0,1,2,2,3,12.0,0,0,1,1,1,0,2,2026,2,3,8,1,4.0,96.0,0,1679,1531,1,202887.5
2,1,5,4,0,2,4.0,0,1,0,0,0,1,11,2023,2,2,5,0,2.0,20.0,0,1626,1494,0,85819.0
4,3,0,4,0,3,2.0,1,0,0,1,0,0,11,2021,2,1,3,0,2.0,6.0,0,1661,1567,0,98500.0
5,0,0,5,0,3,7.0,2,1,1,1,0,0,11,2024,2,3,6,0,2.333333333333333,42.0,0,1682,1567,0,153055.0
4,0,3,4,1,1,8.0,2,1,1,1,0,0,5,2021,2,3,6,0,2.6666666666666665,48.0,0,1661,1551,0,88469.0
3,0,2,6,1,1,6.0,1,1,1,0,1,0,2,2025,1,3,7,0,2.0,42.0,0,1623,1595,0,69606.0
2,0,4,2,0,1,12.0,1,1,1,1,0,0,12,2026,1,3,6,0,4.0,72.0,0,1626,1611,0,81200.0
3,0,1,5,0,1,6.0,1,0,0,0,1,0,1,2026,1,1,4,0,6.0,24.0,0,1623,1531,0,87483.0
1,1,1,1,2,3,9.0,2,0,1,0,0,1,1,2022,1,2,4,0,4.5,36.0,0,1714,1531,0,121111.0
5,1,2,5,1,2,14.0,2,1,1,1,0,1,1,2025,1,4,9,0,3.5,126.0,1,1682,1595,0,157508.0
0,1,5,4,0,1,13.0,2,0,1,0,1,0,2,2025,1,2,5,0,6.5,65.0,0,1679,1494,0,102196.0
0,1,4,5,1,1,10.0,2,1,1,0,1,0,3,2023,1,3,7,0,3.333333333333333,70.0,0,1679,1611,0,101007.0
2,0,0,5,1,2,2.0,2,0,1,0,1,0,3,2021,1,2,5,0,1.0,10.0,0,1626,1567,0,85578.0
3,1,0,5,0,3,7.0,2,1,1,1,0,1,4,2021,1,4,9,0,1.75,63.0,1,1623,1567,0,113873.0
2,2,3,3,2,1,0.0,2,1,0,1,0,1,1,2021,1,3,8,0,0.0,0.0,1,1626,1551,0,70679.0
0,1,1,4,2,3,11.0,0,1,1,1,0,1,1,2024,1,4,9,0,2.75,99.0,1,1679,1531,1,180022.0
3,2,3,4,0,1,7.0,0,1,0,1,1,0,9,2024,1,3,9,1,2.333333333333333,63.0,0,1623,1551,0,65882.0
5,0,5,7,0,1,9.0,0,1,1,0,0,1,1,2022,2,3,6,0,3.0,54.0,0,1682,1494,0,116848.0
0,1,0,2,2,1,13.0,2,1,1,0,0,0,1,2022,2,2,3,0,6.5,39.0,0,1679,1567,0,86600.0
4,2,3,4,2,3,9.0,1,1,1,1,1,1,1,2022,2,5,13,1,1.8,117.0,1,1661,1551,0,141463.0
5,0,5,3,1,3,14.0,2,0,1,1,0,0,9,2022,2,2,4,0,7.0,56.0,0,1682,1494,1,173283.0
4,0,0,3,0,3,1.0,1,0,1,0,0,0,4,2025,2,1,1,0,1.0,1.0,0,1661,1567,0,118172.0
3,0,0,2,1,2,0.0,1,0,0,1,0,1,9,2025,1,2,6,0,0.0,0.0,1,1623,1567,1,202887.5
1,2,6,7,0,1,5.4,1,0,1,1,0,1,8,2021,1,3,7,0,1.8,37.8,1,1714,676,0,71810.0
1,0,0,1,0,3,7.0,0,0,1,1,0,0,4,2024,1,2,4,0,3.5,28.0,0,1714,1567,0,137980.0
4,2,0,0,3,4,7.0,1,0,0,1,0,0,5,2021,1,1,3,0,7.0,21.0,0,1661,1567,0,90284.0
2,0,2,2,0,3,14.0,2,0,1,1,1,1,3,2022,0,4,11,1,3.5,154.0,1,1626,1595,0,122865.0
4,0,0,4,2,3,7.0,1,0,1,1,0,0,12,2023,0,2,4,0,3.5,28.0,0,1661,1567,0,133200.0
5,3,3,0,1,1,11.0,2,0,1,1,0,1,9,2025,0,3,7,0,3.6666666666666665,77.0,1,1682,1551,0,113279.0
3,1,0,5,1,2,4.0,2,0,1,0,0,0,1,2020,0,1,1,0,4.0,4.0,0,1623,1567,0,71901.0
0,1,2,3,3,1,9.0,1,1,0,1,1,0,12,2022,0,3,9,1,3.0,81.0,0,1679,1595,0,120159.0
2,0,4,4,0,2,3.0,0,0,1,1,0,1,4,2023,0,3,7,0,1.0,21.0,1,1626,1611,0,120283.0
6,0,0,1,1,2,13.0,0,0,0,1,1,0,12,2024,0,2,7,1,6.5,91.0,0,40,1567,0,123062.0
3,1,3,6,1,3,14.0,0,0,0,1,1,1,7,2024,0,3,10,1,4.666666666666667,140.0,1,1623,1551,0,144992.0
4,3,1,0,2,3,7.0,1,1,1,1,0,0,1,2020,0,3,6,0,2.333333333333333,42.0,0,1661,1531,0,61640.0
4,1,5,2,1,1,14.0,2,0,1,1,0,0,2,2025,0,2,4,0,7.0,56.0,0,1661,1494,0,64300.0
3,1,0,1,0,1,10.0,0,1,0,1,1,1,1,2026,0,4,12,1,2.5,120.0,1,1623,1567,0,88728.0
2,0,1,5,2,1,9.0,3,0,0,1,0,1,10,2023,0,2,6,0,4.5,54.0,1,1626,1531,0,61640.0
3,2,1,3,2,1,9.0,0,0,0,1,1,1,10,2024,0,3,10,1,3.0,90.0,1,1623,1531,0,113873.0
1,0,2,2,1,3,10.0,1,0,1,1,0,0,12,2022,0,2,4,0,5.0,40.0,0,1714,1595,0,119012.0
5,0,5,1,2,2,5.0,0,1,0,0,1,1,7,2024,0,3,9,0,1.6666666666666667,45.0,0,1682,1494,0,143420.0
0,1,5,2,1,1,8.0,1,0,0,1,0,1,12,2026,0,2,6,0,4.0,48.0,1,1679,1494,0,116098.0
2,1,5,0,3,3,3.0,2,1,0,0,0,1,1,2021,0,2,5,0,1.5,15.0,0,1626,1494,0,112172.0
4,2,5,6,1,1,7.0,1,1,1,0,0,1,4,2022,0,3,6,0,2.333333333333333,42.0,0,1661,1494,0,61640.0
2,0,4,6,1,1,0.0,2,0,0,1,0,1,1,2020,0,2,6,0,0.0,0.0,1,1626,1611,0,95100.0
5,2,0,2,0,1,5.2,3,0,1,0,0,1,5,2026,0,2,4,0,2.6,20.8,0,1682,1567,1,202887.5
3,0,0,4,2,3,8.0,2,1,1,1,0,0,11,2026,0,3,6,0,2.6666666666666665,48.0,0,1623,1567,1,202887.5
3,0,4,5,1,1,4.0,0,0,1,0,0,1,11,2024,0,2,4,0,2.0,16.0,0,1623,1611,0,64470.0
5,2,2,0,2,2,11.0,0,0,0,1,0,0,1,2026,0,1,3,0,11.0,33.0,0,1682,1595,0,127108.0
2,2,4,4,2,4,6.0,1,0,1,0,0,0,4,2021,0,1,1,0,6.0,6.0,0,1626,1611,0,68921.0
3,0,3,0,0,1,1.0,3,0,0,1,1,1,1,2024,0,3,10,1,0.3333333333333333,10.0,1,1623,1551,0,94440.0
2,0,2,5,0,2,8.0,2,1,0,1,0,1,12,2024,0,3,8,0,2.6666666666666665,64.0,1,1626,1595,0,117793.0
3,0,2,5,1,2,2.0,1,0,1,0,0,1,12,2020,0,2,4,0,1.0,8.0,0,1623,1595,0,104052.0
0,0,0,4,2,3,0.0,2,0,1,1,0,0,11,2020,0,2,4,0,0.0,0.0,0,1679,1567,1,175200.0
1,0,4,0,1,3,5.0,1,0,0,1,1,0,3,2022,0,2,7,1,2.5,35.0,0,1714,1611,0,153052.0
2,0,3,6,0,2,7.0,1,0,1,1,1,0,4,2020,0,3,8,1,2.333333333333333,56.0,0,1626,1551,0,101436.0
0,1,5,6,0,1,13.0,1,1,1,1,1,1,7,2026,0,5,13,1,2.6,169.0,1,1679,1494,0,128080.0
5,1,0,5,2,3,7.0,3,0,1,1,0,1,11,2024,0,3,7,0,2.333333333333333,49.0,1,1682,1567,0,113873.0
2,2,5,3,0,3,7.0,3,0,1,0,0,1,4,2022,0,2,4,0,3.5,28.0,0,1626,1494,0,102787.0
4,1,0,6,2,2,2.0,1,0,1,0,1,1,1,2022,0,3,8,0,0.6666666666666666,16.0,0,1661,1567,0,97757.0
3,2,3,4,0,2,4.0,0,1,1,1,1,0,9,2022,0,4,10,1,1.0,40.0,0,1623,1551,0,91002.0
3,2,1,6,1,1,7.0,1,0,1,0,0,1,1,2022,1,2,4,0,3.5,28.0,0,1623,1531,0,64499.0
4,0,2,1,0,2,5.0,3,1,0,1,0,1,1,2025,1,3,8,0,1.6666666666666667,40.0,1,1661,1595,0,92754.0
4,3,1,1,0,3,12.0,2,1,0,1,0,1,1,2026,1,3,8,0,4.0,96.0,1,1661,1531,0,113873.0
0,2,0,3,3,1,3.0,2,1,0,0,0,0,3,2023,1,1,2,0,3.0,6.0,0,1679,1567,0,105725.0
0,0,3,4,2,1,9.0,2,1,1,0,0,1,4,2024,1,3,6,0,3.0,54.0,0,1679,1551,0,98564.0
2,2,3,4,0,1,0.0,0,1,1,1,1,1,1,2020,1,5,13,1,0.0,0.0,1,1626,1551,0,88310.0
3,0,3,4,2,3,1.0,0,0,0,1,0,1,3,2020,0,2,6,0,0.5,6.0,1,1623,1551,0,125342.0
5,2,2,2,0,2,0.0,0,0,1,1,0,0,4,2026,0,2,4,0,0.0,0.0,0,1682,1595,0,132203.0
1,2,1,0,0,3,2.0,0,1,0,1,1,1,10,2023,0,4,12,1,0.5,24.0,1,1714,1531,0,139521.0
3,3,3,1,0,2,14.0,2,0,1,1,1,0,12,2020,0,3,8,1,4.666666666666667,112.0,0,1623,1551,0,100555.0
2,0,3,1,1,1,0.0,2,0,0,0,0,1,11,2020,0,1,3,0,0.0,0.0,0,1626,1551,0,113873.0
5,0,1,0,1,2,8.0,0,0,0,1,1,0,4,2020,0,2,7,1,4.0,56.0,0,1682,1531,0,145293.0
0,2,6,2,3,2,9.3,2,0,1,1,1,0,5,2025,0,3,8,1,3.1,74.4,0,1679,676,0,144778.0
1,1,4,6,0,3,8.0,2,1,1,1,0,1,2,2025,0,4,9,0,2.0,72.0,1,1714,1611,0,110920.0
1,0,2,1,2,2,7.0,2,0,1,1,0,1,9,2020,1,3,7,0,2.333333333333333,49.0,1,1714,1595,0,89073.0
5,1,1,4,1,4,4.0,2,1,1,1,1,1,1,2022,1,5,13,1,0.8,52.0,1,1682,1531,1,175342.0
1,1,4,1,2,3,0.0,0,1,1,0,1,0,1,2023,1,3,7,0,0.0,0.0,0,1714,1611,0,117587.0
0,0,3,6,1,1,6.0,1,0,0,1,0,1,1,2020,1,2,6,0,3.0,36.0,1,1679,1551,0,113832.0
5,1,4,7,2,4,3.0,2,0,1,1,0,1,10,2024,1,3,7,0,1.0,21.0,1,1682,1611,0,114217.0
0,2,2,0,2,1,7.0,0,1,0,1,1,1,10,2021,1,4,12,1,1.75,84.0,1,1679,1595,0,114074.0
5,0,6,4,0,1,14.0,2,0,0,0,0,1,5,2022,1,1,3,0,14.0,42.0,0,1682,676,0,123370.0
3,1,5,2,1,2,12.0,0,1,1,1,1,1,6,2023,1,5,13,1,2.4,156.0,1,1623,1494,0,116000.0
1,0,0,1,0,1,8.0,1,0,1,1,0,1,4,2024,1,3,7,0,2.6666666666666665,56.0,1,1714,1567,0,73300.0
5,2,4,5,0,1,2.0,2,1,1,1,1,0,12,2022,0,4,10,1,0.5,20.0,0,1682,1611,0,115659.0
0,1,3,2,2,2,0.0,0,0,0,1,0,0,12,2022,0,1,3,0,0.0,0.0,0,1679,1551,0,130285.0
0,0,2,5,1,2,12.0,2,1,0,0,1,1,11,2020,2,3,9,0,4.0,108.0,0,1679,1595,1,202887.5
3,0,4,2,0,2,7.0,2,0,1,1,1,0,7,2020,2,3,8,1,2.333333333333333,56.0,0,1623,1611,0,116466.0
2,0,5,4,0,3,7.0,1,0,1,0,1,0,11,2021,2,2,5,0,3.5,35.0,0,1626,1494,0,130402.0
4,1,2,6,0,1,0.0,2,1,1,0,1,0,2,2026,2,3,7,0,0.0,0.0,0,1661,1595,0,67916.0
1,2,3,1,1,2,3.0,2,0,0,0,0,1,1,2021,2,1,3,0,3.0,9.0,0,1714,1551,0,92281.0
4,0,3,2,2,3,7.0,0,0,0,0,1,0,3,2022,2,1,4,0,7.0,28.0,0,1661,1551,0,61640.0
4,0,2,6,0,2,0.0,1,1,0,0,1,1,1,2020,2,3,9,0,0.0,0.0,0,1661,1595,0,116727.0
2,0,0,0,2,1,9.0,2,0,1,1,1,0,3,2023,2,3,8,1,3.0,72.0,0,1626,1567,0,77738.0
5,2,5,6,2,1,1.0,1,1,1,1,0,1,6,2021,2,4,9,0,0.25,9.0,1,1682,1494,0,113142.0
2,0,5,6,0,1,7.0,0,1,1,1,1,0,12,2022,2,4,10,1,1.75,70.0,0,1626,1494,1,202887.5
0,2,4,5,2,3,6.0,1,0,1,1,1,0,4,2025,2,3,8,1,2.0,48.0,0,1679,1611,1,169611.0
4,0,0,0,2,1,2.0,2,0,0,0,0,1,10,2025,2,1,3,0,2.0,6.0,0,1661,1567,0,63615.0
1,3,2,0,0,2,5.0,1,1,0,1,0,0,5,2025,2,2,5,0,2.5,25.0,0,1714,1595,0,113873.0
3,0,2,3,1,2,7.0,1,0,1,1,1,1,2,2021,2,4,11,1,1.75,77.0,1,1623,1595,0,115686.0
3,0,4,6,2,1,8.0,2,0,0,1,1,0,2,2021,2,2,7,1,4.0,56.0,0,1623,1611,0,66697.0
3,0,0,2,2,1,7.0,2,1,0,1,0,1,5,2022,2,3,8,0,2.333333333333333,56.0,1,1623,1567,0,97082.0
1,3,2,2,0,2,10.0,3,1,1,1,0,1,1,2026,2,4,9,0,2.5,90.0,1,1714,1595,0,96445.0
3,0,4,2,1,2,7.0,2,1,1,1,1,0,2,2025,2,4,10,1,1.75,70.0,0,1623,1611,0,113873.0
4,0,3,3,2,1,9.0,2,1,0,0,1,1,2,2024,2,3,9,0,3.0,81.0,0,1661,1551,0,73464.0
4,0,6,2,1,3,7.0,1,0,0,1,0,0,4,2023,2,1,3,0,7.0,21.0,0,1661,676,0,117986.0
3,2,5,1,1,2,7.0,1,1,0,1,0,0,4,2023,2,2,5,0,3.5,35.0,0,1623,1494,0,93740.0
0,0,1,2,0,2,5.0,0,0,1,0,0,0,1,2023,0,1,1,0,5.0,5.0,0,1679,1531,0,114839.0
4,2,2,7,1,1,0.0,0,0,1,1,0,0,5,2023,0,2,4,0,0.0,0.0,0,1661,1595,0,113873.0
3,2,3,5,2,1,13.0,2,0,0,0,0,1,11,2025,2,1,3,0,13.0,39.0,0,1623,1551,0,61640.0
2,1,2,1,1,1,5.0,1,0,1,0,0,1,11,2021,2,2,4,0,2.5,20.0,0,1626,1595,0,113873.0
4,1,0,2,0,2,1.0,1,1,1,1,0,0,10,2020,2,3,6,0,0.3333333333333333,6.0,0,1661,1567,1,202887.5
3,0,6,4,2,1,11.0,0,0,0,0,1,1,10,2020,2,2,7,0,5.5,77.0,0,1623,676,0,94788.0
2,1,2,5,0,3,7.0,1,1,0,1,0,1,3,2026,2,3,8,0,2.333333333333333,56.0,1,1626,1595,0,129773.0
2,2,6,1,0,2,7.0,1,0,1,0,1,1,1,2026,2,3,8,0,2.333333333333333,56.0,0,1626,676,0,104313.0
0,0,6,7,2,2,11.0,3,0,0,0,1,0,5,2021,2,1,4,0,11.0,44.0,0,1679,676,0,152171.0
4,1,5,6,1,2,7.0,2,1,0,1,0,0,4,2024,2,2,5,0,3.5,35.0,0,1661,1494,0,85247.0
5,0,1,5,2,3,11.0,1,1,0,0,0,0,6,2022,2,1,2,0,11.0,22.0,0,1682,1531,0,156890.0
0,0,4,4,1,2,2.0,1,0,0,1,0,1,5,2022,2,2,6,0,1.0,12.0,1,1679,1611,0,160000.0
2,2,3,3,3,2,8.0,2,0,1,1,0,0,8,2026,2,2,4,0,4.0,32.0,0,1626,1551,0,93125.0
1,2,3,5,1,3,11.0,1,0,1,1,0,0,4,2026,2,2,4,0,5.5,44.0,0,1714,1551,0,114410.0
2,1,4,6,2,0,4.0,2,0,1,1,0,1,8,2020,2,3,7,0,1.3333333333333333,28.0,1,1626,1611,0,73805.0
0,1,2,4,2,1,5.0,0,0,0,0,0,1,5,2026,1,1,3,0,5.0,15.0,0,1679,1595,0,102332.0
1,1,5,0,1,3,5.0,1,0,1,1,1,0,9,2025,1,3,8,1,1.6666666666666667,40.0,0,1714,1494,0,132108.0
4,2,6,0,2,3,12.0,0,0,1,1,0,1,1,2025,0,3,7,0,4.0,84.0,1,1661,676,0,124115.0
1,0,1,5,0,2,11.0,2,1,1,0,1,1,10,2023,0,4,10,0,2.75,110.0,0,1714,1531,0,97775.0
0,3,0,3,3,3,7.0,0,0,0,1,1,1,4,2026,0,3,10,1,2.333333333333333,70.0,1,1679,1567,1,197982.0
1,0,3,6,1,3,3.0,0,1,0,0,0,0,10,2022,0,1,2,0,3.0,6.0,0,1714,1551,0,116142.0
5,0,3,1,2,1,10.0,0,1,1,0,0,0,1,2023,0,2,3,0,5.0,30.0,0,1682,1551,0,91671.0
2,2,5,5,2,1,14.0,2,1,0,0,0,0,6,2023,0,1,2,0,14.0,28.0,0,1626,1494,0,113873.0
2,0,1,4,2,2,7.0,2,0,0,0,1,1,6,2026,2,2,7,0,3.5,49.0,0,1626,1531,0,91324.0
5,1,0,7,1,4,6.0,1,0,0,0,1,0,11,2023,1,1,4,0,6.0,24.0,0,1682,1567,0,101136.0
4,0,3,0,1,2,7.0,2,0,0,1,0,1,12,2024,1,2,6,0,3.5,42.0,1,1661,1551,0,121263.0
2,0,1,2,2,2,12.0,0,1,0,1,0,1,9,2021,1,3,8,0,4.0,96.0,1,1626,1531,0,96771.0
5,1,2,2,1,1,1.0,0,0,0,0,1,1,12,2022,1,2,7,0,0.5,7.0,0,1682,1595,0,119475.0
1,1,2,2,2,1,8.0,1,0,1,1,0,1,4,2021,1,3,7,0,2.6666666666666665,56.0,1,1714,1595,0,65512.0
0,1,5,1,3,3,2.4,1,0,1,0,0,1,5,2023,0,2,4,0,1.2,9.6,0,1679,1494,0,143388.0
3,0,5,7,2,4,7.0,0,0,1,0,1,1,10,2025,0,3,8,0,2.333333333333333,56.0,0,1623,1494,0,119785.0
4,1,2,5,1,2,7.0,0,0,1,1,0,1,9,2023,0,3,7,0,2.333333333333333,49.0,1,1661,1595,0,86119.0
5,2,0,1,0,3,13.0,1,1,1,1,0,1,10,2026,0,4,9,0,3.25,117.0,1,1682,1567,0,150055.0
4,1,1,1,0,1,6.0,3,1,1,0,1,1,1,2026,1,4,10,0,1.5,60.0,0,1661,1531,0,113873.0
3,0,3,1,0,3,14.0,0,1,1,1,0,1,9,2025,1,4,9,0,3.5,126.0,1,1623,1551,0,113873.0
2,0,3,3,0,2,12.0,1,1,0,0,1,1,12,2020,1,3,9,0,4.0,108.0,0,1626,1551,0,118648.0
1,1,1,7,1,3,1.0,2,0,0,1,0,1,10,2022,1,2,6,0,0.5,6.0,1,1714,1531,0,123049.0
4,0,1,2,0,3,2.0,0,0,1,0,0,1,9,2022,1,2,4,0,1.0,8.0,0,1661,1531,0,146070.0
5,1,0,4,3,1,8.3,1,0,1,0,1,0,2,2022,0,2,5,0,4.15,41.5,0,1682,1567,0,101567.0
6,1,2,5,0,1,6.0,2,0,0,1,0,1,8,2024,0,2,6,0,3.0,36.0,1,40,1595,0,65042.0
5,1,5,1,2,2,12.0,1,1,1,1,0,0,9,2020,0,3,6,0,4.0,72.0,0,1682,1494,0,130556.0
0,0,1,5,1,1,5.0,2,0,1,0,0,1,9,2022,0,2,4,0,2.5,20.0,0,1679,1531,0,85182.0
4,0,5,6,2,2,7.0,1,1,0,1,0,1,2,2025,0,3,8,0,2.333333333333333,56.0,1,1661,1494,0,116746.0
1,0,2,2,1,2,14.0,1,0,0,1,1,1,4,2024,0,3,10,1,4.666666666666667,140.0,1,1714,1595,0,138678.0
2,0,5,5,2,1,2.0,1,0,1,1,1,1,11,2025,0,4,11,1,0.5,22.0,1,1626,1494,0,108012.0
2,1,2,4,1,1,13.0,0,0,1,0,1,1,8,2023,0,3,8,0,4.333333333333333,104.0,0,1626,1595,0,75888.0
0,1,4,3,2,4,12.0,0,1,1,0,0,1,8,2021,0,3,6,0,4.0,72.0,0,1679,1611,0,129661.0
4,1,4,0,1,1,0.0,0,1,0,1,1,1,7,2022,0,4,12,1,0.0,0.0,1,1661,1611,0,90113.0
0,0,5,2,2,1,9.0,0,1,0,1,1,1,6,2023,0,4,12,1,2.25,108.0,1,1679,1494,0,146921.0
4,2,4,1,0,4,7.0,0,1,1,1,0,1,6,2023,0,4,9,0,1.75,63.0,1,1661,1611,0,79476.0
4,2,2,4,1,3,7.0,1,0,0,1,0,0,3,2020,0,1,3,0,7.0,21.0,0,1661,1595,0,116724.0
3,1,3,0,2,3,2.0,1,0,0,0,0,1,8,2024,0,1,3,0,2.0,6.0,0,1623,1551,0,105209.0
3,2,3,0,2,2,2.0,2,1,1,1,1,1,12,2021,0,5,13,1,0.4,26.0,1,1623,1551,0,61640.0
0,3,2,3,1,1,14.0,2,0,0,1,0,0,7,2022,0,1,3,0,14.0,42.0,0,1679,1595,0,128831.0
1,0,4,6,1,1,6.0,0,0,1,0,1,1,1,2022,0,3,8,0,2.0,48.0,0,1714,1611,0,113873.0
4,0,3,0,1,3,12.0,2,0,1,0,0,1,2,2025,0,2,4,0,6.0,48.0,0,1661,1551,0,132394.0
3,0,5,2,2,2,7.0,1,0,0,1,1,1,12,2022,0,3,10,1,2.333333333333333,70.0,1,1623,1494,0,134005.0
1,0,0,5,2,1,12.0,3,0,0,1,0,0,8,2022,2,1,3,0,12.0,36.0,0,1714,1567,0,61640.0
3,0,2,5,0,2,3.0,0,1,1,1,1,1,7,2026,0,5,13,1,0.6,39.0,1,1623,1595,0,113873.0
1,0,2,1,2,1,0.0,2,0,0,0,1,1,7,2022,0,2,7,0,0.0,0.0,0,1714,1595,0,79797.0
2,0,3,1,0,1,11.0,3,1,1,0,0,0,3,2024,0,2,3,0,5.5,33.0,0,1626,1551,1,202887.5
2,0,5,5,1,0,7.0,2,0,1,1,1,1,7,2023,0,4,11,1,1.75,77.0,1,1626,1494,0,77075.0
4,2,2,1,1,3,6.0,2,0,1,0,1,0,1,2023,0,2,5,0,3.0,30.0,0,1661,1595,0,115002.0
2,2,1,3,0,1,7.0,1,1,1,0,0,1,1,2022,0,3,6,0,2.333333333333333,42.0,0,1626,1531,0,62682.0
2,1,0,1,2,2,10.0,1,0,0,0,1,1,1,2023,0,2,7,0,5.0,70.0,0,1626,1567,0,102612.0
5,0,4,6,1,3,0.0,1,0,1,1,0,1,1,2021,0,3,7,0,0.0,0.0,1,1682,1611,1,167311.0
2,2,2,4,0,3,12.0,1,0,1,1,1,1,1,2025,0,4,11,1,3.0,132.0,1,1626,1595,0,139574.0
3,1,5,5,2,2,9.0,3,1,0,1,1,1,11,2025,0,4,12,1,2.25,108.0,1,1623,1494,0,113873.0
3,1,1,0,0,4,3.0,1,1,1,1,0,0,3,2022,0,3,6,0,1.0,18.0,0,1623,1531,0,114901.0
0,0,3,2,2,3,2.0,1,0,1,0,1,1,8,2024,0,3,8,0,0.6666666666666666,16.0,0,1679,1551,1,202887.5
3,1,4,5,1,1,3.4,0,0,0,0,1,0,1,2020,0,1,4,0,3.4,13.6,0,1623,1611,0,63482.0
5,2,4,6,2,4,11.0,0,1,0,1,1,1,3,2022,0,4,12,1,2.75,132.0,1,1682,1611,1,176993.0
1,2,2,4,1,2,12.0,2,1,1,0,1,0,7,2023,0,3,7,0,4.0,84.0,0,1714,1595,0,86706.0
0,1,1,1,3,2,5.0,2,0,1,0,1,1,6,2023,0,3,8,0,1.6666666666666667,40.0,0,1679,1531,0,152878.0
2,1,1,6,2,2,5.0,0,0,0,1,0,1,1,2026,0,2,6,0,2.5,30.0,1,1626,1531,0,82393.0
5,2,1,0,1,2,10.0,1,0,1,1,0,1,1,2026,0,3,7,0,3.333333333333333,70.0,1,1682,1531,0,131800.0
0,2,0,3,0,3,7.0,2,0,1,1,0,1,5,2025,0,3,7,0,2.333333333333333,49.0,1,1679,1567,0,161915.0
2,0,2,6,0,1,1.0,1,0,0,1,0,1,10,2021,1,2,6,0,0.5,6.0,1,1626,1595,0,79803.0
1,2,3,5,0,1,10.0,3,0,0,1,0,0,8,2024,1,1,3,0,10.0,30.0,0,1714,1551,0,65174.0
2,2,5,5,1,1,12.0,2,0,0,0,1,1,11,2021,1,2,7,0,6.0,84.0,0,1626,1494,0,69545.0
4,1,3,2,2,3,7.0,0,0,0,1,0,1,5,2023,1,2,6,0,3.5,42.0,1,1661,1551,0,135011.0
1,0,0,2,0,1,6.0,0,1,0,0,1,0,7,2021,1,2,6,0,3.0,36.0,0,1714,1567,0,67612.0
0,2,4,6,1,4,0.0,2,1,1,0,1,0,8,2024,1,3,7,0,0.0,0.0,0,1679,1611,0,113873.0
1,2,2,0,1,1,4.0,0,1,1,1,0,0,11,2022,1,3,6,0,1.3333333333333333,24.0,0,1714,1595,0,62501.0
3,0,4,0,2,4,7.0,1,1,0,1,0,1,3,2021,1,3,8,0,2.333333333333333,56.0,1,1623,1611,0,113873.0
5,0,4,0,0,2,3.0,1,0,1,1,1,0,9,2022,1,3,8,1,1.0,24.0,0,1682,1611,0,134729.0
1,0,0,7,2,3,5.0,2,0,1,0,0,1,7,2025,1,2,4,0,2.5,20.0,0,1714,1567,0,131705.0
0,2,4,5,0,2,0.0,1,0,1,1,0,1,1,2023,1,3,7,0,0.0,0.0,1,1679,1611,0,137284.0
1,2,5,6,2,4,6.0,1,0,1,0,1,0,11,2025,1,2,5,0,3.0,30.0,0,1714,1494,0,117467.0
4,0,2,5,2,3,6.0,2,1,0,0,1,0,1,2022,1,2,6,0,3.0,36.0,0,1661,1595,0,116614.0
4,2,0,5,1,2,10.0,1,1,0,1,1,1,3,2023,1,4,12,1,2.5,120.0,1,1661,1567,0,111267.0
1,1,4,1,1,3,0.0,2,0,1,0,0,0,12,2020,1,1,1,0,0.0,0.0,0,1714,1611,0,113873.0
2,1,4,1,0,2,1.0,1,1,0,0,0,0,3,2024,1,1,2,0,1.0,2.0,0,1626,1611,0,71951.0
3,0,5,6,1,3,9.0,1,1,0,0,0,1,4,2024,1,2,5,0,4.5,45.0,0,1623,1494,0,112408.0
1,0,3,5,0,2,8.0,2,1,0,0,0,0,7,2022,1,1,2,0,8.0,16.0,0,1714,1551,0,77273.0
5,2,4,3,1,2,7.0,0,0,0,0,0,1,6,2025,1,1,3,0,7.0,21.0,0,1682,1611,0,120527.0
1,0,4,3,0,3,7.0,2,0,0,0,1,1,8,2024,1,2,7,0,3.5,49.0,0,1714,1611,0,147573.0
0,0,3,5,1,1,10.0,0,0,1,1,0,1,10,2022,1,3,7,0,3.333333333333333,70.0,1,1679,1551,0,128268.0
1,2,1,1,1,4,2.0,1,0,0,0,1,0,11,2022,1,1,4,0,2.0,8.0,0,1714,1531,0,113873.0
0,0,4,2,0,2,12.0,3,0,1,0,0,0,3,2020,1,1,1,0,12.0,12.0,0,1679,1611,0,116190.0
1,2,4,4,0,1,6.0,1,1,0,0,0,0,2,2020,1,1,2,0,6.0,12.0,0,1714,1611,0,69226.0
2,1,3,4,0,2,5.0,0,0,0,0,0,1,7,2020,1,1,3,0,5.0,15.0,0,1626,1551,0,78017.0
5,2,5,4,1,2,1.0,1,0,1,1,1,1,1,2020,1,4,11,1,0.25,11.0,1,1682,1494,0,157252.0
1,2,5,4,3,1,6.0,1,1,1,1,0,1,5,2024,1,4,9,0,1.5,54.0,1,1714,1494,0,78867.0
0,1,2,3,2,2,7.0,2,1,0,0,1,1,9,2025,1,3,9,0,2.333333333333333,63.0,0,1679,1595,0,136409.0
1,1,6,2,2,1,10.0,2,0,1,1,0,0,6,2022,1,2,4,0,5.0,40.0,0,1714,676,0,61640.0
4,2,0,5,2,1,2.0,1,0,0,1,0,1,6,2026,1,2,6,0,1.0,12.0,1,1661,1567,0,73841.0
2,2,1,4,1,2,9.0,2,0,1,1,1,0,6,2024,0,3,8,1,3.0,72.0,0,1626,1531,0,107248.0
2,3,1,1,1,2,1.0,3,1,0,1,1,1,10,2026,0,4,12,1,0.25,12.0,1,1626,1531,0,113873.0
0,1,5,0,1,1,8.0,1,1,1,1,1,1,8,2024,0,5,13,1,1.6,104.0,1,1679,1494,0,126164.0
3,2,4,1,1,3,3.0,1,0,1,1,0,1,1,2023,0,3,7,0,1.0,21.0,1,1623,1611,0,129445.0
4,1,2,7,2,2,14.0,0,1,0,1,0,1,10,2023,0,3,8,0,4.666666666666667,112.0,1,1661,1595,0,104273.0
5,0,1,1,1,2,10.0,2,0,1,1,0,1,9,2020,0,3,7,0,3.333333333333333,70.0,1,1682,1531,0,136450.0
3,0,3,0,3,2,7.0,1,0,1,1,1,1,10,2021,0,4,11,1,1.75,77.0,1,1623,1551,0,130857.0
5,0,0,6,0,1,12.0,3,1,1,0,0,1,11,2021,0,3,6,0,4.0,72.0,0,1682,1567,0,113307.0
1,3,3,4,1,4,0.0,3,1,0,1,0,0,10,2023,1,2,5,0,0.0,0.0,0,1714,1551,0,117592.0
0,0,5,1,3,2,7.0,0,1,0,0,1,0,10,2026,1,2,6,0,3.5,42.0,0,1679,1494,0,131829.0
3,2,4,0,3,3,4.0,1,0,0,1,1,0,12,2024,1,2,7,1,2.0,28.0,0,1623,1611,0,130752.0
1,0,2,3,1,2,2.1,1,0,1,1,1,0,7,2024,1,3,8,1,0.7000000000000001,16.8,0,1714,1595,0,112021.0
0,0,5,2,0,3,5.0,0,0,1,0,0,1,4,2026,1,2,4,0,2.5,20.0,0,1679,1494,1,166340.0
5,1,5,4,0,1,9.0,0,0,0,1,1,0,8,2024,1,2,7,1,4.5,63.0,0,1682,1494,0,123433.0
4,0,5,6,0,3,2.0,2,0,1,0,0,0,6,2021,1,1,1,0,2.0,2.0,0,1661,1494,0,121932.0
5,0,2,6,3,1,3.0,1,0,1,1,0,0,6,2023,0,2,4,0,1.5,12.0,0,1682,1595,0,101725.0
1,1,5,4,1,3,11.0,0,0,1,0,0,1,7,2020,0,2,4,0,5.5,44.0,0,1714,1494,0,109002.0
5,0,5,0,0,3,7.0,1,0,1,0,0,1,3,2022,0,2,4,0,3.5,28.0,0,1682,1494,0,148421.0
1,0,0,6,0,3,5.0,1,0,1,1,1,0,1,2024,0,3,8,1,1.6666666666666667,40.0,0,1714,1567,0,134792.0
4,0,0,2,0,3,7.0,0,1,0,0,0,1,12,2020,1,2,5,0,3.5,35.0,0,1661,1567,0,113370.0
2,2,5,5,0,1,7.0,2,1,1,1,1,1,7,2022,1,5,13,1,1.4,91.0,1,1626,1494,0,92341.0
1,2,2,0,2,3,2.0,1,0,1,1,0,0,1,2022,1,2,4,0,1.0,8.0,0,1714,1595,0,122535.0
3,0,5,1,0,3,8.0,0,0,0,1,1,0,11,2020,1,2,7,1,4.0,56.0,0,1623,1494,0,153246.0
5,2,5,3,0,2,3.0,0,1,0,0,0,0,12,2021,1,1,2,0,3.0,6.0,0,1682,1494,0,125702.0
5,1,2,7,1,1,7.0,0,1,1,0,1,1,6,2025,1,4,10,0,1.75,70.0,0,1682,1595,0,110368.0
4,2,3,0,0,1,4.0,1,0,1,1,0,1,12,2020,1,3,7,0,1.3333333333333333,28.0,1,1661,1551,0,70493.0
4,1,4,0,1,1,7.0,2,0,0,1,1,1,1,2020,1,3,10,1,2.333333333333333,70.0,1,1661,1611,0,91028.0
5,0,4,2,3,3,11.0,2,0,1,1,1,1,5,2025,1,4,11,1,2.75,121.0,1,1682,1611,1,186586.0
5,2,3,1,0,1,12.0,1,0,1,1,0,0,10,2024,1,2,4,0,6.0,48.0,0,1682,1551,0,118080.0
4,0,4,5,1,3,7.0,1,1,0,1,0,1,7,2024,1,3,8,0,2.333333333333333,56.0,1,1661,1611,0,120212.0
4,1,2,7,2,4,5.0,3,1,0,0,0,1,4,2025,0,2,5,0,2.5,25.0,0,1661,1595,0,85209.0
4,2,6,1,3,0,1.0,0,1,0,0,1,0,4,2024,0,2,6,0,0.5,6.0,0,1661,676,0,74868.0
1,2,4,2,1,1,7.0,2,0,0,1,0,1,5,2026,0,2,6,0,3.5,42.0,1,1714,1611,0,79507.0
3,0,0,0,1,3,4.0,0,0,1,1,1,1,12,2024,0,4,11,1,1.0,44.0,1,1623,1567,0,141272.0
1,0,1,7,2,2,1.0,0,0,0,1,0,1,12,2024,0,2,6,0,0.5,6.0,1,1714,1531,0,98700.0
0,2,5,0,0,3,7.0,2,0,0,1,1,0,10,2024,0,2,7,1,3.5,49.0,0,1679,1494,1,169201.0
4,1,1,6,0,3,8.0,0,0,1,1,0,0,2,2024,2,2,4,0,4.0,32.0,0,1661,1531,0,111550.0
1,1,2,6,0,2,9.0,1,1,1,0,1,0,1,2024,2,3,7,0,3.0,63.0,0,1714,1595,0,75099.0
0,1,1,0,1,3,4.8,1,0,0,0,1,1,4,2020,2,2,7,0,2.4,33.6,0,1679,1531,1,165461.0
0,0,1,1,1,1,11.0,1,1,1,0,0,1,9,2020,2,3,6,0,3.6666666666666665,66.0,0,1679,1531,0,123953.0
3,1,5,1,0,1,8.0,3,0,1,0,1,1,2,2021,2,3,8,0,2.6666666666666665,64.0,0,1623,1494,0,70209.0
1,0,6,5,3,1,0.0,3,0,1,0,1,0,8,2022,2,2,5,0,0.0,0.0,0,1714,676,0,86754.0
2,0,4,2,1,1,9.0,0,0,1,1,0,1,1,2026,2,3,7,0,3.0,63.0,1,1626,1611,0,89685.0
3,2,2,7,2,2,6.0,0,0,1,1,1,0,4,2023,2,3,8,1,2.0,48.0,0,1623,1595,0,92900.0
3,3,5,5,0,4,9.0,2,1,0,0,0,0,4,2023,2,1,2,0,9.0,18.0,0,1623,1494,0,72116.0
1,0,2,6,2,2,7.0,1,1,1,1,0,1,2,2022,2,4,9,0,1.75,63.0,1,1714,1595,0,107946.0
1,0,4,7,1,3,5.0,0,0,0,1,0,1,10,2023,2,2,6,0,2.5,30.0,1,1714,1611,0,161400.0
2,2,1,7,0,3,0.0,2,1,1,1,0,0,3,2023,2,3,6,0,0.0,0.0,0,1626,1531,0,115266.0
2,0,2,6,0,1,2.0,0,0,1,1,0,1,3,2020,2,3,7,0,0.6666666666666666,14.0,1,1626,1595,0,98646.0
0,0,5,0,2,1,9.0,2,1,1,1,0,0,5,2024,2,3,6,0,3.0,54.0,0,1679,1494,0,112697.0
5,1,0,2,1,2,0.0,1,1,1,1,0,1,10,2023,0,4,9,0,0.0,0.0,1,1682,1567,0,155889.0
4,3,6,5,0,2,5.0,1,0,1,0,0,0,5,2024,1,1,1,0,5.0,5.0,0,1661,676,1,202887.5
0,2,0,6,1,3,3.0,1,1,0,1,1,1,7,2024,1,4,12,1,0.75,36.0,1,1679,1567,1,182350.0
5,0,2,1,2,1,0.0,2,0,1,0,0,1,2,2022,1,2,4,0,0.0,0.0,0,1682,1595,0,123460.0
1,0,0,4,0,3,14.0,3,0,0,1,1,1,1,2024,0,3,10,1,4.666666666666667,140.0,1,1714,1567,0,140976.0
0,2,1,6,3,4,4.0,0,0,1,0,0,1,1,2021,0,2,4,0,2.0,16.0,0,1679,1531,0,102507.0
3,1,4,1,0,2,2.0,2,1,1,1,0,1,2,2024,0,4,9,0,0.5,18.0,1,1623,1611,0,88954.0
2,1,5,2,3,1,6.0,0,1,1,0,0,1,2,2024,0,3,6,0,2.0,36.0,0,1626,1494,0,61640.0
2,3,0,1,3,1,7.0,2,1,1,1,0,1,11,2020,0,4,9,0,1.75,63.0,1,1626,1567,0,86039.0
2,2,4,1,0,2,1.0,2,0,1,1,0,1,12,2021,0,3,7,0,0.3333333333333333,7.0,1,1626,1611,0,113873.0
2,0,2,1,2,1,11.0,1,1,1,1,0,1,8,2026,0,4,9,0,2.75,99.0,1,1626,1595,0,78359.0
0,2,4,0,2,1,14.0,1,0,1,1,0,1,4,2023,0,3,7,0,4.666666666666667,98.0,1,1679,1611,0,112753.0
1,0,4,4,1,1,2.0,2,1,1,1,0,1,5,2025,0,4,9,0,0.5,18.0,1,1714,1611,0,78987.0
5,0,5,0,2,1,12.0,2,1,1,1,0,1,5,2024,0,4,9,0,3.0,108.0,1,1682,1494,0,114093.0
3,2,3,6,2,2,8.3,1,0,1,0,1,1,1,2023,0,3,8,0,2.766666666666667,66.4,0,1623,1551,0,103864.0
1,1,0,1,2,1,6.0,2,0,1,0,0,0,6,2026,0,1,1,0,6.0,6.0,0,1714,1567,0,61640.0
4,0,4,3,0,3,8.0,0,1,1,0,1,0,7,2021,0,3,7,0,2.6666666666666665,56.0,0,1661,1611,0,113873.0
1,0,2,2,2,3,12.0,1,0,0,1,1,0,6,2023,0,2,7,1,6.0,84.0,0,1714,1595,0,113873.0
0,2,0,3,2,0,5.0,2,1,1,1,1,0,3,2022,0,4,10,1,1.25,50.0,0,1679,1567,0,117552.0
4,0,1,0,0,1,6.0,2,0,1,1,1,0,8,2023,0,3,8,1,2.0,48.0,0,1661,1531,0,95104.0
4,0,6,3,2,3,6.0,0,0,1,1,1,1,6,2021,0,4,11,1,1.5,66.0,1,1661,676,0,156645.0
1,2,3,1,2,3,9.0,0,0,1,0,0,0,7,2026,0,1,1,0,9.0,9.0,0,1714,1551,0,104227.0
3,3,1,3,2,4,4.0,2,1,0,0,1,0,9,2026,1,2,6,0,2.0,24.0,0,1623,1531,0,93583.0
3,0,1,0,1,3,5.0,2,0,1,1,1,0,2,2021,1,3,8,1,1.6666666666666667,40.0,0,1623,1531,0,131095.0
1,0,4,3,0,2,9.0,2,0,1,1,1,1,3,2022,1,4,11,1,2.25,99.0,1,1714,1611,0,131260.0
3,0,5,3,0,2,5.0,1,0,1,1,0,0,5,2024,1,2,4,0,2.5,20.0,0,1623,1494,0,102973.0
2,0,0,0,3,3,4.0,1,1,1,1,1,0,1,2025,1,4,10,1,1.0,40.0,0,1626,1567,0,129416.0
0,1,5,4,2,2,14.0,1,0,0,1,1,1,2,2022,1,3,10,1,4.666666666666667,140.0,1,1679,1494,0,154590.0
5,2,0,6,2,2,7.0,0,1,0,0,0,1,6,2021,1,2,5,0,3.5,35.0,0,1682,1567,0,140396.0
2,0,6,4,1,2,5.0,2,0,1,1,0,1,11,2021,1,3,7,0,1.6666666666666667,35.0,1,1626,676,0,113873.0
1,2,5,3,2,2,7.0,1,1,1,0,0,0,11,2025,1,2,3,0,3.5,21.0,0,1714,1494,0,75871.0
0,0,2,0,0,3,0.8,3,0,0,1,1,0,7,2022,1,2,7,1,0.4,5.6000000000000005,0,1679,1595,1,176069.0
1,0,4,0,0,1,2.0,2,0,0,0,0,1,2,2024,1,1,3,0,2.0,6.0,0,1714,1611,0,76369.0
1,0,6,6,1,2,10.0,3,0,0,1,1,1,10,2026,0,3,10,1,3.333333333333333,100.0,1,1714,676,0,113873.0
0,2,5,2,2,3,7.0,2,0,1,0,1,0,2,2022,0,2,5,0,3.5,35.0,0,1679,1494,0,153061.0
4,0,0,6,0,1,7.0,0,1,1,1,1,1,2,2021,0,5,13,1,1.4,91.0,1,1661,1567,0,76894.0
5,0,4,6,0,1,8.0,2,0,1,1,0,1,8,2026,0,3,7,0,2.6666666666666665,56.0,1,1682,1611,0,111877.0
2,0,5,3,1,3,1.0,2,0,1,1,0,0,2,2025,0,2,4,0,0.5,4.0,0,1626,1494,0,136328.0
1,1,4,2,0,1,5.7,3,1,0,1,0,1,10,2020,0,3,8,0,1.9,45.6,1,1714,1611,0,77949.0
0,1,0,7,2,3,13.0,2,0,0,1,0,1,10,2022,0,2,6,0,6.5,78.0,1,1679,1567,1,167393.0
1,0,2,6,1,3,9.0,2,1,0,1,0,1,10,2022,0,3,8,0,3.0,72.0,1,1714,1595,0,143700.0
5,1,6,5,2,1,8.0,1,0,0,0,0,1,3,2023,0,1,3,0,8.0,24.0,0,1682,676,0,97981.0
5,0,2,6,1,1,7.0,1,1,1,1,1,1,11,2020,0,5,13,1,1.4,91.0,1,1682,1595,1,202887.5
2,1,5,4,2,3,3.0,3,1,1,0,0,0,12,2024,1,2,3,0,1.5,9.0,0,1626,1494,0,99318.0
2,0,6,2,3,2,9.5,0,0,1,0,1,1,9,2025,1,3,8,0,3.1666666666666665,76.0,0,1626,676,0,121628.0
4,0,2,6,0,1,4.0,0,0,1,1,0,1,1,2025,1,3,7,0,1.3333333333333333,28.0,1,1661,1595,0,97300.0
0,2,1,3,0,2,7.0,2,1,0,0,1,1,5,2025,1,3,9,0,2.333333333333333,63.0,0,1679,1531,0,144884.0
5,2,3,6,0,3,13.0,0,0,0,0,0,1,10,2026,1,1,3,0,13.0,39.0,0,1682,1551,0,145253.0
0,0,2,1,2,3,14.0,0,0,0,0,0,1,5,2023,1,1,3,0,14.0,42.0,0,1679,1595,0,152663.0
3,2,1,6,2,2,7.0,1,1,1,1,0,0,8,2022,1,3,6,0,2.333333333333333,42.0,0,1623,1531,0,92194.0
1,1,0,2,1,2,7.0,0,1,0,1,1,1,10,2020,1,4,12,1,1.75,84.0,1,1714,1567,0,110142.0
2,0,0,1,2,1,12.0,0,1,0,1,1,0,7,2025,1,3,9,1,4.0,108.0,0,1626,1567,0,103365.0
0,0,1,5,2,3,5.0,2,1,1,0,1,1,2,2026,1,4,10,0,1.25,50.0,0,1679,1531,1,181593.0
3,2,4,2,2,2,13.0,3,0,1,1,1,0,3,2026,1,3,8,1,4.333333333333333,104.0,0,1623,1611,0,101455.0
3,2,0,6,0,3,0.0,2,0,0,0,1,1,6,2021,0,2,7,0,0.0,0.0,0,1623,1567,0,128593.0
3,1,5,4,1,2,3.0,1,1,0,1,0,1,5,2025,0,3,8,0,1.0,24.0,1,1623,1494,0,100465.0
2,3,2,5,0,2,2.0,0,1,1,1,0,1,5,2024,1,4,9,0,0.5,18.0,1,1626,1595,0,101197.0
5,2,2,4,0,3,6.0,3,1,1,1,1,1,7,2025,1,5,13,1,1.2,78.0,1,1682,1595,1,182650.0
0,0,0,3,2,2,11.0,1,1,1,0,0,0,8,2024,1,2,3,0,5.5,33.0,0,1679,1567,0,147942.0
5,1,2,1,0,2,1.0,1,1,0,1,0,0,8,2023,1,2,5,0,0.5,5.0,0,1682,1595,0,148948.0
0,0,1,0,2,1,14.0,0,1,1,1,1,1,11,2025,0,5,13,1,2.8,182.0,1,1679,1531,0,128745.0
2,2,1,5,3,2,7.0,2,1,1,1,0,0,12,2021,0,3,6,0,2.333333333333333,42.0,0,1626,1531,0,113873.0
3,3,6,4,2,4,7.0,1,1,0,0,1,0,8,2020,0,2,6,0,3.5,42.0,0,1623,676,0,85993.0
4,0,3,2,0,1,6.0,1,0,1,0,1,1,2,2025,0,3,8,0,2.0,48.0,0,1661,1551,0,113873.0
1,0,5,6,0,3,9.0,2,1,1,1,1,0,11,2024,0,4,10,1,2.25,90.0,0,1714,1494,0,151785.0
5,1,5,5,3,3,10.0,2,1,0,0,0,0,2,2022,0,1,2,0,10.0,20.0,0,1682,1494,0,142500.0
4,2,3,1,2,1,7.0,2,0,0,0,0,1,2,2025,0,1,3,0,7.0,21.0,0,1661,1551,0,61640.0
5,0,5,5,2,1,8.0,1,0,1,1,1,0,2,2023,0,3,8,1,2.6666666666666665,64.0,0,1682,1494,0,116646.0
3,0,3,7,2,4,8.0,0,0,1,1,1,1,3,2023,0,4,11,1,2.0,88.0,1,1623,1551,0,161478.0
0,1,2,4,2,1,10.0,2,0,1,1,0,1,5,2021,0,3,7,0,3.333333333333333,70.0,1,1679,1595,0,115370.0
2,0,5,0,1,1,11.0,2,1,0,1,0,0,9,2026,0,2,5,0,5.5,55.0,0,1626,1494,0,63639.0
5,0,2,7,1,1,9.5,0,1,1,1,0,1,12,2025,0,4,9,0,2.375,85.5,1,1682,1595,0,136015.0
3,2,1,2,0,1,7.0,2,0,0,0,1,0,2,2023,2,1,4,0,7.0,28.0,0,1623,1531,1,202887.5
5,0,4,5,1,3,8.0,1,1,1,0,0,1,2,2026,2,3,6,0,2.6666666666666665,48.0,0,1682,1611,0,148492.0
3,1,0,6,0,1,5.0,0,0,1,0,0,1,7,2022,2,2,4,0,2.5,20.0,0,1623,1567,0,61640.0
5,0,0,1,0,2,2.0,1,1,0,1,1,0,3,2023,2,3,9,1,0.6666666666666666,18.0,0,1682,1567,0,126436.0
2,2,1,6,1,3,0.0,3,1,1,0,0,0,5,2023,1,2,3,0,0.0,0.0,0,1626,1531,0,104557.0
4,0,1,4,0,3,14.0,1,0,0,1,0,1,12,2023,1,2,6,0,7.0,84.0,1,1661,1531,0,120866.0
0,1,1,3,1,0,6.0,2,0,0,1,1,0,11,2021,0,2,7,1,3.0,42.0,0,1679,1531,0,117773.0
1,2,0,3,1,2,3.0,2,1,1,1,0,0,6,2020,0,3,6,0,1.0,18.0,0,1714,1567,0,85389.0
2,0,2,6,3,3,9.0,0,1,1,0,1,0,5,2025,0,3,7,0,3.0,63.0,0,1626,1595,0,118708.0
4,2,2,0,0,2,8.0,2,1,1,0,0,1,5,2024,0,3,6,0,2.6666666666666665,48.0,0,1661,1595,0,82342.0
2,2,0,1,2,1,14.0,2,1,0,1,0,0,8,2020,0,2,5,0,7.0,70.0,0,1626,1567,0,61640.0
0,3,1,4,1,1,4.0,2,0,0,1,0,0,1,2025,0,1,3,0,4.0,12.0,0,1679,1531,0,108796.0
4,1,3,5,0,3,14.0,0,1,1,1,0,1,5,2025,0,4,9,0,3.5,126.0,1,1661,1551,0,125950.0
1,2,1,1,0,1,12.0,0,0,1,1,1,0,8,2026,0,3,8,1,4.0,96.0,0,1714,1531,0,84865.0
4,2,3,1,0,2,7.0,1,1,0,0,1,0,8,2024,0,2,6,0,3.5,42.0,0,1661,1551,1,202887.5
1,0,5,1,0,2,10.0,0,0,1,1,1,0,6,2020,0,3,8,1,3.333333333333333,80.0,0,1714,1494,1,202887.5
0,2,0,3,2,1,5.5,0,0,1,0,0,1,5,2025,0,2,4,0,2.75,22.0,0,1679,1567,0,111000.0
4,0,3,0,2,2,3.0,2,1,0,1,0,1,2,2023,0,3,8,0,1.0,24.0,1,1661,1551,0,100000.0
3,0,4,3,0,1,14.0,0,1,0,1,0,0,8,2021,0,2,5,0,7.0,70.0,0,1623,1611,0,68049.0
4,1,6,2,2,3,13.0,0,0,1,0,0,1,7,2022,0,2,4,0,6.5,52.0,0,1661,676,0,105900.0
2,0,4,7,2,1,0.0,0,0,1,0,1,1,10,2026,0,3,8,0,0.0,0.0,0,1626,1611,0,74319.0
5,2,2,2,1,1,12.0,2,0,1,1,0,1,2,2024,0,3,7,0,4.0,84.0,1,1682,1595,0,111300.0
4,0,1,4,1,3,12.0,1,0,1,1,0,1,7,2020,0,3,7,0,4.0,84.0,1,1661,1531,0,129900.0
1,2,0,1,0,3,8.0,0,0,0,0,0,1,6,2021,0,1,3,0,8.0,24.0,0,1714,1567,0,108900.0
3,2,0,3,1,2,7.0,0,0,1,0,1,0,2,2023,0,2,5,0,3.5,35.0,0,1623,1567,0,93134.0
0,0,2,5,0,2,7.0,1,0,1,1,0,1,12,2021,0,3,7,0,2.333333333333333,49.0,1,1679,1595,0,162071.0
3,0,1,1,1,1,14.0,1,1,0,0,1,0,12,2021,0,2,6,0,7.0,84.0,0,1623,1531,0,64506.0
0,0,0,5,2,1,9.0,1,1,0,1,1,1,4,2026,0,4,12,1,2.25,108.0,1,1679,1567,0,113873.0
0,0,5,1,2,3,11.0,1,1,1,0,0,1,1,2023,0,3,6,0,3.6666666666666665,66.0,0,1679,1494,1,169358.0
5,2,1,5,2,1,8.0,2,1,1,0,0,1,9,2023,0,3,6,0,2.6666666666666665,48.0,0,1682,1531,0,104509.0
5,0,0,3,0,3,5.0,1,1,1,1,1,0,10,2023,0,4,10,1,1.25,50.0,0,1682,1567,1,165135.0
3,0,6,2,1,3,2.0,1,0,1,1,1,0,1,2023,0,3,8,1,0.6666666666666666,16.0,0,1623,676,0,132241.0
4,0,0,4,2,3,1.0,1,0,0,0,1,0,2,2024,0,1,4,0,1.0,4.0,0,1661,1567,0,126970.0
5,0,3,5,1,1,4.0,1,1,0,0,1,1,3,2021,0,3,9,0,1.3333333333333333,36.0,0,1682,1551,0,133906.0
5,1,5,1,0,1,7.0,1,0,1,0,0,0,3,2024,0,1,1,0,7.0,7.0,0,1682,1494,0,89091.0
2,0,4,6,3,2,5.0,1,0,0,0,1,0,7,2024,0,1,4,0,5.0,20.0,0,1626,1611,1,202887.5
1,0,0,1,1,2,9.0,0,0,0,1,1,1,11,2026,0,3,10,1,3.0,90.0,1,1714,1567,0,117988.0
3,0,5,0,0,2,11.0,0,0,1,0,0,1,1,2020,0,2,4,0,5.5,44.0,0,1623,1494,0,108525.0
3,2,0,4,2,3,10.0,0,1,0,0,1,0,3,2020,0,2,6,0,5.0,60.0,0,1623,1567,0,114501.0
5,1,0,2,1,2,4.3,2,1,1,1,0,1,9,2021,0,4,9,0,1.075,38.7,1,1682,1567,0,140929.0
3,0,2,6,0,1,10.0,0,0,1,1,0,1,12,2021,1,3,7,0,3.333333333333333,70.0,1,1623,1595,0,82100.0
5,0,3,3,0,1,7.0,2,0,1,0,0,1,3,2023,1,2,4,0,3.5,28.0,0,1682,1551,0,98073.0
3,1,1,6,2,3,0.0,1,1,1,0,0,0,6,2026,1,2,3,0,0.0,0.0,0,1623,1531,0,101130.0
4,1,4,2,0,2,0.0,1,0,1,1,0,0,4,2023,1,2,4,0,0.0,0.0,0,1661,1611,0,88079.0
2,1,3,1,1,2,0.0,2,0,0,0,1,0,5,2020,1,1,4,0,0.0,0.0,0,1626,1551,0,87700.0
3,2,0,6,1,2,6.0,1,1,0,0,0,1,7,2023,1,2,5,0,3.0,30.0,0,1623,1567,0,80012.0
0,1,2,7,2,4,12.0,2,1,0,1,1,1,5,2020,1,4,12,1,3.0,144.0,1,1679,1595,0,123820.0
1,0,4,7,0,1,12.0,0,0,0,1,0,1,11,2020,1,2,6,0,6.0,72.0,1,1714,1611,0,76382.0
1,2,4,4,0,3,8.0,2,0,0,1,0,1,11,2025,1,2,6,0,4.0,48.0,1,1714,1611,0,122418.0
0,0,2,4,0,2,7.0,2,1,0,0,1,0,9,2022,1,2,6,0,3.5,42.0,0,1679,1595,0,129407.0
0,1,4,2,2,3,7.0,0,1,1,0,0,1,7,2025,1,3,6,0,2.333333333333333,42.0,0,1679,1611,0,150892.0
5,1,3,3,1,1,12.0,2,0,0,1,0,1,9,2022,0,2,6,0,6.0,72.0,1,1682,1551,1,202887.5
3,2,0,4,0,3,13.0,2,1,0,1,0,0,7,2022,0,2,5,0,6.5,65.0,0,1623,1567,0,115553.0
0,1,4,3,2,3,4.5,2,0,1,1,0,1,10,2026,0,3,7,0,1.5,31.5,1,1679,1611,0,149986.0
2,0,1,6,0,3,2.0,2,0,1,1,1,0,12,2025,0,3,8,1,0.6666666666666666,16.0,0,1626,1531,0,126793.0
3,2,0,5,2,2,2.0,1,1,0,1,0,1,1,2026,0,3,8,0,0.6666666666666666,16.0,1,1623,1567,0,102500.0
0,3,0,4,0,2,7.0,1,1,1,1,0,0,3,2020,0,3,6,0,2.333333333333333,42.0,0,1679,1567,0,147428.0
2,2,5,7,2,3,5.0,0,0,0,0,1,1,5,2026,0,2,7,0,2.5,35.0,0,1626,1494,0,127133.0
2,3,2,7,1,2,0.0,1,0,0,1,0,1,4,2021,0,2,6,0,0.0,0.0,1,1626,1595,0,95910.0
4,1,2,0,0,3,14.0,3,0,0,1,1,1,3,2026,2,3,10,1,4.666666666666667,140.0,1,1661,1595,0,128828.0
4,0,1,4,0,2,13.7,1,1,0,0,1,0,5,2026,2,2,6,0,6.85,82.19999999999999,0,1661,1531,0,108174.0
4,1,5,3,0,2,12.0,0,0,1,1,1,1,3,2021,2,4,11,1,3.0,132.0,1,1661,1494,0,99411.0
2,0,2,0,1,3,3.8,1,0,1,1,1,1,7,2021,0,4,11,1,0.95,41.8,1,1626,1595,1,164863.0
4,0,0,5,2,2,11.0,0,1,0,0,0,1,4,2026,0,2,5,0,5.5,55.0,0,1661,1567,0,109277.0
0,1,0,0,1,2,7.0,1,0,1,0,0,1,6,2026,0,2,4,0,3.5,28.0,0,1679,1567,0,61640.0
3,0,2,5,1,1,13.0,1,1,1,0,1,1,10,2025,0,4,10,0,3.25,130.0,0,1623,1595,0,79660.0
3,1,0,5,2,2,7.0,2,0,0,0,1,1,5,2020,0,2,7,0,3.5,49.0,0,1623,1567,0,92700.0
3,3,2,5,2,1,10.0,2,0,0,1,1,1,9,2026,0,3,10,1,3.333333333333333,100.0,1,1623,1595,0,82809.0
1,3,1,1,1,3,0.0,0,0,1,0,0,1,2,2023,0,2,4,0,0.0,0.0,0,1714,1531,0,141063.0
4,0,5,5,1,3,7.0,3,0,0,1,1,1,8,2022,0,3,10,1,2.333333333333333,70.0,1,1661,1494,0,113873.0
5,0,4,5,0,1,7.0,2,0,0,0,0,1,6,2021,0,1,3,0,7.0,21.0,0,1682,1611,0,133992.0
1,2,0,7,2,1,6.0,0,0,0,1,1,0,11,2021,0,2,7,1,3.0,42.0,0,1714,1567,0,84190.0
0,1,5,0,1,1,5.0,3,1,1,1,0,1,6,2026,0,4,9,0,1.25,45.0,1,1679,1494,0,109043.0
4,0,2,4,3,2,9.0,2,0,1,1,1,1,6,2023,0,4,11,1,2.25,99.0,1,1661,1595,0,131261.0
2,2,0,5,1,1,3.0,0,0,1,1,0,1,4,2026,0,3,7,0,1.0,21.0,1,1626,1567,0,79866.0
1,2,5,3,0,1,5.0,2,1,1,1,0,1,2,2020,0,4,9,0,1.25,45.0,1,1714,1494,0,113873.0
4,0,2,5,0,3,14.0,0,0,1,0,1,1,1,2023,0,3,8,0,4.666666666666667,112.0,0,1661,1595,0,149831.0
3,1,2,0,2,1,2.0,0,0,0,1,0,1,6,2026,0,2,6,0,1.0,12.0,1,1623,1595,0,65978.0
0,2,5,4,1,3,12.0,3,0,1,1,0,0,2,2021,0,2,4,0,6.0,48.0,0,1679,1494,0,158025.0
2,1,3,4,3,2,13.0,3,0,1,1,0,1,5,2020,0,3,7,0,4.333333333333333,91.0,1,1626,1551,0,102269.0
0,1,3,3,1,0,6.0,3,1,0,0,0,0,12,2020,0,1,2,0,6.0,12.0,0,1679,1551,0,85442.0
1,1,6,3,2,3,4.0,0,1,1,1,0,0,1,2025,0,3,6,0,1.3333333333333333,24.0,0,1714,676,0,130598.0
3,1,5,1,2,3,4.0,2,0,1,1,1,0,12,2024,0,3,8,1,1.3333333333333333,32.0,0,1623,1494,0,130639.0
4,0,3,0,0,3,7.0,0,0,0,0,0,1,8,2026,0,1,3,0,7.0,21.0,0,1661,1551,0,125350.0
5,2,3,5,1,1,7.0,0,0,0,1,1,0,6,2026,0,2,7,1,3.5,49.0,0,1682,1551,0,122732.0
1,1,2,6,3,1,0.0,0,1,1,0,1,1,3,2024,0,4,10,0,0.0,0.0,0,1714,1595,0,77818.0
3,0,5,5,1,1,9.0,2,1,0,1,0,1,10,2021,0,3,8,0,3.0,72.0,1,1623,1494,0,79691.0
2,1,3,7,1,1,9.0,1,1,1,1,0,0,1,2024,0,3,6,0,3.0,54.0,0,1626,1551,0,61841.0
3,2,5,1,2,3,6.0,0,1,1,0,0,0,7,2024,0,2,3,0,3.0,18.0,0,1623,1494,0,114842.0
2,2,3,2,0,2,4.0,2,1,1,0,0,0,4,2026,0,2,3,0,2.0,12.0,0,1626,1551,0,88937.0
5,0,5,0,1,3,7.0,0,0,1,1,1,0,7,2026,0,3,8,1,2.333333333333333,56.0,0,1682,1494,1,170660.0
4,0,6,6,3,2,12.0,3,0,0,0,1,1,8,2024,0,2,7,0,6.0,84.0,0,1661,676,0,101214.0
4,2,4,0,2,2,6.0,1,1,1,1,0,1,5,2024,0,4,9,0,1.5,54.0,1,1661,1611,0,97562.0
0,2,3,4,0,4,3.0,2,0,1,0,1,1,4,2024,0,3,8,0,1.0,24.0,0,1679,1551,0,117267.0
5,2,1,5,1,1,11.0,0,1,1,1,1,0,4,2020,0,4,10,1,2.75,110.0,0,1682,1531,0,119680.0
0,2,3,6,0,1,3.0,3,1,0,1,1,1,7,2023,0,4,12,1,0.75,36.0,1,1679,1551,0,128283.0
1,3,2,2,0,2,1.0,1,0,0,0,1,1,1,2020,0,2,7,0,0.5,7.0,0,1714,1595,0,103907.0
5,0,5,0,1,4,5.0,0,1,0,1,1,1,4,2023,0,4,12,1,1.25,60.0,1,1682,1494,0,154125.0
2,2,1,7,2,1,3.0,1,1,0,1,1,1,5,2024,0,4,12,1,0.75,36.0,1,1626,1531,0,91306.0
1,0,5,7,0,3,1.0,1,1,1,0,1,0,3,2023,0,3,7,0,0.3333333333333333,7.0,0,1714,1494,0,61640.0
4,2,0,4,0,3,6.0,2,0,1,1,1,0,10,2023,0,3,8,1,2.0,48.0,0,1661,1567,0,132465.0
2,1,2,2,2,2,2.0,0,1,1,1,1,1,1,2026,0,5,13,1,0.4,26.0,1,1626,1595,0,114121.0
3,0,4,6,0,2,7.0,0,1,1,0,0,1,3,2025,0,3,6,0,2.333333333333333,42.0,0,1623,1611,0,61640.0
5,1,2,2,2,1,0.0,0,0,0,1,0,0,1,2022,0,1,3,0,0.0,0.0,0,1682,1595,0,113873.0
4,0,0,7,0,1,10.0,2,0,0,1,0,0,4,2026,0,1,3,0,10.0,30.0,0,1661,1567,1,202887.5
1,1,5,6,1,3,7.0,1,0,0,0,0,1,5,2024,1,1,3,0,7.0,21.0,0,1714,1494,0,109697.0
0,2,4,4,1,3,3.0,2,1,1,1,0,1,4,2023,1,4,9,0,0.75,27.0,1,1679,1611,1,167302.0
5,2,4,5,1,0,9.0,1,1,1,0,1,1,7,2023,1,4,10,0,2.25,90.0,0,1682,1611,0,118875.0
3,0,4,4,1,1,2.0,1,1,0,1,0,0,7,2023,1,2,5,0,1.0,10.0,0,1623,1611,0,86702.0
0,2,6,0,2,3,7.0,1,1,0,0,0,1,1,2021,2,2,5,0,3.5,35.0,0,1679,676,0,149094.0
3,0,0,5,0,1,2.0,1,1,1,1,0,0,8,2021,2,3,6,0,0.6666666666666666,12.0,0,1623,1567,0,104429.0
5,0,0,2,2,1,14.0,0,1,0,0,0,1,8,2021,2,2,5,0,7.0,70.0,0,1682,1567,0,95944.0
6,1,1,0,0,1,7.0,1,0,0,1,0,1,9,2021,2,2,6,0,3.5,42.0,1,40,1531,0,114473.0
1,2,4,3,0,1,2.0,0,1,0,1,0,1,9,2026,2,3,8,0,0.6666666666666666,16.0,1,1714,1611,0,74865.0
5,0,0,6,2,2,7.0,2,1,1,1,1,0,8,2022,2,4,10,1,1.75,70.0,0,1682,1567,1,202887.5
1,2,6,4,0,2,10.0,2,1,1,0,0,1,8,2020,2,3,6,0,3.333333333333333,60.0,0,1714,676,0,87603.0
1,0,0,3,2,1,6.5,1,0,0,1,1,1,9,2026,2,3,10,1,2.1666666666666665,65.0,1,1714,1567,0,113861.0
1,1,5,5,0,3,9.0,0,1,1,1,0,1,11,2021,2,4,9,0,2.25,81.0,1,1714,1494,0,121210.0
5,2,3,1,1,4,7.0,2,0,1,1,1,0,11,2020,2,3,8,1,2.333333333333333,56.0,0,1682,1551,1,202887.5
3,0,4,7,2,2,10.5,1,0,0,1,0,0,9,2024,2,1,3,0,10.5,31.5,0,1623,1611,0,112262.0
2,0,1,4,1,0,3.0,0,1,0,0,1,1,4,2020,2,3,9,0,1.0,27.0,0,1626,1531,0,99319.0
2,1,5,2,1,4,13.0,1,0,0,0,0,1,12,2020,2,1,3,0,13.0,39.0,0,1626,1494,0,61640.0
4,0,2,2,2,2,11.0,3,1,0,0,1,1,7,2021,2,3,9,0,3.6666666666666665,99.0,0,1661,1595,0,116868.0
0,3,1,0,2,2,9.0,0,0,0,1,1,1,7,2022,2,3,10,1,3.0,90.0,1,1679,1531,1,202887.5
3,1,2,1,1,2,8.0,2,1,0,0,0,0,8,2023,2,1,2,0,8.0,16.0,0,1623,1595,0,79865.0
4,0,0,6,2,1,7.0,0,0,1,0,0,1,6,2023,2,2,4,0,3.5,28.0,0,1661,1567,0,63100.0
3,0,2,4,2,3,3.0,0,0,0,0,0,1,1,2021,2,1,3,0,3.0,9.0,0,1623,1595,0,114178.0
5,2,5,0,2,2,14.0,0,0,1,0,0,1,12,2022,0,2,4,0,7.0,56.0,0,1682,1494,0,114200.0
2,2,3,0,0,1,8.0,0,1,1,1,0,1,11,2022,2,4,9,0,2.0,72.0,1,1626,1551,0,70033.0
3,2,5,4,2,1,7.0,2,1,1,1,1,0,6,2024,2,4,10,1,1.75,70.0,0,1623,1494,0,75461.0
3,2,4,7,0,3,7.0,3,1,1,1,1,1,11,2023,1,5,13,1,1.4,91.0,1,1623,1611,0,127823.0
2,2,3,0,2,2,0.0,1,0,1,1,1,0,4,2020,1,3,8,1,0.0,0.0,0,1626,1551,0,100717.0
1,2,4,5,0,3,11.0,0,0,1,0,1,0,1,2024,1,2,5,0,5.5,55.0,0,1714,1611,1,202887.5
0,2,5,3,2,2,14.0,1,0,1,1,0,1,5,2022,1,3,7,0,4.666666666666667,98.0,1,1679,1494,0,140068.0
1,3,0,5,2,3,10.0,0,1,0,1,0,0,4,2026,1,2,5,0,5.0,50.0,0,1714,1567,0,95953.0
3,3,0,5,2,2,5.0,0,1,0,0,1,0,7,2024,1,2,6,0,2.5,30.0,0,1623,1567,0,91741.0
5,0,3,7,1,3,3.0,1,0,1,1,0,1,7,2020,1,3,7,0,1.0,21.0,1,1682,1551,1,182148.0
1,2,5,4,2,1,13.5,2,0,0,1,0,0,2,2020,1,1,3,0,13.5,40.5,0,1714,1494,0,63378.0
3,2,4,0,2,4,0.0,1,1,0,0,0,1,2,2022,1,2,5,0,0.0,0.0,0,1623,1611,0,102986.0
3,0,1,2,2,1,10.0,1,0,1,0,0,0,12,2020,1,1,1,0,10.0,10.0,0,1623,1531,0,70355.0
4,3,1,4,2,3,14.0,1,1,1,1,0,1,9,2021,2,4,9,0,3.5,126.0,1,1661,1531,0,146753.0
0,2,3,4,0,1,1.0,2,0,1,0,0,0,8,2021,1,1,1,0,1.0,1.0,0,1679,1551,0,88401.0
0,3,6,6,0,1,12.0,1,0,1,1,0,0,9,2020,1,2,4,0,6.0,48.0,0,1679,676,0,126033.0
3,2,5,0,3,3,7.0,3,1,1,1,1,1,11,2020,1,5,13,1,1.4,91.0,1,1623,1494,0,127652.0
4,1,0,5,0,4,14.0,2,1,1,1,0,1,1,2020,1,4,9,0,3.5,126.0,1,1661,1567,0,74177.0
2,0,2,4,2,2,7.0,1,0,1,0,1,1,4,2026,2,3,8,0,2.333333333333333,56.0,0,1626,1595,0,121358.0
2,0,5,3,2,2,3.0,2,1,1,1,1,0,4,2023,2,4,10,1,0.75,30.0,0,1626,1494,0,127877.0
2,1,2,2,0,4,12.0,0,0,0,1,0,0,5,2022,2,1,3,0,12.0,36.0,0,1626,1595,0,86444.0
1,0,0,0,1,2,14.0,2,0,0,1,0,1,1,2024,2,2,6,0,7.0,84.0,1,1714,1567,0,110799.0
5,2,3,5,3,3,0.0,1,0,1,0,0,1,1,2024,1,2,4,0,0.0,0.0,0,1682,1551,0,162124.0
2,1,5,1,1,1,8.0,1,1,1,0,1,1,1,2024,1,4,10,0,2.0,80.0,0,1626,1494,0,73942.0
4,2,4,6,1,3,5.0,2,0,1,1,1,0,2,2020,1,3,8,1,1.6666666666666667,40.0,0,1661,1611,0,133969.0
0,0,4,5,1,2,3.0,1,1,0,0,1,1,2,2020,1,3,9,0,1.0,27.0,0,1679,1611,1,202887.5
4,2,1,0,3,3,14.0,1,0,1,1,0,1,11,2020,1,3,7,0,4.666666666666667,98.0,1,1661,1531,0,128146.0
4,1,3,1,1,3,3.0,2,0,1,1,1,0,1,2022,0,3,8,1,1.0,24.0,0,1661,1551,0,132354.0
2,3,6,4,1,2,7.0,1,0,0,0,1,1,7,2021,0,2,7,0,3.5,49.0,0,1626,676,0,106740.0
0,0,1,4,0,3,9.0,2,1,0,0,1,1,11,2021,0,3,9,0,3.0,81.0,0,1679,1531,1,186400.0
2,2,1,6,1,3,7.0,0,0,1,0,1,0,1,2021,0,2,5,0,3.5,35.0,0,1626,1531,0,113873.0
2,0,5,6,2,3,5.1,0,0,0,0,0,1,2,2024,0,1,3,0,5.1,15.3,0,1626,1494,0,124223.0
1,2,3,2,2,2,9.0,1,0,1,0,1,1,2,2025,0,3,8,0,3.0,72.0,0,1714,1551,0,95775.0
4,2,2,4,1,3,0.0,2,0,1,0,0,1,9,2024,0,2,4,0,0.0,0.0,0,1661,1595,0,113376.0
3,0,2,0,1,2,12.0,0,0,1,1,0,1,4,2024,0,3,7,0,4.0,84.0,1,1623,1595,0,131545.0
4,0,0,5,0,3,12.0,0,0,1,0,1,1,3,2025,0,3,8,0,4.0,96.0,0,1661,1567,0,149121.0
0,3,6,1,0,3,0.0,2,1,1,1,0,1,3,2022,0,4,9,0,0.0,0.0,1,1679,676,1,176715.0
3,3,2,3,1,0,9.0,0,0,0,1,0,1,6,2023,2,2,6,0,4.5,54.0,1,1623,1595,0,97234.0
2,0,5,5,1,1,7.0,2,0,1,1,0,1,5,2024,2,3,7,0,2.333333333333333,49.0,1,1626,1494,0,77237.0
5,1,4,6,0,3,11.0,3,0,1,0,0,0,8,2023,2,1,1,0,11.0,11.0,0,1682,1611,1,202887.5
1,2,2,4,1,3,4.0,0,1,1,0,0,1,1,2021,2,3,6,0,1.3333333333333333,24.0,0,1714,1595,0,107365.0
1,3,1,6,0,2,7.0,2,1,1,1,1,0,3,2021,2,4,10,1,1.75,70.0,0,1714,1531,0,109914.0
2,2,3,0,2,2,7.0,0,1,0,0,0,1,1,2025,2,2,5,0,3.5,35.0,0,1626,1551,0,86050.0
1,0,2,6,0,2,10.0,1,0,1,1,0,1,5,2020,2,3,7,0,3.333333333333333,70.0,1,1714,1595,0,105124.0
0,2,4,2,3,2,12.0,1,0,1,1,0,1,2,2024,2,3,7,0,4.0,84.0,1,1679,1611,0,152765.0
5,0,1,5,1,3,3.0,0,0,0,0,0,1,9,2024,0,1,3,0,3.0,9.0,0,1682,1531,0,143495.0
3,2,2,5,3,2,0.0,1,0,1,0,0,1,8,2026,0,2,4,0,0.0,0.0,0,1623,1595,0,94089.0
0,0,4,6,1,2,2.0,3,1,1,0,1,1,1,2023,0,4,10,0,0.5,20.0,0,1679,1611,0,137688.0
4,1,4,6,1,1,14.0,1,0,1,1,0,1,2,2023,2,3,7,0,4.666666666666667,98.0,1,1661,1611,0,76506.0
1,2,4,0,1,3,7.0,2,1,1,1,0,0,11,2026,1,3,6,0,2.333333333333333,42.0,0,1714,1611,0,104462.0
3,1,0,5,1,1,10.0,1,0,1,1,0,0,8,2022,0,2,4,0,5.0,40.0,0,1623,1567,0,61640.0
1,0,0,3,1,3,7.0,1,0,0,1,0,0,7,2023,0,1,3,0,7.0,21.0,0,1714,1567,0,113873.0
1,2,4,5,2,3,5.0,2,1,1,0,0,1,10,2021,0,3,6,0,1.6666666666666667,30.0,0,1714,1611,0,109723.0
2,0,4,1,3,2,2.0,1,0,0,1,0,0,7,2020,0,1,3,0,2.0,6.0,0,1626,1611,0,93905.0
1,3,5,1,2,3,11.0,0,0,1,0,1,1,5,2024,2,3,8,0,3.6666666666666665,88.0,0,1714,1494,0,113873.0
3,2,2,2,2,1,4.0,1,0,1,0,0,1,5,2020,1,2,4,0,2.0,16.0,0,1623,1595,0,61640.0
3,0,2,2,2,3,0.0,1,1,1,1,0,1,1,2025,1,4,9,0,0.0,0.0,1,1623,1595,0,121958.0
0,1,1,5,3,3,7.0,2,1,0,0,1,1,3,2020,1,3,9,0,2.333333333333333,63.0,0,1679,1531,0,161000.0
0,0,2,2,0,3,7.0,1,0,0,0,1,1,7,2022,1,2,7,0,3.5,49.0,0,1679,1595,0,113873.0
1,1,1,3,3,1,0.0,0,0,1,1,1,0,11,2023,1,3,8,1,0.0,0.0,0,1714,1531,0,76783.0
3,0,4,1,1,3,8.0,0,0,1,0,0,1,11,2025,1,2,4,0,4.0,32.0,0,1623,1611,0,113873.0
5,0,1,5,1,1,11.0,1,1,0,0,1,0,6,2021,1,2,6,0,5.5,66.0,0,1682,1531,0,102553.0
3,2,5,2,0,1,14.0,2,0,1,0,0,0,7,2021,1,1,1,0,14.0,14.0,0,1623,1494,0,63700.0
2,0,5,6,0,2,5.0,1,1,1,1,1,0,1,2025,1,4,10,1,1.25,50.0,0,1626,1494,0,124819.0
4,2,1,5,2,1,12.0,1,1,0,0,0,1,4,2022,1,2,5,0,6.0,60.0,0,1661,1531,0,61646.0
5,1,4,2,0,4,7.0,2,1,0,0,1,1,8,2021,1,3,9,0,2.333333333333333,63.0,0,1682,1611,0,142720.0
5,3,0,6,3,3,11.0,0,0,0,1,0,1,11,2026,1,2,6,0,5.5,66.0,1,1682,1567,1,172218.0
3,2,3,5,1,3,0.0,2,0,1,0,0,1,1,2023,1,2,4,0,0.0,0.0,0,1623,1551,1,202887.5
2,1,3,3,2,2,13.0,0,0,1,1,0,0,3,2026,1,2,4,0,6.5,52.0,0,1626,1551,0,95093.0
5,0,0,5,1,2,12.0,2,0,1,1,1,0,10,2021,1,3,8,1,4.0,96.0,0,1682,1567,0,113873.0
0,1,3,5,0,2,2.0,0,0,1,1,1,1,3,2024,1,4,11,1,0.5,22.0,1,1679,1551,0,143730.0
4,0,0,2,0,3,3.0,0,0,0,1,0,1,5,2023,1,2,6,0,1.5,18.0,1,1661,1567,0,122279.0
0,0,4,6,1,4,6.0,3,0,1,1,0,1,6,2021,1,3,7,0,2.0,42.0,1,1679,1611,1,169634.0
1,2,4,2,1,1,1.0,2,1,1,1,0,1,10,2022,1,4,9,0,0.25,9.0,1,1714,1611,0,89459.0
4,2,3,7,2,2,2.0,1,0,0,1,1,0,1,2023,1,2,7,1,1.0,14.0,0,1661,1551,1,202887.5
1,0,5,4,2,3,9.2,1,0,0,1,0,1,7,2024,1,2,6,0,4.6,55.2,1,1714,1494,0,100149.0
5,1,4,0,0,3,4.0,0,0,1,0,1,0,12,2021,1,2,5,0,2.0,20.0,0,1682,1611,0,150734.0
4,0,1,4,0,2,11.0,1,1,0,1,1,0,10,2021,1,3,9,1,3.6666666666666665,99.0,0,1661,1531,0,106389.0
5,2,2,5,2,3,3.0,1,0,0,1,0,1,10,2026,1,2,6,0,1.5,18.0,1,1682,1595,0,154876.0
0,2,0,4,0,2,2.0,2,1,1,1,1,1,12,2021,1,5,13,1,0.4,26.0,1,1679,1567,0,152139.0
4,0,3,3,0,1,7.0,1,1,1,1,0,1,12,2021,1,4,9,0,1.75,63.0,1,1661,1551,0,73546.0
0,0,2,4,0,3,3.0,3,1,1,1,1,1,7,2023,1,5,13,1,0.6,39.0,1,1679,1595,1,195446.0
3,0,5,4,1,2,1.0,1,1,0,1,0,1,9,2025,0,3,8,0,0.3333333333333333,8.0,1,1623,1494,0,121016.0
3,2,2,0,1,1,0.0,3,0,1,1,1,0,7,2022,0,3,8,1,0.0,0.0,0,1623,1595,0,80223.0
1,0,4,5,2,3,11.0,0,0,1,0,0,1,1,2024,2,2,4,0,5.5,44.0,0,1714,1611,1,202887.5
3,2,5,1,2,0,7.0,1,0,0,1,1,1,8,2024,2,3,10,1,2.333333333333333,70.0,1,1623,1494,0,89227.0
1,3,2,6,1,3,0.0,1,1,1,0,0,0,11,2025,1,2,3,0,0.0,0.0,0,1714,1595,0,97318.0
1,2,4,1,1,1,2.0,2,0,1,0,0,1,1,2025,1,2,4,0,1.0,8.0,0,1714,1611,0,61640.0
2,0,5,3,2,2,1.9,1,0,1,0,0,1,3,2020,1,2,4,0,0.95,7.6,0,1626,1494,0,91215.0
4,2,2,7,2,2,13.0,2,0,1,0,1,0,1,2022,0,2,5,0,6.5,65.0,0,1661,1595,0,94939.0
2,2,5,2,0,3,4.0,0,0,1,0,1,1,5,2022,0,3,8,0,1.3333333333333333,32.0,0,1626,1494,0,125493.0
4,0,5,5,0,1,11.0,2,1,1,0,1,0,10,2026,0,3,7,0,3.6666666666666665,77.0,0,1661,1494,0,84606.0
3,2,3,5,2,3,5.0,3,0,1,1,0,0,5,2023,0,2,4,0,2.5,20.0,0,1623,1551,0,110255.0
2,0,4,5,2,3,3.0,2,0,0,0,1,0,8,2023,0,1,4,0,3.0,12.0,0,1626,1611,0,138914.0
2,2,1,4,1,2,7.0,2,0,1,1,1,1,1,2022,0,4,11,1,1.75,77.0,1,1626,1531,0,61640.0
2,3,3,6,1,2,7.0,3,1,0,1,0,1,7,2024,0,3,8,0,2.333333333333333,56.0,1,1626,1551,0,101749.0
2,2,2,0,2,2,4.0,0,0,0,0,1,0,11,2024,0,1,4,0,4.0,16.0,0,1626,1595,0,85913.0
4,0,2,0,2,2,6.0,0,0,1,1,1,0,1,2023,0,3,8,1,2.0,48.0,0,1661,1595,0,106734.0
1,0,1,6,2,2,7.0,0,1,1,0,1,0,11,2025,0,3,7,0,2.333333333333333,49.0,0,1714,1531,0,113600.0
3,0,4,7,2,3,6.0,2,0,1,1,0,1,9,2024,0,3,7,0,2.0,42.0,1,1623,1611,0,125161.0
4,3,5,7,1,2,11.0,0,1,1,0,1,0,10,2022,0,3,7,0,3.6666666666666665,77.0,0,1661,1494,0,89945.0
2,0,4,6,1,2,6.0,1,1,1,1,0,1,3,2024,0,4,9,0,1.5,54.0,1,1626,1611,0,134904.0
2,2,2,4,3,2,7.0,3,0,1,1,0,0,12,2023,0,2,4,0,3.5,28.0,0,1626,1595,0,71757.0
2,0,3,7,1,3,4.0,2,1,1,1,1,1,12,2020,0,5,13,1,0.8,52.0,1,1626,1551,0,153429.0
2,0,5,2,1,2,0.0,2,1,1,0,1,1,9,2026,0,4,10,0,0.0,0.0,0,1626,1494,0,123287.0
2,2,4,3,0,2,6.0,0,0,1,0,1,0,4,2026,0,2,5,0,3.0,30.0,0,1626,1611,0,93314.0
4,0,4,5,2,3,4.0,1,1,1,1,1,0,8,2021,0,4,10,1,1.0,40.0,0,1661,1611,0,113873.0
2,0,2,5,0,3,10.0,0,1,1,1,0,1,2,2021,0,4,9,0,2.5,90.0,1,1626,1595,0,145877.0
1,0,3,4,2,3,7.0,1,0,1,1,0,1,2,2024,0,3,7,0,2.333333333333333,49.0,1,1714,1551,0,127911.0
1,0,4,6,1,1,8.0,0,1,1,0,0,1,1,2023,2,3,6,0,2.6666666666666665,48.0,0,1714,1611,0,83297.0
4,1,3,0,0,2,12.0,0,1,0,0,0,0,1,2026,2,1,2,0,12.0,24.0,0,1661,1551,0,70340.0
0,0,0,0,1,4,7.0,2,1,0,1,0,1,8,2021,2,3,8,0,2.333333333333333,56.0,1,1679,1567,0,135257.0
2,1,1,4,1,3,6.0,2,0,1,0,0,1,1,2021,1,2,4,0,3.0,24.0,0,1626,1531,0,113253.0
5,0,1,0,2,1,1.0,2,1,1,1,0,0,10,2023,1,3,6,0,0.3333333333333333,6.0,0,1682,1531,0,125793.0
4,2,3,6,2,1,14.0,3,0,1,0,1,0,8,2024,1,2,5,0,7.0,70.0,0,1661,1551,0,64701.0
1,0,3,6,2,2,7.0,2,0,1,0,1,1,8,2026,1,3,8,0,2.333333333333333,56.0,0,1714,1551,0,113873.0
4,2,3,4,2,1,7.0,1,0,1,1,0,0,8,2023,1,2,4,0,3.5,28.0,0,1661,1551,0,61640.0
1,0,2,5,2,3,5.0,0,0,0,1,1,1,4,2026,1,3,10,1,1.6666666666666667,50.0,1,1714,1595,0,139052.0
4,0,1,1,2,3,4.0,1,1,0,1,0,0,8,2023,1,2,5,0,2.0,20.0,0,1661,1531,0,130396.0
1,0,1,7,0,3,4.0,2,0,1,1,0,0,1,2025,1,2,4,0,2.0,16.0,0,1714,1531,0,113873.0
5,0,1,3,1,2,14.0,1,1,0,1,0,0,1,2022,1,2,5,0,7.0,70.0,0,1682,1531,0,125784.0
3,0,2,3,2,1,7.0,0,0,1,0,1,1,1,2022,1,3,8,0,2.333333333333333,56.0,0,1623,1595,0,91312.0
1,1,0,3,0,1,14.0,0,0,1,0,1,1,5,2024,2,3,8,0,4.666666666666667,112.0,0,1714,1567,0,77991.0
0,2,1,3,1,4,2.0,0,1,0,0,1,1,5,2025,2,3,9,0,0.6666666666666666,18.0,0,1679,1531,0,144011.0
5,0,5,4,1,2,12.0,2,0,1,1,1,0,8,2023,2,3,8,1,4.0,96.0,0,1682,1494,1,163481.0
0,0,5,7,2,1,7.0,3,0,1,1,0,1,6,2023,2,3,7,0,2.333333333333333,49.0,1,1679,1494,0,116592.0
5,2,1,0,3,3,11.0,0,0,0,0,0,1,2,2026,2,1,3,0,11.0,33.0,0,1682,1531,0,148503.0
2,2,3,0,2,2,3.0,0,1,0,0,0,0,2,2022,1,1,2,0,3.0,6.0,0,1626,1551,0,78667.0
5,0,4,3,0,1,9.0,0,1,1,0,0,1,1,2022,1,3,6,0,3.0,54.0,0,1682,1611,0,110683.0
2,0,4,2,2,3,7.0,2,0,1,1,1,1,12,2021,1,4,11,1,1.75,77.0,1,1626,1611,1,163401.0
3,2,5,6,2,3,13.3,2,0,0,1,0,1,4,2021,1,2,6,0,6.65,79.80000000000001,1,1623,1494,0,128630.0
1,0,5,6,1,3,10.1,1,1,0,1,1,0,1,2026,1,3,9,1,3.3666666666666667,90.9,0,1714,1494,0,151524.0
0,2,5,6,1,1,11.0,1,0,0,1,0,0,1,2021,1,1,3,0,11.0,33.0,0,1679,1494,0,118841.0
3,2,0,3,0,1,9.0,1,0,1,1,0,0,6,2021,1,2,4,0,4.5,36.0,0,1623,1567,0,69427.0
4,2,3,0,1,2,4.0,1,1,1,1,1,0,4,2021,0,4,10,1,1.0,40.0,0,1661,1551,1,202887.5
5,2,3,5,1,2,3.0,1,0,1,0,0,0,10,2022,0,1,1,0,3.0,3.0,0,1682,1551,0,130091.0
0,0,0,5,1,2,9.0,2,0,1,1,0,1,12,2021,0,3,7,0,3.0,63.0,1,1679,1567,0,138088.0
0,1,2,2,1,2,3.0,1,1,1,0,0,1,1,2024,1,3,6,0,1.0,18.0,0,1679,1595,0,125816.0
5,2,1,4,3,1,4.0,2,0,1,1,0,0,4,2023,1,2,4,0,2.0,16.0,0,1682,1531,0,101658.0
1,0,2,3,2,2,12.0,2,1,0,0,0,1,7,2022,1,2,5,0,6.0,60.0,0,1714,1595,0,85362.0
0,0,0,1,2,2,9.3,0,0,1,1,1,1,7,2021,1,4,11,1,2.325,102.3,1,1679,1567,1,175794.0
3,0,6,6,2,2,7.0,1,0,0,0,1,1,1,2026,1,2,7,0,3.5,49.0,0,1623,676,0,113873.0
5,0,3,5,2,1,0.0,2,0,1,1,1,0,6,2024,1,3,8,1,0.0,0.0,0,1682,1551,0,101838.0
3,1,1,5,0,1,7.0,0,0,0,0,1,0,1,2022,1,1,4,0,7.0,28.0,0,1623,1531,0,68379.0
1,2,2,5,0,1,1.2,2,0,1,0,1,1,5,2026,1,3,8,0,0.3999999999999999,9.6,0,1714,1595,0,75539.0
1,1,4,4,1,2,7.0,1,1,1,1,0,0,10,2026,1,3,6,0,2.333333333333333,42.0,0,1714,1611,0,94427.0
3,0,5,5,1,2,8.0,2,0,1,0,0,0,7,2025,1,1,1,0,8.0,8.0,0,1623,1494,0,76632.0
2,2,3,2,2,3,7.0,2,0,1,0,0,1,9,2024,1,2,4,0,3.5,28.0,0,1626,1551,0,96674.0
1,1,0,0,0,4,12.0,0,0,1,0,0,1,1,2024,1,2,4,0,6.0,48.0,0,1714,1567,0,61640.0
4,2,4,2,2,2,1.0,1,0,0,1,0,0,9,2020,1,1,3,0,1.0,3.0,0,1661,1611,1,202887.5
1,0,3,4,0,2,12.0,1,0,0,1,1,0,5,2025,1,2,7,1,6.0,84.0,0,1714,1551,0,120626.0
4,2,2,2,3,1,14.0,2,1,1,0,1,1,4,2020,1,4,10,0,3.5,140.0,0,1661,1595,0,76120.0
2,2,3,2,0,3,8.0,1,0,1,1,0,0,5,2026,1,2,4,0,4.0,32.0,0,1626,1551,0,111854.0
0,1,0,4,0,3,7.0,2,0,0,1,0,1,10,2024,1,2,6,0,3.5,42.0,1,1679,1567,1,176577.0
2,2,1,6,1,2,7.0,1,1,0,0,1,1,10,2022,1,3,9,0,2.333333333333333,63.0,0,1626,1531,0,113873.0
0,0,5,2,2,3,7.0,1,1,1,1,0,1,9,2022,1,4,9,0,1.75,63.0,1,1679,1494,1,183943.0
3,0,4,2,0,1,7.0,1,1,1,1,0,1,1,2022,1,4,9,0,1.75,63.0,1,1623,1611,0,75120.0
1,2,3,5,0,2,10.0,1,0,1,1,0,0,2,2024,1,2,4,0,5.0,40.0,0,1714,1551,0,89808.0
0,2,2,0,2,2,9.0,1,0,0,1,1,0,6,2023,1,2,7,1,4.5,63.0,0,1679,1595,0,130477.0
0,1,1,0,3,2,6.0,1,1,1,0,0,1,9,2022,1,3,6,0,2.0,36.0,0,1679,1531,0,129093.0
1,3,3,6,0,1,1.0,0,0,1,1,0,1,7,2024,1,3,7,0,0.3333333333333333,7.0,1,1714,1551,0,64654.0
5,2,5,4,1,2,1.0,1,0,1,1,1,1,8,2020,0,4,11,1,0.25,11.0,1,1682,1494,0,157252.0
5,2,2,5,0,3,8.0,0,0,1,0,0,0,11,2020,0,1,1,0,8.0,8.0,0,1682,1595,0,159979.0
1,1,2,0,3,3,10.0,1,1,0,0,1,1,10,2021,0,3,9,0,3.333333333333333,90.0,0,1714,1595,1,202887.5
0,0,1,3,0,1,7.0,2,0,0,1,0,0,6,2022,0,1,3,0,7.0,21.0,0,1679,1531,0,125546.0
5,0,5,3,3,2,3.0,0,1,1,0,0,1,1,2022,0,3,6,0,1.0,18.0,0,1682,1494,0,158487.0
0,1,3,0,2,1,9.0,1,0,1,1,0,1,1,2022,0,3,7,0,3.0,63.0,1,1679,1551,1,202887.5
4,0,4,4,1,3,7.0,1,0,1,0,0,0,3,2022,1,1,1,0,7.0,7.0,0,1661,1611,0,113873.0
3,1,2,2,1,4,12.0,3,1,1,1,1,0,1,2025,1,4,10,1,3.0,120.0,0,1623,1595,0,92183.0
0,0,3,6,1,1,7.0,3,1,1,1,0,1,11,2022,1,4,9,0,1.75,63.0,1,1679,1551,1,202887.5
1,0,2,1,1,3,12.0,1,1,0,1,1,0,6,2023,1,3,9,1,4.0,108.0,0,1714,1595,0,151277.0
0,1,4,7,0,2,8.0,2,1,1,0,0,0,9,2020,0,2,3,0,4.0,24.0,0,1679,1611,0,61640.0
1,0,2,1,3,2,14.0,0,0,0,1,1,1,5,2024,0,3,10,1,4.666666666666667,140.0,1,1714,1595,0,137199.0
3,1,1,5,1,3,7.0,2,0,1,1,1,1,1,2023,0,4,11,1,1.75,77.0,1,1623,1531,0,126211.0
5,0,6,0,1,1,13.0,1,1,0,1,0,0,7,2021,0,2,5,0,6.5,65.0,0,1682,676,0,104279.0
5,0,6,5,0,2,0.0,2,0,1,1,0,1,1,2020,1,3,7,0,0.0,0.0,1,1682,676,0,143696.0
4,0,5,5,0,1,7.0,0,1,0,0,0,0,11,2024,1,1,2,0,7.0,14.0,0,1661,1494,0,66223.0
4,1,2,0,0,2,10.0,3,0,1,1,1,0,1,2021,1,3,8,1,3.333333333333333,80.0,0,1661,1595,0,109887.0
5,0,1,3,2,3,0.0,1,1,0,1,1,0,9,2024,1,3,9,1,0.0,0.0,0,1682,1531,0,157862.0
1,0,0,4,1,2,12.0,0,1,1,1,0,1,7,2026,1,4,9,0,3.0,108.0,1,1714,1567,0,116210.0
2,2,0,7,2,3,7.0,0,0,1,1,1,0,11,2025,1,3,8,1,2.333333333333333,56.0,0,1626,1567,0,126612.0
0,2,3,2,2,2,10.0,2,1,1,0,1,0,9,2023,1,3,7,0,3.333333333333333,70.0,0,1679,1551,0,133545.0
3,0,5,6,0,1,3.0,2,0,0,1,1,0,11,2022,1,2,7,1,1.5,21.0,0,1623,1494,0,113873.0
0,1,1,1,1,4,3.0,3,1,1,1,0,1,12,2021,1,4,9,0,0.75,27.0,1,1679,1531,0,114814.0
0,1,4,6,1,3,13.0,0,1,0,1,1,1,8,2021,1,4,12,1,3.25,156.0,1,1679,1611,1,202887.5
4,3,0,5,2,3,4.6,1,0,0,1,0,0,7,2025,1,1,3,0,4.6,13.8,0,1661,1567,0,118380.0
1,0,4,1,0,2,10.4,0,1,0,1,1,0,4,2026,1,3,9,1,3.466666666666667,93.6,0,1714,1611,0,113873.0
1,3,4,4,2,1,12.0,3,1,0,1,0,0,2,2025,1,2,5,0,6.0,60.0,0,1714,1611,0,61640.0
5,0,0,7,1,3,9.0,1,0,1,1,1,1,12,2023,0,4,11,1,2.25,99.0,1,1682,1567,1,202124.0
0,3,3,6,2,1,13.0,0,0,0,1,0,0,3,2023,2,1,3,0,13.0,39.0,0,1679,1551,0,107077.0
5,0,5,0,1,2,2.0,0,0,1,0,0,1,6,2023,2,2,4,0,1.0,8.0,0,1682,1494,0,113873.0
5,2,0,3,0,4,7.0,2,0,0,0,0,1,7,2023,2,1,3,0,7.0,21.0,0,1682,1567,0,149678.0
5,1,1,6,2,0,4.0,1,1,0,1,1,0,3,2023,2,3,9,1,1.3333333333333333,36.0,0,1682,1531,0,117599.0
5,2,2,2,0,3,13.0,0,0,1,1,1,1,11,2023,2,4,11,1,3.25,143.0,1,1682,1595,1,183571.0
0,0,6,2,0,3,7.0,2,1,1,1,0,1,2,2022,2,4,9,0,1.75,63.0,1,1679,676,1,187443.0
0,2,2,6,0,3,13.0,0,1,0,0,1,1,12,2023,2,3,9,0,4.333333333333333,117.0,0,1679,1595,1,165151.0
3,2,5,4,1,3,1.0,1,1,0,1,1,0,1,2024,1,3,9,1,0.3333333333333333,9.0,0,1623,1494,0,110382.0
1,0,5,4,2,1,2.0,1,1,1,1,0,1,4,2022,1,4,9,0,0.5,18.0,1,1714,1494,0,61640.0
0,0,6,5,0,1,5.0,3,1,1,1,0,0,3,2022,1,3,6,0,1.6666666666666667,30.0,0,1679,676,0,125700.0
1,0,1,0,1,3,7.0,0,1,1,1,1,1,12,2022,1,5,13,1,1.4,91.0,1,1714,1531,0,158336.0
3,1,5,2,0,3,5.0,0,1,0,1,0,1,10,2022,1,3,8,0,1.6666666666666667,40.0,1,1623,1494,0,113955.0
4,2,1,0,2,3,11.0,2,1,0,0,0,1,10,2022,1,2,5,0,5.5,55.0,0,1661,1531,0,113873.0
1,0,4,6,1,2,7.0,2,1,0,1,1,1,9,2024,1,4,12,1,1.75,84.0,1,1714,1611,0,113873.0
5,0,1,6,0,3,6.0,2,0,1,1,0,0,9,2024,1,2,4,0,3.0,24.0,0,1682,1531,1,174060.0
5,1,3,4,0,1,7.0,2,0,0,1,1,1,5,2025,1,3,10,1,2.333333333333333,70.0,1,1682,1551,0,115702.0
0,0,2,3,0,1,7.0,0,0,1,0,1,1,5,2020,1,3,8,0,2.333333333333333,56.0,0,1679,1595,0,115484.0
3,0,1,3,1,3,7.0,1,0,1,1,1,1,6,2023,1,4,11,1,1.75,77.0,1,1623,1531,0,131492.0
3,2,0,1,0,1,14.0,0,1,0,1,1,0,10,2023,1,3,9,1,4.666666666666667,126.0,0,1623,1567,0,75060.0
1,1,2,0,1,1,7.0,1,0,1,0,1,0,7,2020,1,2,5,0,3.5,35.0,0,1714,1595,0,61640.0
2,0,1,5,2,3,12.9,2,1,1,1,1,1,3,2026,2,5,13,1,2.58,167.70000000000002,1,1626,1531,0,121328.0
4,0,1,5,1,4,0.0,1,0,0,1,1,1,8,2021,2,3,10,1,0.0,0.0,1,1661,1531,0,108721.0
0,0,4,5,0,0,12.0,1,0,1,0,1,1,6,2022,2,3,8,0,4.0,96.0,0,1679,1611,0,110100.0
5,2,0,6,1,3,12.0,2,1,0,1,1,1,12,2024,2,4,12,1,3.0,144.0,1,1682,1567,0,113873.0
5,1,0,0,0,3,14.0,0,0,0,1,0,1,7,2020,2,2,6,0,7.0,84.0,1,1682,1567,0,162300.0
1,2,2,5,1,3,11.0,1,0,1,1,0,1,9,2025,2,3,7,0,3.6666666666666665,77.0,1,1714,1595,0,113873.0
4,0,4,1,1,3,7.0,1,0,1,1,1,1,3,2021,2,4,11,1,1.75,77.0,1,1661,1611,0,139703.0
3,0,5,4,0,1,8.0,2,0,0,1,1,1,4,2021,2,3,10,1,2.6666666666666665,80.0,1,1623,1494,0,91257.0
5,2,4,3,0,1,1.1,2,1,1,1,0,1,12,2023,2,4,9,0,0.275,9.9,1,1682,1611,0,119599.0
0,0,0,3,2,2,9.0,0,0,0,1,0,0,1,2023,2,1,3,0,9.0,27.0,0,1679,1567,0,134997.0
2,0,3,1,2,4,8.0,2,0,1,1,1,1,8,2023,2,4,11,1,2.0,88.0,1,1626,1551,0,144515.0
4,0,0,6,2,2,4.0,0,1,0,0,0,0,7,2023,1,1,2,0,4.0,8.0,0,1661,1567,0,77973.0
0,3,5,3,2,3,14.0,0,1,1,0,0,0,4,2024,1,2,3,0,7.0,42.0,0,1679,1494,0,141742.0
5,0,3,0,3,2,7.0,2,1,0,1,1,1,9,2021,1,4,12,1,1.75,84.0,1,1682,1551,0,113873.0
4,1,2,2,0,1,7.0,2,1,1,1,0,0,9,2025,0,3,6,0,2.333333333333333,42.0,0,1661,1595,0,61640.0
1,0,5,7,0,2,12.0,3,0,0,0,0,1,9,2022,0,1,3,0,12.0,36.0,0,1714,1494,0,82481.0
2,0,4,6,0,1,12.0,1,1,1,0,0,1,3,2025,0,3,6,0,4.0,72.0,0,1626,1611,0,63906.0
1,3,0,6,1,1,10.0,0,1,1,1,0,1,5,2021,0,4,9,0,2.5,90.0,1,1714,1567,0,71800.0
4,2,2,3,2,1,5.0,3,0,1,0,0,0,1,2023,0,1,1,0,5.0,5.0,0,1661,1595,0,61640.0
0,2,1,2,0,1,12.0,2,1,1,0,0,1,1,2020,0,3,6,0,4.0,72.0,0,1679,1531,0,102226.0
2,2,0,5,1,0,2.0,3,1,1,0,1,1,8,2020,0,4,10,0,0.5,20.0,0,1626,1567,0,76800.0
0,0,2,6,1,1,6.0,1,0,1,1,0,0,3,2023,0,2,4,0,3.0,24.0,0,1679,1595,0,113873.0
1,1,6,5,1,3,0.0,0,0,1,1,1,0,9,2023,0,3,8,1,0.0,0.0,0,1714,676,0,132013.0
1,1,3,2,2,1,9.0,0,1,0,0,0,0,2,2026,0,1,2,0,9.0,18.0,0,1714,1551,0,61640.0
0,0,5,3,0,3,11.7,2,1,1,1,0,0,8,2022,0,3,6,0,3.9,70.19999999999999,0,1679,1494,0,142015.0
4,0,3,1,1,3,5.0,1,0,1,1,0,1,8,2023,1,3,7,0,1.6666666666666667,35.0,1,1661,1551,0,145584.0
2,0,1,4,1,2,6.0,0,0,0,0,1,1,11,2026,1,2,7,0,3.0,42.0,0,1626,1531,0,101528.0
3,1,5,7,1,1,2.0,0,1,1,1,0,1,1,2020,1,4,9,0,0.5,18.0,1,1623,1494,0,90758.0
5,2,2,1,3,3,11.0,0,0,0,0,1,0,5,2025,1,1,4,0,11.0,44.0,0,1682,1595,0,162279.0
3,2,2,1,2,1,14.0,0,1,1,1,1,1,10,2025,1,5,13,1,2.8,182.0,1,1623,1595,0,72250.0
0,0,3,2,0,4,0.0,0,0,1,1,0,0,11,2025,1,2,4,0,0.0,0.0,0,1679,1551,0,113873.0
5,2,6,2,2,1,1.0,0,0,0,0,1,0,1,2026,0,1,4,0,1.0,4.0,0,1682,676,0,103258.0
4,2,1,5,3,2,3.0,2,1,0,1,0,1,1,2024,0,3,8,0,1.0,24.0,1,1661,1531,0,97669.0
3,0,3,6,0,3,7.0,1,1,1,0,0,0,1,2024,0,2,3,0,3.5,21.0,0,1623,1551,0,116048.0
3,0,1,6,1,3,12.0,1,1,1,1,1,1,8,2025,0,5,13,1,2.4,156.0,1,1623,1531,0,155285.0
4,0,3,5,1,3,6.0,2,0,1,0,1,1,5,2024,0,3,8,0,2.0,48.0,0,1661,1551,1,202887.5
2,3,1,5,2,2,9.0,0,0,0,1,0,0,4,2022,2,1,3,0,9.0,27.0,0,1626,1531,0,113949.0
0,2,1,3,2,2,0.8,0,0,1,1,1,0,9,2022,2,3,8,1,0.2666666666666666,6.4,0,1679,1531,0,144990.0
4,2,1,4,0,3,11.0,1,1,0,1,1,0,12,2026,2,3,9,1,3.6666666666666665,99.0,0,1661,1531,0,131588.0
3,3,4,4,1,3,7.0,1,1,1,0,0,1,4,2020,2,3,6,0,2.333333333333333,42.0,0,1623,1611,0,107055.0
5,0,3,5,1,2,12.0,1,0,0,1,1,1,10,2020,2,3,10,1,4.0,120.0,1,1682,1551,1,179676.0
2,0,0,2,2,3,13.0,0,0,1,0,0,0,1,2024,2,1,1,0,13.0,13.0,0,1626,1567,0,100537.0
2,2,3,0,3,3,3.8,2,0,1,1,0,1,9,2020,2,3,7,0,1.2666666666666666,26.6,1,1626,1551,0,123500.0
4,1,4,0,0,2,2.0,1,1,0,1,1,1,10,2025,0,4,12,1,0.5,24.0,1,1661,1611,0,116773.0
6,1,3,1,2,2,7.0,2,1,0,1,0,1,10,2024,0,3,8,0,2.333333333333333,56.0,1,40,1551,0,156227.0
0,0,3,1,2,3,12.0,1,0,1,0,1,1,10,2024,0,3,8,0,4.0,96.0,0,1679,1551,1,177421.0
4,1,3,5,0,2,8.0,3,1,0,0,0,1,12,2024,0,2,5,0,4.0,40.0,0,1661,1551,0,87258.0
4,1,5,7,2,3,4.0,2,0,0,0,1,1,5,2025,0,2,7,0,2.0,28.0,0,1661,1494,0,122887.0
1,0,0,5,0,2,11.0,2,0,0,1,0,1,4,2021,0,2,6,0,5.5,66.0,1,1714,1567,0,86643.0
1,2,0,4,0,3,7.0,2,1,1,0,0,1,5,2022,1,3,6,0,2.333333333333333,42.0,0,1714,1567,0,105554.0
0,0,3,6,1,1,10.0,2,1,1,1,0,0,6,2025,1,3,6,0,3.333333333333333,60.0,0,1679,1551,0,103185.0
2,0,5,1,2,2,6.0,0,0,0,1,1,1,6,2025,1,3,10,1,2.0,60.0,1,1626,1494,0,119169.0
2,0,3,1,2,1,7.0,0,1,1,1,1,1,8,2026,1,5,13,1,1.4,91.0,1,1626,1551,0,61640.0
0,1,5,3,2,2,7.0,0,1,1,1,0,1,12,2024,1,4,9,0,1.75,63.0,1,1679,1494,0,114300.0
3,0,5,0,2,3,5.0,2,0,1,0,1,0,5,2023,1,2,5,0,2.5,25.0,0,1623,1494,0,118748.0
2,2,5,2,1,4,7.0,0,0,1,1,0,1,3,2024,1,3,7,0,2.333333333333333,49.0,1,1626,1494,0,127585.0
5,3,5,4,1,1,13.0,1,0,1,0,0,0,2,2021,1,1,1,0,13.0,13.0,0,1682,1494,0,114224.0
3,0,3,3,1,2,11.0,2,1,1,1,1,0,8,2026,2,4,10,1,2.75,110.0,0,1623,1551,0,109411.0
0,0,3,2,2,2,6.0,1,0,1,0,0,1,6,2023,2,2,4,0,3.0,24.0,0,1679,1551,0,124472.0
0,0,4,2,0,2,14.0,0,0,1,0,1,1,12,2021,2,3,8,0,4.666666666666667,112.0,0,1679,1611,0,155648.0
2,2,1,2,1,2,7.0,0,1,0,1,1,1,2,2020,2,4,12,1,1.75,84.0,1,1626,1531,0,116482.0
2,1,1,0,2,1,5.0,1,0,0,1,1,0,12,2026,2,2,7,1,2.5,35.0,0,1626,1531,0,75868.0
2,0,4,3,3,1,7.0,1,0,1,1,1,1,2,2022,2,4,11,1,1.75,77.0,1,1626,1611,0,95819.0
3,0,2,5,2,1,7.0,0,1,1,0,1,0,2,2022,2,3,7,0,2.333333333333333,49.0,0,1623,1595,0,83432.0
1,0,4,5,1,3,12.0,0,0,1,1,1,1,4,2021,2,4,11,1,3.0,132.0,1,1714,1611,0,141412.0
0,0,3,6,2,1,8.0,0,0,1,0,1,1,6,2021,2,3,8,0,2.6666666666666665,64.0,0,1679,1551,0,123845.0
2,2,2,2,0,1,8.0,2,0,1,1,1,0,6,2022,2,3,8,1,2.6666666666666665,64.0,0,1626,1595,0,77351.0
0,2,3,5,2,4,7.0,1,0,0,1,0,0,1,2021,2,1,3,0,7.0,21.0,0,1679,1551,0,101251.0
4,0,0,2,1,2,12.0,1,1,1,0,0,1,10,2020,2,3,6,0,4.0,72.0,0,1661,1567,0,85645.0
1,1,4,6,1,3,4.0,3,1,0,0,0,0,9,2022,2,1,2,0,4.0,8.0,0,1714,1611,0,95296.0
1,0,2,7,2,2,4.0,0,1,0,0,0,1,11,2025,0,2,5,0,2.0,20.0,0,1714,1595,0,81625.0
5,2,4,5,2,2,10.0,0,1,1,0,0,1,7,2021,0,3,6,0,3.333333333333333,60.0,0,1682,1611,0,129300.0
5,0,4,1,1,2,13.0,0,0,0,0,0,1,3,2023,0,1,3,0,13.0,39.0,0,1682,1611,0,129702.0
3,0,3,4,0,1,1.0,3,0,1,0,1,1,9,2025,0,3,8,0,0.3333333333333333,8.0,0,1623,1551,0,74000.0
2,1,6,6,1,1,0.0,0,1,0,0,1,0,6,2025,0,2,6,0,0.0,0.0,0,1626,676,1,202887.5
4,0,2,7,1,1,14.0,0,0,1,0,1,1,2,2022,0,3,8,0,4.666666666666667,112.0,0,1661,1595,0,92118.0
0,0,0,0,2,2,1.0,2,1,0,1,1,0,1,2023,0,3,9,1,0.3333333333333333,9.0,0,1679,1567,0,144964.0
2,0,1,6,2,2,0.0,3,1,1,1,1,1,12,2021,0,5,13,1,0.0,0.0,1,1626,1531,0,112537.0
2,0,1,2,2,1,6.0,2,1,1,0,0,0,10,2024,0,2,3,0,3.0,18.0,0,1626,1531,0,69410.0
2,2,4,4,2,1,10.0,1,1,1,0,0,1,9,2026,0,3,6,0,3.333333333333333,60.0,0,1626,1611,0,61640.0
4,0,0,7,2,2,6.0,1,0,1,0,1,1,1,2024,1,3,8,0,2.0,48.0,0,1661,1567,0,86189.0
5,0,3,4,2,3,3.0,1,1,1,1,0,0,5,2021,1,3,6,0,1.0,18.0,0,1682,1551,0,151115.0
4,0,5,2,2,3,12.0,2,1,1,1,0,1,5,2024,1,4,9,0,3.0,108.0,1,1661,1494,0,129700.0
5,1,4,6,0,3,11.0,3,0,1,0,0,0,8,2024,1,1,1,0,11.0,11.0,0,1682,1611,0,61640.0
2,1,4,2,2,3,14.0,2,1,0,1,0,1,10,2024,1,3,8,0,4.666666666666667,112.0,1,1626,1611,0,125355.0
5,2,0,0,3,1,10.0,0,1,1,1,1,1,12,2020,1,5,13,1,2.0,130.0,1,1682,1567,0,132482.0
1,0,1,6,2,1,14.0,1,1,0,1,0,1,12,2025,1,3,8,0,4.666666666666667,112.0,1,1714,1531,0,77510.0
1,0,2,6,1,2,14.0,2,1,0,1,1,0,3,2026,1,3,9,1,4.666666666666667,126.0,0,1714,1595,0,121523.0
3,0,0,5,1,2,2.0,2,1,0,0,1,0,5,2024,1,2,6,0,1.0,12.0,0,1623,1567,0,88503.0
1,0,6,0,0,1,13.0,0,0,1,0,1,0,12,2025,1,2,5,0,6.5,65.0,0,1714,676,0,63996.0
0,0,0,6,2,2,7.0,1,0,1,1,0,1,4,2022,1,3,7,0,2.333333333333333,49.0,1,1679,1567,0,143273.0
4,2,2,5,2,4,6.0,2,0,1,0,0,1,3,2021,1,2,4,0,3.0,24.0,0,1661,1595,0,113981.0
2,0,2,2,0,2,7.0,1,1,0,1,0,1,5,2025,1,3,8,0,2.333333333333333,56.0,1,1626,1595,0,102477.0
4,0,3,2,0,1,5.0,2,1,1,1,1,1,11,2023,1,5,13,1,1.0,65.0,1,1661,1551,0,113873.0
0,1,0,6,2,1,2.0,0,0,0,1,1,1,6,2023,1,3,10,1,0.6666666666666666,20.0,1,1679,1567,0,123577.0
4,2,4,4,1,3,11.0,0,0,0,1,1,1,6,2020,1,3,10,1,3.6666666666666665,110.0,1,1661,1611,0,144135.0
4,2,2,2,0,2,0.0,2,1,0,1,0,1,2,2022,1,3,8,0,0.0,0.0,1,1661,1595,0,88718.0
2,1,2,5,2,2,13.0,1,0,1,1,0,1,11,2023,1,3,7,0,4.333333333333333,91.0,1,1626,1595,0,80807.0
2,1,3,3,1,1,12.0,1,0,1,0,1,0,11,2020,1,2,5,0,6.0,60.0,0,1626,1551,0,62860.0
0,0,1,3,0,3,7.0,1,1,1,1,1,1,1,2025,1,5,13,1,1.4,91.0,1,1679,1531,1,196093.0
2,0,5,6,0,3,14.0,2,1,0,1,1,0,11,2022,1,3,9,1,4.666666666666667,126.0,0,1626,1494,0,139717.0
1,3,1,5,1,3,4.0,0,0,1,0,0,1,10,2026,1,2,4,0,2.0,16.0,0,1714,1531,0,110928.0
5,2,3,4,2,2,12.0,1,0,0,0,0,1,9,2021,1,1,3,0,12.0,36.0,0,1682,1551,0,137389.0
0,2,5,1,0,2,7.0,1,1,1,1,1,1,1,2025,1,5,13,1,1.4,91.0,1,1679,1494,0,159469.0
2,0,4,7,1,1,7.0,2,0,1,0,1,1,7,2022,1,3,8,0,2.333333333333333,56.0,0,1626,1611,0,97866.0
3,2,5,2,2,3,11.0,0,1,1,0,0,1,1,2021,2,3,6,0,3.6666666666666665,66.0,0,1623,1494,0,105683.0
2,0,4,3,1,3,10.0,1,0,1,0,0,1,7,2023,2,2,4,0,5.0,40.0,0,1626,1611,0,113873.0
3,2,3,7,2,1,11.0,1,0,0,1,0,0,1,2024,2,1,3,0,11.0,33.0,0,1623,1551,0,68200.0
1,1,1,2,2,1,3.0,1,0,1,1,0,1,9,2022,2,3,7,0,1.0,21.0,1,1714,1531,0,78081.0
5,2,2,2,0,2,9.0,1,1,1,1,1,0,7,2020,2,4,10,1,2.25,90.0,0,1682,1595,0,144703.0
4,0,4,1,2,1,7.0,0,1,1,0,0,1,5,2024,2,3,6,0,2.333333333333333,42.0,0,1661,1611,0,77490.0
1,1,4,2,2,1,3.0,0,1,0,1,1,1,2,2025,2,4,12,1,0.75,36.0,1,1714,1611,0,113873.0
2,0,2,6,0,2,13.0,2,0,0,1,0,1,11,2025,0,2,6,0,6.5,78.0,1,1626,1595,0,120860.0
5,2,6,2,0,1,7.0,1,1,1,0,1,0,2,2023,2,3,7,0,2.333333333333333,49.0,0,1682,676,0,105861.0
1,0,1,6,0,3,4.0,0,0,0,1,1,1,9,2026,2,3,10,1,1.3333333333333333,40.0,1,1714,1531,0,155242.0
1,2,1,4,0,3,8.0,1,1,1,1,0,0,4,2020,2,3,6,0,2.6666666666666665,48.0,0,1714,1531,0,119938.0
5,1,4,2,0,1,8.0,2,0,0,1,1,1,11,2020,2,3,10,1,2.6666666666666665,80.0,1,1682,1611,0,127449.0
4,0,2,0,2,3,6.0,2,1,0,1,1,0,4,2025,2,3,9,1,2.0,54.0,0,1661,1595,0,127324.0
4,0,2,5,0,1,2.0,2,0,1,0,1,1,3,2026,2,3,8,0,0.6666666666666666,16.0,0,1661,1595,0,113873.0
5,2,0,4,1,3,6.0,2,0,0,1,0,0,1,2024,2,1,3,0,6.0,18.0,0,1682,1567,0,158799.0
3,2,4,2,1,2,13.0,1,1,1,1,1,1,9,2023,2,5,13,1,2.6,169.0,1,1623,1611,0,113866.0
5,0,4,0,1,4,1.0,2,1,0,1,0,1,3,2022,2,3,8,0,0.3333333333333333,8.0,1,1682,1611,0,131138.0
0,3,1,1,1,2,6.0,0,1,0,0,1,0,5,2024,2,2,6,0,3.0,36.0,0,1679,1531,0,134200.0
2,2,6,7,1,3,4.0,2,0,1,1,1,0,11,2022,2,3,8,1,1.3333333333333333,32.0,0,1626,676,0,115941.0
1,0,0,0,1,2,7.0,2,1,1,1,1,1,1,2022,2,5,13,1,1.4,91.0,1,1714,1567,0,114612.0
5,0,1,1,1,2,9.0,1,1,0,1,0,0,1,2022,2,2,5,0,4.5,45.0,0,1682,1531,0,140900.0
4,0,5,6,0,2,11.0,2,0,1,1,1,0,5,2026,0,3,8,1,3.6666666666666665,88.0,0,1661,1494,0,107568.0
1,0,6,6,0,2,9.0,0,1,1,1,1,1,6,2026,0,5,13,1,1.8,117.0,1,1714,676,0,139407.0
3,3,2,0,1,2,3.0,0,1,1,1,0,0,3,2023,0,3,6,0,1.0,18.0,0,1623,1595,0,98674.0
0,2,0,3,1,3,13.0,0,1,1,1,1,1,11,2023,0,5,13,1,2.6,169.0,1,1679,1567,1,184378.0
3,0,4,3,0,2,0.0,2,0,1,0,1,1,10,2025,1,3,8,0,0.0,0.0,0,1623,1611,0,117900.0
0,1,4,5,0,2,8.4,1,0,1,1,0,0,5,2022,1,2,4,0,4.2,33.6,0,1679,1611,0,129221.0
2,2,1,3,0,3,2.5,1,1,1,1,0,1,1,2022,1,4,9,0,0.625,22.5,1,1626,1531,0,119980.0
0,0,0,3,1,1,1.0,1,0,1,1,0,1,4,2020,1,3,7,0,0.3333333333333333,7.0,1,1679,1567,0,113089.0
1,0,0,1,2,2,7.0,2,1,1,0,0,0,3,2023,1,2,3,0,3.5,21.0,0,1714,1567,0,96977.0
5,0,6,5,3,1,2.0,1,0,0,1,1,0,3,2020,1,2,7,1,1.0,14.0,0,1682,676,0,139347.0
3,2,1,5,2,2,12.0,1,0,0,1,1,0,4,2026,1,2,7,1,6.0,84.0,0,1623,1531,0,104526.0
5,0,4,0,0,2,8.0,2,1,0,1,0,1,3,2021,1,3,8,0,2.6666666666666665,64.0,1,1682,1611,0,158480.0
4,0,3,0,2,2,0.0,2,0,1,1,1,0,4,2023,1,3,8,1,0.0,0.0,0,1661,1551,0,108798.0
0,0,1,7,2,1,7.0,1,1,1,0,1,0,4,2022,1,3,7,0,2.333333333333333,49.0,0,1679,1531,0,102533.0
3,0,1,6,2,1,8.0,2,0,1,0,0,0,3,2025,1,1,1,0,8.0,8.0,0,1623,1531,0,73105.0
2,0,0,2,2,3,4.0,2,0,1,0,0,0,5,2024,1,1,1,0,4.0,4.0,0,1626,1567,0,95596.0
0,0,1,5,0,2,12.0,0,1,0,0,0,1,1,2026,1,2,5,0,6.0,60.0,0,1679,1531,0,140411.0
0,0,2,2,2,3,5.0,2,1,1,0,0,1,7,2026,1,3,6,0,1.6666666666666667,30.0,0,1679,1595,0,153760.0
1,2,3,0,0,2,10.0,1,1,1,1,0,0,1,2026,1,3,6,0,3.333333333333333,60.0,0,1714,1551,0,85452.0
3,2,3,3,2,3,13.0,3,1,1,1,0,1,1,2020,1,4,9,0,3.25,117.0,1,1623,1551,0,126449.0
3,2,4,3,3,1,10.0,1,0,0,0,1,0,3,2020,1,1,4,0,10.0,40.0,0,1623,1611,0,65096.0
1,1,1,0,3,2,1.0,2,1,1,1,1,0,3,2022,1,4,10,1,0.25,10.0,0,1714,1531,0,108963.0
2,0,5,6,2,2,4.0,2,0,0,0,0,1,6,2022,1,1,3,0,4.0,12.0,0,1626,1494,0,100361.0
5,1,2,5,2,3,5.0,0,1,0,1,0,0,11,2020,1,2,5,0,2.5,25.0,0,1682,1595,0,156141.0
2,0,0,0,1,3,9.0,2,1,0,1,1,0,4,2022,1,3,9,1,3.0,81.0,0,1626,1567,0,134876.0
4,0,1,2,2,2,11.0,3,0,1,1,0,0,5,2021,1,2,4,0,5.5,44.0,0,1661,1531,0,105786.0
0,0,4,2,0,1,3.0,1,1,1,1,1,0,6,2024,1,4,10,1,0.75,30.0,0,1679,1611,0,108628.0
4,0,3,3,0,1,6.0,2,1,0,1,0,0,3,2024,1,2,5,0,3.0,30.0,0,1661,1551,0,82939.0
0,1,4,6,0,3,3.0,1,1,0,0,0,1,6,2022,1,2,5,0,1.5,15.0,0,1679,1611,0,153901.0
0,1,4,6,1,1,8.0,1,1,1,0,0,1,6,2026,1,3,6,0,2.6666666666666665,48.0,0,1679,1611,0,111181.0
3,2,1,3,2,1,7.0,2,0,1,1,1,1,6,2025,1,4,11,1,1.75,77.0,1,1623,1531,0,77446.0
4,0,5,2,0,3,7.0,0,1,1,1,1,1,3,2021,1,5,13,1,1.4,91.0,1,1661,1494,0,139144.0
0,0,3,5,1,3,8.0,1,0,1,1,0,1,1,2023,1,3,7,0,2.6666666666666665,56.0,1,1679,1551,0,61640.0
4,0,4,2,3,2,0.0,1,1,0,0,1,0,9,2025,1,2,6,0,0.0,0.0,0,1661,1611,0,113058.0
5,0,5,5,0,3,10.0,0,0,1,0,1,0,3,2020,1,2,5,0,5.0,50.0,0,1682,1494,1,176482.0
0,0,3,2,0,2,3.0,1,0,0,1,1,0,3,2023,1,2,7,1,1.5,21.0,0,1679,1551,0,149879.0
1,0,3,0,0,3,7.0,0,0,0,1,0,1,3,2022,1,2,6,0,3.5,42.0,1,1714,1551,0,125467.0
3,1,6,6,3,1,12.0,0,0,0,0,1,1,1,2025,1,2,7,0,6.0,84.0,0,1623,676,0,70567.0
5,2,5,0,0,2,0.0,1,0,0,0,1,0,6,2024,1,1,4,0,0.0,0.0,0,1682,1494,0,128261.0
0,1,2,0,0,2,4.0,2,0,1,0,0,1,1,2026,1,2,4,0,2.0,16.0,0,1679,1595,0,121369.0
1,0,1,6,0,2,5.0,0,0,1,1,1,0,2,2026,1,3,8,1,1.6666666666666667,40.0,0,1714,1531,0,126490.0
3,2,4,1,0,1,2.0,2,1,1,0,0,1,12,2026,1,3,6,0,0.6666666666666666,12.0,0,1623,1611,0,61972.0
2,2,1,3,3,1,1.0,1,1,0,0,0,0,10,2023,1,1,2,0,1.0,2.0,0,1626,1531,0,67017.0
2,0,3,1,0,2,14.0,0,1,0,0,0,0,10,2020,1,1,2,0,14.0,28.0,0,1626,1551,0,96293.0
1,1,5,2,1,1,8.0,0,0,0,1,0,0,12,2025,1,1,3,0,8.0,24.0,0,1714,1494,1,202887.5
1,2,0,3,0,4,10.0,1,1,1,0,0,1,5,2023,1,3,6,0,3.333333333333333,60.0,0,1714,1567,0,71369.0
2,1,5,6,2,3,5.0,0,0,1,1,1,0,8,2021,1,3,8,1,1.6666666666666667,40.0,0,1626,1494,0,112738.0
5,3,4,0,1,3,7.0,3,0,0,1,0,1,12,2021,1,2,6,0,3.5,42.0,1,1682,1611,1,182875.0
0,0,5,6,2,1,9.0,2,1,1,1,1,0,4,2024,1,4,10,1,2.25,90.0,0,1679,1494,0,119437.0
4,3,5,0,1,1,0.0,3,0,1,0,1,1,6,2021,1,3,8,0,0.0,0.0,0,1661,1494,0,93324.0
2,2,0,1,0,1,12.0,1,0,1,0,0,1,5,2026,1,2,4,0,6.0,48.0,0,1626,1567,0,61640.0
1,0,3,6,0,2,12.0,2,0,1,1,1,1,12,2026,0,4,11,1,3.0,132.0,1,1714,1551,0,131400.0
1,1,2,5,0,3,7.0,0,1,0,0,0,1,7,2025,0,2,5,0,3.5,35.0,0,1714,1595,0,100587.0
5,1,2,7,0,3,7.0,0,1,0,0,0,1,11,2025,0,2,5,0,3.5,35.0,0,1682,1595,0,162662.0
5,2,3,1,0,1,11.0,2,0,0,0,0,1,11,2025,0,1,3,0,11.0,33.0,0,1682,1551,0,101160.0
5,0,0,2,1,2,4.0,2,0,0,0,0,1,4,2023,0,1,3,0,4.0,12.0,0,1682,1567,0,142885.0
4,0,3,6,3,1,10.0,1,1,1,0,0,0,3,2026,0,2,3,0,5.0,30.0,0,1661,1551,0,61640.0
0,0,4,2,1,4,7.0,3,1,1,1,1,0,2,2024,0,4,10,1,1.75,70.0,0,1679,1611,1,162872.0
5,1,5,5,1,3,11.0,1,0,1,0,1,0,2,2020,2,2,5,0,5.5,55.0,0,1682,1494,1,165708.0
2,1,5,6,2,4,4.0,3,0,1,0,0,1,6,2023,2,2,4,0,2.0,16.0,0,1626,1494,0,107570.0
3,2,3,4,3,4,12.0,3,1,0,1,1,1,6,2023,2,4,12,1,3.0,144.0,1,1623,1551,0,118915.0
0,2,4,0,1,1,1.0,0,0,1,0,1,1,1,2021,2,3,8,0,0.3333333333333333,8.0,0,1679,1611,0,102310.0
1,0,4,2,1,1,10.0,1,0,1,0,0,0,4,2024,2,1,1,0,10.0,10.0,0,1714,1611,0,61640.0
1,2,4,7,0,1,14.0,2,0,1,1,0,1,11,2024,2,3,7,0,4.666666666666667,98.0,1,1714,1611,0,62468.0
2,0,2,3,2,3,4.0,1,0,1,1,0,0,11,2026,2,2,4,0,2.0,16.0,0,1626,1595,0,134628.0
1,1,5,6,2,2,8.0,1,0,0,1,0,0,5,2025,2,1,3,0,8.0,24.0,0,1714,1494,0,88769.0
0,1,0,1,0,1,1.0,0,0,0,1,1,1,4,2025,2,3,10,1,0.3333333333333333,10.0,1,1679,1567,0,128065.0
0,0,3,4,1,4,4.0,0,0,1,0,1,1,3,2024,2,3,8,0,1.3333333333333333,32.0,0,1679,1551,0,128384.0
1,0,4,3,2,3,10.0,0,0,0,1,1,0,1,2021,2,2,7,1,5.0,70.0,0,1714,1611,0,113873.0
4,1,0,0,2,3,0.0,1,0,1,1,0,1,1,2023,2,3,7,0,0.0,0.0,1,1661,1567,0,116369.0
2,0,0,1,2,2,11.0,2,1,0,1,1,0,1,2020,2,3,9,1,3.6666666666666665,99.0,0,1626,1567,0,121440.0
0,0,0,3,2,1,2.0,1,0,1,0,1,0,7,2024,2,2,5,0,1.0,10.0,0,1679,1567,0,126882.0
4,0,0,2,0,3,7.0,2,1,0,1,0,1,3,2023,2,3,8,0,2.333333333333333,56.0,1,1661,1567,0,121950.0
0,2,4,3,1,3,5.0,2,1,0,1,0,1,11,2020,2,3,8,0,1.6666666666666667,40.0,1,1679,1611,0,160380.0
1,2,2,6,0,3,6.0,0,1,1,0,1,1,8,2024,2,4,10,0,1.5,60.0,0,1714,1595,0,123900.0
1,0,1,1,2,2,5.0,2,0,0,0,1,1,6,2024,2,2,7,0,2.5,35.0,0,1714,1531,0,138187.0
1,0,4,4,1,2,0.0,1,0,1,0,0,1,2,2026,2,2,4,0,0.0,0.0,0,1714,1611,0,86194.0
4,2,0,6,2,1,4.0,2,0,1,1,0,1,3,2025,2,3,7,0,1.3333333333333333,28.0,1,1661,1567,0,76374.0
0,0,2,1,1,3,11.0,1,1,1,1,1,0,1,2025,0,4,10,1,2.75,110.0,0,1679,1595,1,194506.0
2,1,2,2,3,2,14.0,2,0,1,0,0,0,10,2026,2,1,1,0,14.0,14.0,0,1626,1595,0,94012.0
4,0,6,7,0,1,14.0,2,0,0,1,0,0,7,2021,2,1,3,0,14.0,42.0,0,1661,676,0,89133.0
3,3,1,4,2,1,5.0,3,1,0,0,0,0,1,2022,2,1,2,0,5.0,10.0,0,1623,1531,0,66612.0
0,0,5,4,1,4,12.0,3,1,1,1,0,1,10,2024,2,4,9,0,3.0,108.0,1,1679,1494,0,137240.0
4,3,1,5,1,2,11.0,2,0,0,1,0,1,7,2025,0,2,6,0,5.5,66.0,1,1661,1531,0,110242.0
5,0,4,0,2,0,10.0,1,0,1,1,0,0,9,2020,0,2,4,0,5.0,40.0,0,1682,1611,0,124309.0
2,0,5,4,2,1,1.0,1,1,1,0,1,1,9,2025,0,4,10,0,0.25,10.0,0,1626,1494,0,94687.0
4,1,4,0,2,1,7.0,0,1,1,1,1,0,5,2023,0,4,10,1,1.75,70.0,0,1661,1611,0,80842.0
3,0,4,3,1,2,12.0,2,0,0,0,1,1,7,2022,0,2,7,0,6.0,84.0,0,1623,1611,0,116520.0
2,2,1,5,0,2,5.0,1,1,0,1,0,1,4,2021,1,3,8,0,1.6666666666666667,40.0,1,1626,1531,0,103503.0
1,1,3,2,2,3,7.0,1,0,0,1,0,1,3,2022,0,2,6,0,3.5,42.0,1,1714,1551,0,98600.0
5,0,3,3,0,1,2.0,1,1,1,0,0,1,7,2021,0,3,6,0,0.6666666666666666,12.0,0,1682,1551,0,106292.0
5,2,1,2,2,2,10.0,0,0,0,0,1,1,9,2021,0,2,7,0,5.0,70.0,0,1682,1531,0,144521.0
3,0,2,3,2,2,7.0,2,0,1,1,0,1,5,2021,0,3,7,0,2.333333333333333,49.0,1,1623,1595,0,96355.0
4,2,5,7,0,2,7.0,1,0,0,1,0,1,10,2021,0,2,6,0,3.5,42.0,1,1661,1494,0,99312.0
2,2,5,3,2,1,7.0,1,0,1,1,0,0,10,2023,0,2,4,0,3.5,28.0,0,1626,1494,0,92425.0
0,1,6,5,2,1,14.0,1,0,0,0,1,1,6,2025,0,2,7,0,7.0,98.0,0,1679,676,0,116632.0
5,2,5,0,1,4,14.0,0,0,1,1,1,1,1,2021,0,4,11,1,3.5,154.0,1,1682,1494,0,156190.0
0,2,2,6,2,1,3.0,0,1,1,0,0,1,1,2026,0,3,6,0,1.0,18.0,0,1679,1595,0,96817.0
2,0,6,1,1,1,5.0,2,0,1,0,1,1,3,2026,1,3,8,0,1.6666666666666667,40.0,0,1626,676,0,99614.0
3,2,5,1,1,3,14.0,0,0,0,0,0,1,8,2024,1,1,3,0,14.0,42.0,0,1623,1494,0,107052.0
5,2,2,3,1,1,14.0,2,1,0,1,1,1,3,2024,1,4,12,1,3.5,168.0,1,1682,1595,0,115061.0
1,0,3,5,0,3,13.0,1,1,1,1,1,0,6,2020,0,4,10,1,3.25,130.0,0,1714,1551,0,113873.0
1,0,0,3,0,2,4.0,1,0,0,1,0,0,7,2024,0,1,3,0,4.0,12.0,0,1714,1567,0,113147.0
2,1,0,2,1,4,4.0,3,0,0,1,0,0,7,2024,0,1,3,0,4.0,12.0,0,1626,1567,0,90939.0
4,1,0,1,0,3,11.0,1,0,1,0,1,1,1,2026,0,3,8,0,3.6666666666666665,88.0,0,1661,1567,0,121844.0
5,0,4,6,2,1,1.0,1,1,1,0,1,1,10,2026,1,4,10,0,0.25,10.0,0,1682,1611,0,131231.0
0,1,2,4,1,3,10.0,2,0,0,1,1,1,1,2025,1,3,10,1,3.333333333333333,100.0,1,1679,1595,1,182667.0
2,0,5,0,2,1,1.0,1,0,1,0,0,1,9,2023,1,2,4,0,0.5,4.0,0,1626,1494,0,92701.0
5,0,1,4,3,2,3.0,1,0,0,1,1,0,9,2026,1,2,7,1,1.5,21.0,0,1682,1531,1,168223.0
0,1,1,0,3,1,5.0,2,1,0,0,0,0,7,2021,1,1,2,0,5.0,10.0,0,1679,1531,0,94303.0
1,1,0,7,3,2,0.4,1,0,1,1,0,0,7,2022,0,2,4,0,0.2,1.6,0,1714,1567,0,89926.0
2,0,4,3,0,4,8.0,0,0,0,1,0,0,9,2021,0,1,3,0,8.0,24.0,0,1626,1611,0,132488.0
1,3,1,4,2,2,10.0,1,1,1,0,0,0,8,2024,0,2,3,0,5.0,30.0,0,1714,1531,0,93660.0
4,0,2,7,2,4,4.0,1,0,1,0,0,0,5,2021,1,1,1,0,4.0,4.0,0,1661,1595,0,67852.0
0,2,4,3,0,1,11.0,0,1,1,1,1,0,1,2022,1,4,10,1,2.75,110.0,0,1679,1611,0,119524.0
2,1,5,0,1,3,11.0,0,1,1,0,1,0,12,2024,1,3,7,0,3.6666666666666665,77.0,0,1626,1494,1,202887.5
5,0,3,2,2,1,10.0,2,1,1,0,0,0,1,2024,1,2,3,0,5.0,30.0,0,1682,1551,0,89648.0
4,1,3,5,1,3,10.0,1,0,0,0,0,1,10,2024,1,1,3,0,10.0,30.0,0,1661,1551,0,123328.0
4,1,0,3,0,3,0.0,3,1,0,0,1,1,2,2024,1,3,9,0,0.0,0.0,0,1661,1567,0,110000.0
0,0,2,6,1,2,14.0,0,0,1,1,0,0,2,2021,1,2,4,0,7.0,56.0,0,1679,1595,1,169250.0
0,1,3,6,2,2,2.0,1,0,1,1,0,0,3,2022,1,2,4,0,1.0,8.0,0,1679,1551,0,133046.0
1,1,6,1,2,3,14.0,2,0,0,1,0,0,1,2023,1,1,3,0,14.0,42.0,0,1714,676,0,117728.0
3,0,0,6,1,3,12.0,2,0,1,1,0,1,6,2021,1,3,7,0,4.0,84.0,1,1623,1567,0,144200.0
0,0,1,4,2,2,5.0,1,1,0,1,1,0,3,2020,0,3,9,1,1.6666666666666667,45.0,0,1679,1531,0,145496.0
4,1,3,1,2,3,11.2,2,0,1,1,0,1,6,2022,0,3,7,0,3.733333333333333,78.39999999999999,1,1661,1551,0,128539.0
1,1,1,2,2,2,7.0,0,1,1,1,1,0,9,2023,0,4,10,1,1.75,70.0,0,1714,1531,0,106490.0
0,0,1,2,1,2,7.0,1,1,0,1,0,1,3,2021,0,3,8,0,2.333333333333333,56.0,1,1679,1531,0,160190.0
3,1,1,4,2,1,2.0,2,0,0,1,1,1,12,2020,0,3,10,1,0.6666666666666666,20.0,1,1623,1531,0,87949.0
1,0,3,6,2,2,0.0,1,1,0,0,0,1,11,2023,0,2,5,0,0.0,0.0,0,1714,1551,0,102446.0
2,1,0,7,0,3,7.0,1,0,1,1,1,0,11,2025,0,3,8,1,2.333333333333333,56.0,0,1626,1567,0,130700.0
3,2,2,5,3,1,6.0,1,1,0,0,1,0,1,2021,0,2,6,0,3.0,36.0,0,1623,1595,0,63328.0
2,0,0,4,0,3,11.0,0,0,0,0,0,1,7,2020,0,1,3,0,11.0,33.0,0,1626,1567,0,108031.0
0,2,1,1,2,2,11.0,0,1,0,0,0,1,3,2024,2,2,5,0,5.5,55.0,0,1679,1531,0,122864.0
5,0,1,0,2,2,11.0,2,1,1,1,0,1,2,2026,2,4,9,0,2.75,99.0,1,1682,1531,0,139187.0
0,1,3,2,2,2,0.0,0,1,0,1,0,0,12,2022,2,2,5,0,0.0,0.0,0,1679,1551,0,130285.0
2,2,0,3,0,2,3.0,1,0,1,1,1,1,6,2020,2,4,11,1,0.75,33.0,1,1626,1567,0,116671.0
4,0,3,0,0,1,9.0,1,1,1,1,0,0,1,2024,2,3,6,0,3.0,54.0,0,1661,1551,0,69310.0
1,1,4,2,0,1,7.0,0,1,0,0,0,1,7,2024,1,2,5,0,3.5,35.0,0,1714,1611,0,61640.0
0,0,4,4,1,1,7.0,1,1,1,0,1,0,4,2025,1,3,7,0,2.333333333333333,49.0,0,1679,1611,0,105552.0
0,0,1,0,3,1,2.0,1,0,1,1,0,1,7,2020,1,3,7,0,0.6666666666666666,14.0,1,1679,1531,0,116140.0
1,0,3,7,0,3,13.0,1,0,1,1,1,1,10,2021,1,4,11,1,3.25,143.0,1,1714,1551,0,113873.0
5,1,5,3,2,2,1.0,2,1,0,1,1,1,4,2026,1,4,12,1,0.25,12.0,1,1682,1494,0,155836.0
3,0,3,0,2,3,6.0,2,1,0,1,0,1,11,2022,1,3,8,0,2.0,48.0,1,1623,1551,0,143148.0
3,1,2,1,2,2,4.0,2,0,1,1,0,0,1,2020,1,2,4,0,2.0,16.0,0,1623,1595,0,88683.0
1,3,5,3,2,1,7.0,1,0,1,0,0,1,4,2020,1,2,4,0,3.5,28.0,0,1714,1494,0,76011.0
3,3,0,5,1,2,1.0,3,0,1,0,1,1,12,2021,1,3,8,0,0.3333333333333333,8.0,0,1623,1567,0,116045.0
1,2,3,7,0,2,6.0,0,0,1,0,1,0,4,2023,0,2,5,0,3.0,30.0,0,1714,1551,0,87179.0
2,0,5,2,0,2,4.0,2,1,1,0,1,1,2,2023,1,4,10,0,1.0,40.0,0,1626,1494,0,100245.0
0,1,3,0,1,2,13.0,1,0,0,1,1,0,5,2025,1,2,7,1,6.5,91.0,0,1679,1551,0,149584.0
1,1,3,6,0,1,7.0,0,1,1,1,0,0,2,2023,1,3,6,0,2.333333333333333,42.0,0,1714,1551,0,61640.0
5,2,5,0,1,3,1.0,1,0,0,1,0,0,2,2023,1,1,3,0,1.0,3.0,0,1682,1494,0,154944.0
2,1,2,4,2,3,12.0,1,1,1,0,1,1,2,2020,1,4,10,0,3.0,120.0,0,1626,1595,0,125009.0
0,1,0,1,1,1,8.0,2,0,1,1,0,1,12,2021,1,3,7,0,2.6666666666666665,56.0,1,1679,1567,0,117216.0
0,0,5,1,2,1,14.0,1,0,1,1,0,1,2,2020,0,3,7,0,4.666666666666667,98.0,1,1679,1494,0,118183.0
4,2,4,1,1,2,7.0,2,0,1,1,0,1,5,2025,0,3,7,0,2.333333333333333,49.0,1,1661,1611,0,93461.0
1,0,1,5,1,2,6.0,0,1,1,1,0,1,7,2023,0,4,9,0,1.5,54.0,1,1714,1531,0,120115.0
5,0,6,0,1,3,0.0,0,0,1,0,0,1,8,2020,0,2,4,0,0.0,0.0,0,1682,676,1,202887.5
2,1,2,5,2,1,11.0,2,0,0,1,0,0,4,2024,0,1,3,0,11.0,33.0,0,1626,1595,0,113873.0
3,1,0,1,2,3,9.0,0,0,1,1,0,1,6,2021,0,3,7,0,3.0,63.0,1,1623,1567,0,127803.0
5,1,3,5,3,1,6.0,0,0,0,1,0,0,6,2022,0,1,3,0,6.0,18.0,0,1682,1551,0,116628.0
4,2,0,2,2,3,7.0,1,0,1,0,1,1,2,2023,0,3,8,0,2.333333333333333,56.0,0,1661,1567,0,122138.0
1,0,1,3,2,1,7.0,1,1,1,0,0,1,3,2021,0,3,6,0,2.333333333333333,42.0,0,1714,1531,0,61640.0
5,0,0,7,0,1,12.0,2,0,1,1,1,0,1,2023,0,3,8,1,4.0,96.0,0,1682,1567,0,108219.0
4,0,3,1,2,3,2.0,0,1,1,1,0,1,5,2021,0,4,9,0,0.5,18.0,1,1661,1551,0,136806.0
0,0,5,2,2,2,9.0,0,0,0,1,1,1,3,2021,0,3,10,1,3.0,90.0,1,1679,1494,1,173620.0
4,1,0,6,0,1,13.0,0,0,1,0,0,1,9,2021,0,2,4,0,6.5,52.0,0,1661,1567,0,61975.0
0,2,4,5,0,4,5.0,3,1,1,0,0,1,8,2020,0,3,6,0,1.6666666666666667,30.0,0,1679,1611,0,152449.0
3,1,5,4,2,1,5.0,2,0,0,0,0,1,1,2026,0,1,3,0,5.0,15.0,0,1623,1494,0,64764.0
0,0,2,5,3,4,3.0,2,0,1,0,1,1,3,2025,0,3,8,0,1.0,24.0,0,1679,1595,0,135463.0
4,0,4,3,1,1,3.0,0,1,1,1,0,0,7,2021,0,3,6,0,1.0,18.0,0,1661,1611,0,84149.0
1,2,5,4,2,4,7.0,1,0,1,0,0,0,8,2026,0,1,1,0,7.0,7.0,0,1714,1494,0,70448.0
3,3,0,0,1,1,7.0,1,1,1,0,0,1,6,2023,0,3,6,0,2.333333333333333,42.0,0,1623,1567,0,64775.0
3,1,2,3,2,2,13.0,2,0,0,1,0,1,1,2025,0,2,6,0,6.5,78.0,1,1623,1595,0,116174.0
4,0,4,0,2,1,13.0,0,1,0,1,0,1,5,2022,0,3,8,0,4.333333333333333,104.0,1,1661,1611,0,74150.0
2,0,3,6,2,2,7.0,1,0,1,1,1,0,11,2026,0,3,8,1,2.333333333333333,56.0,0,1626,1551,1,202887.5
5,0,4,4,1,2,5.0,0,1,1,1,1,1,5,2024,0,5,13,1,1.0,65.0,1,1682,1611,1,179389.0
3,0,0,4,2,3,7.0,1,0,1,0,0,1,6,2021,1,2,4,0,3.5,28.0,0,1623,1567,0,114297.0
1,1,2,5,1,2,5.0,2,0,1,0,1,0,8,2023,1,2,5,0,2.5,25.0,0,1714,1595,0,88228.0
3,2,3,1,2,3,6.0,2,0,0,0,1,1,6,2023,1,2,7,0,3.0,42.0,0,1623,1551,0,121273.0
3,2,0,1,0,3,13.0,0,1,1,0,0,1,8,2023,2,3,6,0,4.333333333333333,78.0,0,1623,1567,0,113482.0
3,1,5,0,1,1,11.0,2,0,1,1,0,0,4,2024,2,2,4,0,5.5,44.0,0,1623,1494,0,67230.0
4,2,1,0,0,3,8.0,2,0,0,1,0,1,4,2024,2,2,6,0,4.0,48.0,1,1661,1531,0,124143.0
5,2,6,5,2,2,7.0,1,1,0,1,1,1,4,2024,2,4,12,1,1.75,84.0,1,1682,676,0,147287.0
0,1,4,4,0,1,7.0,2,1,0,1,0,1,4,2025,2,3,8,0,2.333333333333333,56.0,1,1679,1611,0,61640.0
3,1,2,5,0,1,0.0,1,0,1,0,1,1,12,2022,2,3,8,0,0.0,0.0,0,1623,1595,0,75305.0
2,0,4,4,3,3,8.0,0,1,1,1,0,0,9,2021,2,3,6,0,2.6666666666666665,48.0,0,1626,1611,0,136015.0
5,1,2,5,0,1,7.0,1,1,0,1,1,1,10,2021,2,4,12,1,1.75,84.0,1,1682,1595,0,133099.0
4,1,2,2,3,3,6.0,2,1,0,0,0,0,1,2021,2,1,2,0,6.0,12.0,0,1661,1595,0,113873.0
5,0,0,4,0,2,2.0,2,0,1,1,0,1,7,2021,2,3,7,0,0.6666666666666666,14.0,1,1682,1567,0,157700.0
2,0,1,5,1,3,10.0,1,1,1,1,0,1,1,2023,2,4,9,0,2.5,90.0,1,1626,1531,0,113873.0
1,0,2,7,1,4,2.0,2,0,1,0,0,1,12,2023,2,2,4,0,1.0,8.0,0,1714,1595,0,102483.0
3,2,5,4,1,3,0.0,2,1,0,1,1,0,12,2023,2,3,9,1,0.0,0.0,0,1623,1494,1,202887.5
3,0,0,3,0,2,7.0,0,0,1,0,0,0,12,2023,2,1,1,0,7.0,7.0,0,1623,1567,0,91708.0
4,0,5,6,1,2,5.0,1,1,1,1,1,1,1,2020,2,5,13,1,1.0,65.0,1,1661,1494,0,98064.0
0,2,1,6,2,2,7.0,0,0,1,1,0,1,8,2023,2,3,7,0,2.333333333333333,49.0,1,1679,1531,0,144907.0
4,0,0,3,1,1,7.0,2,0,1,1,1,1,5,2020,2,4,11,1,1.75,77.0,1,1661,1567,0,87146.0
2,1,6,2,0,4,10.9,2,1,0,1,1,0,2,2024,2,3,9,1,3.633333333333333,98.1,0,1626,676,0,86293.0
4,0,0,3,2,4,7.0,2,0,1,0,0,1,12,2022,2,2,4,0,3.5,28.0,0,1661,1567,0,83723.0
1,0,0,3,1,3,5.0,2,0,1,0,0,0,7,2025,2,1,1,0,5.0,5.0,0,1714,1567,0,95188.0
1,1,1,7,1,3,7.0,2,1,1,1,0,0,7,2022,2,3,6,0,2.333333333333333,42.0,0,1714,1531,0,97373.0
0,2,5,2,1,3,1.0,0,1,1,0,0,0,12,2022,2,2,3,0,0.5,3.0,0,1679,1494,0,142016.0
2,2,6,7,0,2,10.0,0,1,1,0,1,0,2,2023,2,3,7,0,3.333333333333333,70.0,0,1626,676,0,92132.0
2,3,5,4,1,2,12.0,0,1,0,0,1,0,9,2023,2,2,6,0,6.0,72.0,0,1626,1494,0,90311.0
5,2,1,0,2,2,9.0,1,0,0,0,1,1,11,2022,2,2,7,0,4.5,63.0,0,1682,1531,0,143119.0
5,1,4,0,0,2,8.0,0,1,1,1,1,0,10,2020,2,4,10,1,2.0,80.0,0,1682,1611,0,147800.0
4,0,4,4,2,1,12.0,2,1,1,0,0,1,1,2024,2,3,6,0,4.0,72.0,0,1661,1611,0,63401.0
3,1,2,5,3,2,3.0,0,1,1,1,0,0,3,2022,2,3,6,0,1.0,18.0,0,1623,1595,0,105803.0
0,0,3,6,2,1,12.0,1,1,1,0,1,0,8,2024,0,3,7,0,4.0,84.0,0,1679,1551,0,123569.0
2,1,1,4,1,3,10.0,1,0,1,1,0,0,10,2021,0,2,4,0,5.0,40.0,0,1626,1531,0,115375.0
0,0,1,1,1,3,7.0,2,0,0,0,1,0,8,2020,0,1,4,0,7.0,28.0,0,1679,1531,1,172999.0
3,0,5,3,0,2,4.0,2,0,1,1,1,0,10,2024,0,3,8,1,1.3333333333333333,32.0,0,1623,1494,0,107757.0
3,1,2,4,2,1,10.0,2,1,1,1,0,1,4,2020,0,4,9,0,2.5,90.0,1,1623,1595,0,88894.0
1,0,3,0,2,3,11.0,2,0,0,1,1,0,8,2026,0,2,7,1,5.5,77.0,0,1714,1551,0,151453.0
5,1,0,5,1,1,10.0,1,0,1,0,0,1,8,2020,2,2,4,0,5.0,40.0,0,1682,1567,0,100400.0
1,1,0,5,1,0,2.0,0,0,0,0,1,0,7,2020,2,1,4,0,2.0,8.0,0,1714,1567,0,65617.0
0,0,1,4,2,3,3.0,0,1,1,1,0,1,12,2022,1,4,9,0,0.75,27.0,1,1679,1531,0,113873.0
1,1,2,5,0,1,1.0,0,0,1,1,1,1,12,2025,1,4,11,1,0.25,11.0,1,1714,1595,0,93067.0
5,3,4,5,0,3,2.0,1,1,0,0,0,1,2,2021,1,2,5,0,1.0,10.0,0,1682,1611,1,165723.0
1,2,1,4,1,2,7.0,0,0,1,1,0,1,12,2024,1,3,7,0,2.333333333333333,49.0,1,1714,1531,0,95100.0
4,0,4,3,3,2,3.0,1,0,1,0,0,1,8,2024,1,2,4,0,1.5,12.0,0,1661,1611,0,88640.0
1,0,5,3,2,3,4.0,0,0,1,0,0,1,8,2024,1,2,4,0,2.0,16.0,0,1714,1494,0,109500.0
0,0,2,5,0,4,14.0,2,0,0,1,1,1,2,2020,0,3,10,1,4.666666666666667,140.0,1,1679,1595,1,195781.0
0,1,5,2,0,3,5.0,0,1,1,0,0,1,1,2020,0,3,6,0,1.6666666666666667,30.0,0,1679,1494,1,163630.0
3,1,0,3,1,3,2.0,2,0,1,1,0,1,4,2022,0,3,7,0,0.6666666666666666,14.0,1,1623,1567,0,112384.0
0,1,1,4,0,1,5.0,1,1,0,1,1,1,2,2022,0,4,12,1,1.25,60.0,1,1679,1531,0,113873.0
3,1,4,6,3,3,10.0,2,1,0,1,0,0,8,2024,0,2,5,0,5.0,50.0,0,1623,1611,0,101883.0
5,0,5,2,0,3,6.0,1,0,1,1,1,0,10,2026,0,3,8,1,2.0,48.0,0,1682,1494,1,174500.0
5,0,3,1,2,3,7.0,1,0,1,1,1,0,4,2022,0,3,8,1,2.333333333333333,56.0,0,1682,1551,1,171786.0
0,0,2,4,2,3,1.0,2,0,1,1,0,1,1,2022,0,3,7,0,0.3333333333333333,7.0,1,1679,1595,1,163209.0
5,0,5,1,1,2,0.0,2,0,0,1,0,0,2,2023,0,1,3,0,0.0,0.0,0,1682,1494,0,127398.0
1,0,4,5,0,2,10.0,1,0,1,1,1,0,1,2020,0,3,8,1,3.333333333333333,80.0,0,1714,1611,0,137042.0
3,0,3,1,2,2,7.0,0,0,0,1,0,0,1,2026,0,1,3,0,7.0,21.0,0,1623,1551,0,109686.0
1,1,5,2,2,3,8.0,0,0,1,1,0,1,1,2020,0,3,7,0,2.6666666666666665,56.0,1,1714,1494,0,121933.0
5,2,1,7,2,3,2.2,1,0,1,1,0,1,1,2026,1,3,7,0,0.7333333333333334,15.400000000000002,1,1682,1531,1,169972.0
4,2,3,2,2,3,7.0,0,0,1,0,0,1,6,2024,1,2,4,0,3.5,28.0,0,1661,1551,0,113873.0
3,3,0,6,1,1,13.0,0,0,0,1,1,1,9,2021,1,3,10,1,4.333333333333333,130.0,1,1623,1567,0,83576.0
5,0,5,4,1,3,7.0,1,0,1,0,1,1,7,2021,1,3,8,0,2.333333333333333,56.0,0,1682,1494,1,176910.0
0,0,3,1,0,0,5.0,3,0,1,1,1,1,10,2020,1,4,11,1,1.25,55.0,1,1679,1551,0,100700.0
1,0,3,6,0,2,9.0,0,0,0,1,0,0,10,2022,1,1,3,0,9.0,27.0,0,1714,1551,0,106200.0
1,0,2,7,3,3,5.0,1,1,0,1,0,1,10,2022,1,3,8,0,1.6666666666666667,40.0,1,1714,1595,0,128269.0
1,2,4,6,1,0,3.0,0,0,1,0,0,0,6,2021,1,1,1,0,3.0,3.0,0,1714,1611,0,61640.0
2,1,0,5,0,2,9.0,0,0,0,0,0,1,5,2020,1,1,3,0,9.0,27.0,0,1626,1567,0,84242.0
4,1,3,1,1,2,6.0,2,0,0,0,0,1,2,2020,1,1,3,0,6.0,18.0,0,1661,1551,0,89815.0
3,0,2,6,1,2,2.0,0,1,0,0,0,1,3,2026,1,2,5,0,1.0,10.0,0,1623,1595,0,103282.0
0,0,2,5,1,2,0.0,0,1,0,1,0,0,3,2023,1,2,5,0,0.0,0.0,0,1679,1595,0,126412.0
1,0,0,3,0,1,10.0,2,1,0,1,1,0,7,2021,1,3,9,1,3.333333333333333,90.0,0,1714,1567,0,101638.0
4,2,1,2,0,1,1.0,0,0,0,1,0,1,7,2021,1,2,6,0,0.5,6.0,1,1661,1531,0,92281.0
0,2,4,5,0,2,4.0,1,0,1,1,1,1,9,2026,0,4,11,1,1.0,44.0,1,1679,1611,0,152446.0
3,0,4,6,2,1,0.0,1,1,1,1,0,1,1,2022,0,4,9,0,0.0,0.0,1,1623,1611,0,61640.0
5,0,0,5,2,2,14.0,1,1,0,0,0,1,9,2020,0,2,5,0,7.0,70.0,0,1682,1567,0,126570.0
3,1,1,5,1,1,12.0,2,0,1,0,0,0,9,2022,0,1,1,0,12.0,12.0,0,1623,1531,0,61640.0
0,1,3,2,0,1,3.0,2,0,0,1,0,0,8,2026,0,1,3,0,3.0,9.0,0,1679,1551,0,116277.0
3,0,2,3,2,2,3.0,0,1,1,0,0,1,9,2026,0,3,6,0,1.0,18.0,0,1623,1595,0,113873.0
5,0,1,2,1,3,9.0,2,0,0,1,1,1,1,2023,0,3,10,1,3.0,90.0,1,1682,1531,1,176100.0
3,2,4,6,3,3,10.0,0,1,0,1,0,0,2,2026,0,2,5,0,5.0,50.0,0,1623,1611,0,119564.0
0,0,1,5,0,2,10.0,2,1,1,0,0,1,4,2023,0,3,6,0,3.333333333333333,60.0,0,1679,1531,0,120941.0
4,2,5,4,0,3,7.0,2,1,1,1,1,1,1,2023,0,5,13,1,1.4,91.0,1,1661,1494,0,136941.0
2,0,1,2,1,4,7.0,2,1,1,1,0,1,3,2025,1,4,9,0,1.75,63.0,1,1626,1531,0,142717.0
5,3,3,6,2,3,2.4,2,0,1,1,0,1,12,2023,1,3,7,0,0.7999999999999999,16.8,1,1682,1551,1,179441.0
3,1,1,7,3,2,7.0,2,0,0,1,0,0,8,2024,1,1,3,0,7.0,21.0,0,1623,1531,0,93033.0
4,1,0,0,1,4,14.0,2,0,1,1,0,1,8,2022,1,3,7,0,4.666666666666667,98.0,1,1661,1567,0,93462.0
5,2,0,1,3,2,11.0,0,1,1,1,1,1,9,2022,1,5,13,1,2.2,143.0,1,1682,1567,0,151369.0
4,2,5,0,2,2,14.0,0,1,0,0,0,0,1,2023,2,1,2,0,14.0,28.0,0,1661,1494,0,73752.0
5,2,3,4,0,3,7.0,1,0,1,1,0,1,1,2021,2,3,7,0,2.333333333333333,49.0,1,1682,1551,1,165238.0
5,0,0,6,1,1,12.4,1,0,0,1,0,1,1,2024,2,2,6,0,6.2,74.4,1,1682,1567,0,132785.0
0,0,1,7,1,1,7.0,2,0,1,1,0,1,4,2021,2,3,7,0,2.333333333333333,49.0,1,1679,1531,0,115352.0
1,2,2,5,1,3,8.0,1,0,0,0,1,1,5,2025,2,2,7,0,4.0,56.0,0,1714,1595,0,110384.0
3,0,2,2,1,1,13.0,2,1,0,1,1,0,8,2021,2,3,9,1,4.333333333333333,117.0,0,1623,1595,0,76489.0
4,0,1,0,1,3,7.0,0,1,1,1,0,0,2,2020,2,3,6,0,2.333333333333333,42.0,0,1661,1531,0,138470.0
1,0,1,2,0,3,3.0,0,0,1,1,0,1,10,2020,2,3,7,0,1.0,21.0,1,1714,1531,0,120347.0
5,1,4,7,1,1,0.0,0,0,0,0,1,0,8,2025,1,1,4,0,0.0,0.0,0,1682,1611,0,107773.0
1,2,0,1,2,3,7.0,2,0,1,0,1,1,11,2020,1,3,8,0,2.333333333333333,56.0,0,1714,1567,0,113768.0
0,0,5,4,0,2,9.0,2,0,0,0,1,0,7,2024,1,1,4,0,9.0,36.0,0,1679,1494,0,146943.0
4,0,2,4,2,2,11.0,2,0,1,1,0,0,1,2024,1,2,4,0,5.5,44.0,0,1661,1595,0,110040.0
5,0,3,0,2,2,0.0,1,1,1,0,0,0,12,2025,1,2,3,0,0.0,0.0,0,1682,1551,0,110760.0
1,1,6,2,0,2,12.0,2,0,1,1,1,0,6,2025,1,3,8,1,4.0,96.0,0,1714,676,0,100444.0
0,1,3,3,1,2,5.0,1,0,0,1,1,1,7,2024,1,3,10,1,1.6666666666666667,50.0,1,1679,1551,0,155665.0
1,1,1,5,2,1,2.0,1,1,0,1,0,1,7,2023,1,3,8,0,0.6666666666666666,16.0,1,1714,1531,0,78556.0
5,2,6,3,0,2,6.0,2,0,0,1,1,0,11,2024,1,2,7,1,3.0,42.0,0,1682,676,0,141925.0
0,1,4,0,2,1,14.0,1,1,0,1,1,1,11,2024,1,4,12,1,3.5,168.0,1,1679,1611,0,125346.0
5,1,0,0,0,2,0.0,2,0,0,1,1,0,11,2026,1,2,7,1,0.0,0.0,0,1682,1567,0,140071.0
0,0,2,1,0,2,7.0,2,1,1,0,1,1,2,2023,1,4,10,0,1.75,70.0,0,1679,1595,0,61640.0
4,0,3,1,0,1,1.0,2,0,1,0,0,1,7,2025,1,2,4,0,0.5,4.0,0,1661,1551,0,61640.0
4,0,1,1,1,1,14.0,2,0,0,0,1,1,4,2022,1,2,7,0,7.0,98.0,0,1661,1531,0,113873.0
2,2,2,0,2,3,14.0,2,0,0,0,0,1,5,2023,1,1,3,0,14.0,42.0,0,1626,1595,0,125297.0
4,0,2,7,2,3,1.0,3,1,0,0,0,0,1,2023,1,1,2,0,1.0,2.0,0,1661,1595,0,119702.0
1,1,1,2,0,3,7.0,1,1,1,1,1,0,2,2026,1,4,10,1,1.75,70.0,0,1714,1531,0,128868.0
1,0,0,1,0,0,7.0,0,1,1,1,0,0,11,2022,0,3,6,0,2.333333333333333,42.0,0,1714,1567,0,84640.0
2,0,5,7,2,3,3.0,1,0,1,0,0,0,6,2024,0,1,1,0,3.0,3.0,0,1626,1494,0,113873.0
3,0,2,3,1,3,12.0,2,0,0,1,1,1,11,2021,0,3,10,1,4.0,120.0,1,1623,1595,0,136265.0
5,0,1,6,1,2,9.0,0,0,0,1,1,1,1,2025,0,3,10,1,3.0,90.0,1,1682,1531,0,161128.0
5,0,2,6,1,2,6.0,2,1,0,0,1,0,11,2026,0,2,6,0,3.0,36.0,0,1682,1595,0,148260.0
0,1,4,2,2,2,4.0,0,0,0,1,1,1,12,2023,0,3,10,1,1.3333333333333333,40.0,1,1679,1611,0,143500.0
5,3,1,3,0,3,14.0,1,0,1,1,1,1,8,2022,0,4,11,1,3.5,154.0,1,1682,1531,1,174927.0
5,0,4,0,1,3,2.0,0,0,1,1,0,0,1,2026,0,2,4,0,1.0,8.0,0,1682,1611,0,151166.0
4,2,4,2,0,2,1.0,0,1,1,1,0,0,1,2023,0,3,6,0,0.3333333333333333,6.0,0,1661,1611,0,92447.0
2,1,3,2,0,1,0.0,2,0,1,0,0,0,2,2020,1,1,1,0,0.0,0.0,0,1626,1551,0,61640.0
0,0,4,6,0,3,8.0,0,1,1,0,0,1,8,2022,1,3,6,0,2.6666666666666665,48.0,0,1679,1611,0,113873.0
0,0,1,7,2,2,7.0,0,1,0,1,0,0,10,2025,2,2,5,0,3.5,35.0,0,1679,1531,0,132972.0
2,0,0,3,1,3,7.0,0,1,0,1,0,1,1,2023,2,3,8,0,2.333333333333333,56.0,1,1626,1567,0,160741.0
1,0,3,1,2,1,12.0,0,0,1,0,1,0,1,2021,2,2,5,0,6.0,60.0,0,1714,1551,0,80817.0
2,0,5,4,0,3,7.0,0,0,1,1,1,1,12,2020,2,4,11,1,1.75,77.0,1,1626,1494,0,158687.0
4,1,3,1,2,2,6.0,2,1,1,1,1,0,12,2022,2,4,10,1,1.5,60.0,0,1661,1551,0,113873.0
0,0,4,1,1,3,11.0,1,1,1,0,0,0,10,2026,2,2,3,0,5.5,33.0,0,1679,1611,0,140679.0
1,0,5,4,0,2,7.0,1,0,0,1,1,1,2,2026,2,3,10,1,2.333333333333333,70.0,1,1714,1494,0,136189.0
2,1,3,4,2,3,3.0,1,0,0,1,1,1,10,2021,2,3,10,1,1.0,30.0,1,1626,1551,0,61640.0
5,3,0,1,1,1,7.0,2,0,0,0,1,0,4,2024,2,1,4,0,7.0,28.0,0,1682,1567,0,101066.0
5,0,1,0,2,4,7.0,2,0,0,0,1,0,4,2020,2,1,4,0,7.0,28.0,0,1682,1531,0,125964.0
0,0,5,3,3,2,4.0,1,1,1,1,1,1,4,2021,2,5,13,1,0.8,52.0,1,1679,1494,1,174945.0
2,0,1,2,0,2,8.0,0,0,1,0,1,1,12,2022,1,3,8,0,2.6666666666666665,64.0,0,1626,1531,0,118489.0
2,0,1,4,1,1,12.0,1,0,0,1,0,1,5,2024,0,2,6,0,6.0,72.0,1,1626,1531,0,94538.0
4,2,5,6,2,1,3.0,1,1,0,1,0,0,9,2024,0,2,5,0,1.5,15.0,0,1661,1494,0,61640.0
2,0,2,5,0,4,2.0,0,1,0,1,1,0,6,2026,0,3,9,1,0.6666666666666666,18.0,0,1626,1595,0,148527.0
2,0,2,3,2,1,12.0,0,0,1,0,1,0,8,2023,0,2,5,0,6.0,60.0,0,1626,1595,0,66983.0
5,2,5,0,1,1,2.0,1,0,0,1,0,1,6,2020,0,2,6,0,1.0,12.0,1,1682,1494,0,110845.0
5,2,4,0,2,3,4.0,2,0,1,1,0,0,1,2020,0,2,4,0,2.0,16.0,0,1682,1611,0,150091.0
0,2,1,2,0,1,9.0,0,1,0,1,0,1,11,2023,0,3,8,0,3.0,72.0,1,1679,1531,0,125754.0
0,0,1,6,1,2,9.6,0,1,0,1,0,1,2,2026,0,3,8,0,3.2,76.8,1,1679,1531,0,113873.0
4,2,6,5,2,2,7.0,2,1,1,0,1,0,5,2021,0,3,7,0,2.333333333333333,49.0,0,1661,676,0,93678.0
0,3,1,0,1,3,9.0,2,0,1,0,1,1,2,2021,0,3,8,0,3.0,72.0,0,1679,1531,1,165162.0
0,0,1,4,1,3,10.0,1,1,1,0,1,0,10,2020,0,3,7,0,3.333333333333333,70.0,0,1679,1531,0,113873.0
5,0,0,3,0,1,7.0,0,1,0,1,0,1,2,2020,0,3,8,0,2.333333333333333,56.0,1,1682,1567,1,202887.5
4,0,0,1,2,2,7.0,1,1,0,1,1,1,12,2022,0,4,12,1,1.75,84.0,1,1661,1567,0,117463.0
5,0,5,6,1,3,1.0,2,0,1,1,0,1,5,2023,0,3,7,0,0.3333333333333333,7.0,1,1682,1494,1,178870.0
1,0,0,7,1,1,5.5,3,0,1,1,0,0,7,2024,1,2,4,0,2.75,22.0,0,1714,1567,0,61813.0
5,0,2,0,2,1,13.0,0,0,0,0,0,1,1,2020,1,1,3,0,13.0,39.0,0,1682,1595,0,96050.0
5,2,0,2,0,3,4.0,2,0,1,0,0,0,10,2025,1,1,1,0,4.0,4.0,0,1682,1567,0,143634.0
3,2,3,0,2,1,0.0,1,0,1,1,0,1,11,2024,1,3,7,0,0.0,0.0,1,1623,1551,0,78984.0
3,0,2,2,1,2,2.0,1,0,0,0,1,1,8,2020,1,2,7,0,1.0,14.0,0,1623,1595,0,98107.0
5,2,3,5,0,2,3.0,3,1,1,0,0,0,4,2025,1,2,3,0,1.5,9.0,0,1682,1551,0,118306.0
2,1,4,5,1,2,13.0,2,1,0,1,0,1,5,2022,2,3,8,0,4.333333333333333,104.0,1,1626,1611,0,82647.0
5,0,6,1,0,1,8.0,2,0,0,0,1,1,2,2026,2,2,7,0,4.0,56.0,0,1682,676,0,102376.0
5,2,0,0,3,2,0.5,1,1,1,1,0,1,4,2023,1,4,9,0,0.125,4.5,1,1682,1567,1,202887.5
4,2,2,3,2,1,8.0,0,1,0,0,1,1,9,2025,1,3,9,0,2.6666666666666665,72.0,0,1661,1595,1,202887.5
3,3,2,4,1,2,8.0,1,0,0,1,1,0,1,2026,1,2,7,1,4.0,56.0,0,1623,1595,0,124774.0
2,2,6,2,1,1,9.0,1,1,1,1,0,1,2,2020,1,4,9,0,2.25,81.0,1,1626,676,0,64200.0
5,0,1,3,1,2,13.0,3,1,0,0,1,0,10,2022,1,2,6,0,6.5,78.0,0,1682,1531,0,126971.0
1,0,2,4,1,3,4.0,2,1,0,1,1,0,1,2026,1,3,9,1,1.3333333333333333,36.0,0,1714,1595,0,130373.0
0,0,0,4,1,3,5.0,2,1,1,1,1,1,8,2026,1,5,13,1,1.0,65.0,1,1679,1567,0,150960.0
4,0,3,0,0,1,9.0,0,1,1,1,0,0,1,2023,2,3,6,0,3.0,54.0,0,1661,1551,0,61640.0
3,2,2,5,1,2,0.0,1,0,1,1,1,1,5,2024,2,4,11,1,0.0,0.0,1,1623,1595,0,115630.0
5,0,5,0,1,3,10.0,1,1,1,1,0,0,7,2023,2,3,6,0,3.333333333333333,60.0,0,1682,1494,0,113873.0
4,0,1,7,1,2,14.0,1,1,0,1,0,1,10,2024,2,3,8,0,4.666666666666667,112.0,1,1661,1531,0,99672.0
0,1,1,0,0,2,7.0,1,1,0,0,0,1,7,2025,2,2,5,0,3.5,35.0,0,1679,1531,0,120900.0
1,0,4,5,2,2,7.0,0,1,0,1,1,0,5,2020,2,3,9,1,2.333333333333333,63.0,0,1714,1611,0,104825.0
2,0,6,2,0,1,0.0,2,0,0,1,0,1,3,2023,2,2,6,0,0.0,0.0,1,1626,676,0,90300.0
4,0,1,3,2,1,4.0,2,0,1,1,1,1,4,2026,2,4,11,1,1.0,44.0,1,1661,1531,0,84924.0
0,0,5,5,1,2,7.0,1,1,1,1,1,1,4,2023,2,5,13,1,1.4,91.0,1,1679,1494,0,151377.0
5,0,3,1,0,3,7.0,2,0,0,1,0,1,6,2020,1,2,6,0,3.5,42.0,1,1682,1551,0,151396.0
2,1,2,4,1,1,13.0,2,1,0,0,1,1,6,2025,1,3,9,0,4.333333333333333,117.0,0,1626,1595,0,76853.0
2,1,5,3,0,2,0.0,2,1,1,0,0,1,1,2020,1,3,6,0,0.0,0.0,0,1626,1494,0,87900.0
4,0,5,6,1,2,7.0,1,1,1,1,1,1,11,2024,1,5,13,1,1.4,91.0,1,1661,1494,0,119963.0
4,1,2,6,0,1,7.0,3,0,0,0,0,1,9,2026,1,1,3,0,7.0,21.0,0,1661,1595,0,64974.0
1,0,0,1,0,1,0.0,1,0,0,1,1,0,4,2024,1,2,7,1,0.0,0.0,0,1714,1567,0,89535.0
1,2,5,1,3,4,7.0,1,1,0,1,0,0,4,2020,1,2,5,0,3.5,35.0,0,1714,1494,0,128407.0
3,0,1,0,1,1,9.0,1,0,0,0,1,1,1,2023,1,2,7,0,4.5,63.0,0,1623,1531,0,61640.0
4,0,1,7,0,3,5.0,3,0,1,0,1,0,5,2021,1,2,5,0,2.5,25.0,0,1661,1531,0,139100.0
4,2,3,0,2,3,3.0,2,1,0,1,1,1,7,2024,1,4,12,1,0.75,36.0,1,1661,1551,0,141551.0
4,0,4,7,0,2,11.0,0,1,1,1,0,1,4,2024,1,4,9,0,2.75,99.0,1,1661,1611,0,116403.0
2,2,2,1,1,0,14.0,2,0,0,1,1,1,9,2024,1,3,10,1,4.666666666666667,140.0,1,1626,1595,0,63278.0
4,1,6,3,2,1,12.0,0,0,1,1,1,0,3,2024,1,3,8,1,4.0,96.0,0,1661,676,0,77931.0
1,2,3,3,0,1,1.0,0,1,0,0,0,1,3,2020,1,2,5,0,0.5,5.0,0,1714,1551,0,113873.0
1,2,0,2,2,1,5.0,0,0,0,0,1,0,8,2026,1,1,4,0,5.0,20.0,0,1714,1567,0,63254.0
2,2,1,7,2,2,7.0,0,1,0,0,0,0,9,2023,1,1,2,0,7.0,14.0,0,1626,1531,0,72831.0
0,0,0,2,3,1,11.6,0,0,1,0,0,1,10,2026,1,2,4,0,5.8,46.4,0,1679,1567,0,107261.0
0,1,4,0,2,3,13.0,1,0,0,1,1,1,11,2024,1,3,10,1,4.333333333333333,130.0,1,1679,1611,1,184700.0
5,1,3,6,0,4,7.0,0,1,0,1,1,0,2,2024,1,3,9,1,2.333333333333333,63.0,0,1682,1551,0,120920.0
1,2,3,1,0,1,12.0,1,0,0,0,1,1,10,2026,1,2,7,0,6.0,84.0,0,1714,1551,0,72387.0
4,0,0,1,1,3,13.0,2,1,1,0,0,0,12,2026,1,2,3,0,6.5,39.0,0,1661,1567,0,123962.0
1,0,3,2,2,3,9.0,1,1,0,0,1,1,8,2024,1,3,9,0,3.0,81.0,0,1714,1551,0,61640.0
5,1,2,4,1,3,0.0,1,0,1,1,0,0,12,2025,1,2,4,0,0.0,0.0,0,1682,1595,0,152431.0
2,2,3,5,0,1,3.0,1,0,1,0,0,1,11,2026,1,2,4,0,1.5,12.0,0,1626,1551,0,74004.0
5,0,0,3,3,1,7.0,1,0,0,1,0,0,2,2022,1,1,3,0,7.0,21.0,0,1682,1567,0,122014.0
2,1,4,5,0,2,0.0,0,0,0,0,0,1,4,2026,1,1,3,0,0.0,0.0,0,1626,1611,0,83992.0
2,0,3,1,0,2,1.0,2,0,0,0,1,1,4,2026,1,2,7,0,0.5,7.0,0,1626,1551,0,98800.0
3,0,2,3,0,2,3.0,1,1,0,0,1,0,12,2026,1,2,6,0,1.5,18.0,0,1623,1595,0,111183.0
1,2,3,0,3,3,2.0,2,0,1,1,0,1,7,2026,1,3,7,0,0.6666666666666666,14.0,1,1714,1551,0,140079.0
0,0,2,0,3,3,0.0,0,0,0,1,0,0,9,2021,1,1,3,0,0.0,0.0,0,1679,1595,1,174200.0
4,1,0,6,0,2,10.0,0,0,1,0,0,0,3,2025,0,1,1,0,10.0,10.0,0,1661,1567,0,85253.0
2,0,2,7,2,2,4.0,3,0,1,1,1,1,3,2025,0,4,11,1,1.0,44.0,1,1626,1595,0,102243.0
3,2,2,1,2,2,4.0,1,1,1,0,0,0,8,2026,0,2,3,0,2.0,12.0,0,1623,1595,0,75922.0
1,0,0,5,1,4,7.0,1,1,1,1,0,0,4,2025,0,3,6,0,2.333333333333333,42.0,0,1714,1567,0,136731.0
1,0,5,3,2,1,14.7,1,0,1,0,1,1,1,2024,0,3,8,0,4.9,117.6,0,1714,1494,0,62850.0
4,1,0,6,2,1,6.0,0,0,1,1,1,1,7,2022,0,4,11,1,1.5,66.0,1,1661,1567,0,78991.0
2,0,6,0,1,1,7.0,2,0,1,1,1,1,7,2020,0,4,11,1,1.75,77.0,1,1626,676,0,82804.0
5,1,5,4,1,1,5.0,1,0,0,0,0,1,12,2025,1,1,3,0,5.0,15.0,0,1682,1494,0,100832.0
2,0,1,5,2,2,11.0,2,0,1,0,0,1,5,2025,2,2,4,0,5.5,44.0,0,1626,1531,0,108454.0
4,0,4,2,2,3,7.0,1,1,1,1,1,1,1,2025,2,5,13,1,1.4,91.0,1,1661,1611,0,144682.0
5,2,0,5,2,1,13.0,3,0,0,1,0,1,3,2021,2,2,6,0,6.5,78.0,1,1682,1567,0,115277.0
5,0,2,6,2,1,6.0,2,1,1,1,1,1,4,2023,2,5,13,1,1.2,78.0,1,1682,1595,0,151299.0
4,0,3,6,2,2,7.0,0,0,1,1,0,0,2,2025,1,2,4,0,3.5,28.0,0,1661,1551,0,96960.0
1,2,2,0,2,2,13.0,2,0,0,1,1,0,1,2021,1,2,7,1,6.5,91.0,0,1714,1595,0,107309.0
3,0,1,0,2,1,13.8,2,0,1,1,1,0,6,2022,1,3,8,1,4.6000000000000005,110.4,0,1623,1531,0,102241.0
5,0,0,2,0,3,7.0,3,0,0,1,0,1,3,2026,1,2,6,0,3.5,42.0,1,1682,1567,1,172731.0
4,0,0,3,2,1,1.0,1,0,1,1,1,1,3,2024,1,4,11,1,0.25,11.0,1,1661,1567,0,86259.0
5,0,0,4,2,4,8.0,1,0,1,1,1,1,2,2021,1,4,11,1,2.0,88.0,1,1682,1567,0,158094.0
2,0,0,7,0,3,2.0,1,0,1,1,0,0,1,2021,1,2,4,0,1.0,8.0,0,1626,1567,0,147134.0
4,2,2,0,2,3,7.0,0,1,1,0,1,1,1,2020,1,4,10,0,1.75,70.0,0,1661,1595,0,123358.0
4,2,4,6,2,1,3.0,1,0,1,1,0,0,8,2020,1,2,4,0,1.5,12.0,0,1661,1611,0,61640.0
3,0,2,5,2,1,8.0,2,1,1,0,1,1,1,2022,1,4,10,0,2.0,80.0,0,1623,1595,0,61640.0
4,0,3,1,1,3,7.0,1,1,0,1,0,0,4,2025,2,2,5,0,3.5,35.0,0,1661,1551,0,135516.0
1,2,3,6,0,2,10.0,3,0,0,0,1,0,9,2020,2,1,4,0,10.0,40.0,0,1714,1551,0,86436.0
2,2,4,6,0,3,5.0,0,1,0,1,0,0,7,2020,2,2,5,0,2.5,25.0,0,1626,1611,0,110810.0
2,2,4,3,2,3,1.0,1,0,1,1,0,0,11,2026,2,2,4,0,0.5,4.0,0,1626,1611,0,112696.0
3,0,4,7,2,2,7.0,1,0,0,0,0,1,4,2025,2,1,3,0,7.0,21.0,0,1623,1611,0,106605.0
2,0,2,6,2,2,8.0,2,1,1,0,1,1,2,2026,2,4,10,0,2.0,80.0,0,1626,1595,0,113873.0
2,0,1,2,1,3,2.0,2,0,1,1,0,0,2,2024,2,2,4,0,1.0,8.0,0,1626,1531,0,131480.0
1,1,1,4,2,3,4.0,0,0,0,0,0,1,12,2025,2,1,3,0,4.0,12.0,0,1714,1531,0,108483.0
0,0,3,4,3,1,12.0,2,1,1,1,1,1,5,2023,0,5,13,1,2.4,156.0,1,1679,1551,0,128900.0
4,1,2,7,1,2,7.0,0,0,1,0,1,0,1,2026,0,2,5,0,3.5,35.0,0,1661,1595,0,91602.0
5,0,0,1,0,2,7.0,2,0,1,0,1,1,9,2025,0,3,8,0,2.333333333333333,56.0,0,1682,1567,0,113873.0
2,0,3,1,0,2,1.0,1,0,1,0,1,0,9,2021,1,2,5,0,0.5,5.0,0,1626,1551,0,92089.0
1,1,3,1,1,3,6.0,1,0,0,1,0,0,1,2026,1,1,3,0,6.0,18.0,0,1714,1551,1,202887.5
2,0,4,3,1,3,7.0,1,0,0,1,1,1,2,2020,0,3,10,1,2.333333333333333,70.0,1,1626,1611,0,125128.0
4,0,4,4,0,2,14.0,1,0,1,0,0,0,12,2021,0,1,1,0,14.0,14.0,0,1661,1611,0,70950.0
5,0,5,2,2,1,3.0,0,0,1,1,1,1,1,2025,0,4,11,1,0.75,33.0,1,1682,1494,0,145151.0
2,1,3,7,2,3,12.0,2,0,1,0,0,1,12,2021,0,2,4,0,6.0,48.0,0,1626,1551,0,110487.0
4,3,1,3,1,2,7.0,0,0,0,0,0,1,9,2026,0,1,3,0,7.0,21.0,0,1661,1531,0,106932.0
6,1,0,4,1,4,5.0,3,1,1,1,1,0,8,2024,0,4,10,1,1.25,50.0,0,40,1567,0,103932.0
1,0,2,6,1,1,1.0,2,0,0,1,0,0,8,2024,0,1,3,0,1.0,3.0,0,1714,1595,0,80824.0
4,0,0,4,0,2,8.0,2,0,0,0,0,1,6,2025,0,1,3,0,8.0,24.0,0,1661,1567,0,107049.0
1,2,4,6,2,1,1.0,1,1,1,1,0,0,3,2022,0,3,6,0,0.3333333333333333,6.0,0,1714,1611,0,84135.0
0,1,3,2,1,3,9.0,1,1,0,0,0,0,9,2024,0,1,2,0,9.0,18.0,0,1679,1551,0,136200.0
3,3,3,4,2,3,5.0,2,1,1,0,0,0,1,2022,0,2,3,0,2.5,15.0,0,1623,1551,0,96329.0
5,3,3,5,0,3,11.8,2,0,0,1,1,0,1,2023,0,2,7,1,5.9,82.60000000000001,0,1682,1551,0,113873.0
3,0,3,5,2,3,7.0,1,0,0,1,1,1,7,2024,0,3,10,1,2.333333333333333,70.0,1,1623,1551,1,163691.0
4,0,1,5,1,3,0.0,1,0,1,0,0,0,8,2021,0,1,1,0,0.0,0.0,0,1661,1531,0,118200.0
1,2,1,6,3,2,1.0,0,0,1,1,1,1,8,2025,0,4,11,1,0.25,11.0,1,1714,1531,0,113873.0
2,2,1,5,0,1,4.0,0,0,1,0,1,0,10,2025,0,2,5,0,2.0,20.0,0,1626,1531,0,61640.0
5,2,1,5,0,2,5.0,1,1,0,0,1,1,7,2020,0,3,9,0,1.6666666666666667,45.0,0,1682,1531,0,141168.0
2,0,6,4,0,2,3.0,0,0,1,1,1,1,8,2023,0,4,11,1,0.75,33.0,1,1626,676,1,202887.5
2,0,6,5,0,1,6.0,1,1,1,1,0,1,1,2025,1,4,9,0,1.5,54.0,1,1626,676,0,88433.0
1,0,0,6,0,3,2.0,1,0,1,0,0,1,5,2021,1,2,4,0,1.0,8.0,0,1714,1567,0,127600.0
5,2,3,2,0,3,1.0,2,1,1,1,0,0,6,2025,1,3,6,0,0.3333333333333333,6.0,0,1682,1551,0,157969.0
2,0,0,4,0,2,7.0,0,1,0,1,1,0,1,2025,1,3,9,1,2.333333333333333,63.0,0,1626,1567,0,120434.0
3,3,0,5,0,1,7.0,0,1,0,0,1,1,5,2023,1,3,9,0,2.333333333333333,63.0,0,1623,1567,0,94478.0
3,0,1,5,1,1,5.0,2,0,0,1,1,1,1,2024,1,3,10,1,1.6666666666666667,50.0,1,1623,1531,0,78608.0
5,0,2,4,2,3,7.0,2,0,1,1,0,1,1,2026,1,3,7,0,2.333333333333333,49.0,1,1682,1595,1,167225.0
0,0,5,4,2,1,14.0,0,1,1,1,0,1,9,2026,1,4,9,0,3.5,126.0,1,1679,1494,0,147413.0
3,0,4,4,0,3,1.0,1,1,1,0,1,1,2,2021,1,4,10,0,0.25,10.0,0,1623,1611,0,145331.0
4,1,0,3,2,1,9.0,3,0,1,1,1,0,1,2020,1,3,8,1,3.0,72.0,0,1661,1567,0,84069.0
5,0,2,4,2,2,9.0,2,1,0,1,0,1,7,2025,1,3,8,0,3.0,72.0,1,1682,1595,0,160767.0
2,0,3,1,3,2,12.4,0,1,0,1,0,1,11,2026,1,3,8,0,4.133333333333334,99.2,1,1626,1551,0,100097.0
1,0,0,0,1,1,2.0,2,0,1,1,0,0,10,2026,1,2,4,0,1.0,8.0,0,1714,1567,0,82904.0
2,0,0,6,1,1,1.0,1,1,1,1,0,0,9,2023,1,3,6,0,0.3333333333333333,6.0,0,1626,1567,0,88034.0
2,0,0,3,0,1,4.0,0,1,0,0,1,1,8,2020,1,3,9,0,1.3333333333333333,36.0,0,1626,1567,0,99953.0
3,1,6,0,0,3,7.0,0,0,1,0,1,0,3,2020,1,2,5,0,3.5,35.0,0,1623,676,0,113873.0
2,0,1,0,0,2,8.0,3,1,0,0,0,0,11,2025,1,1,2,0,8.0,16.0,0,1626,1531,0,113991.0
0,0,0,3,0,3,10.0,1,1,1,0,0,1,5,2022,1,3,6,0,3.333333333333333,60.0,0,1679,1567,0,151246.0
0,0,2,0,0,4,2.0,1,0,1,0,0,0,6,2023,1,1,1,0,2.0,2.0,0,1679,1595,0,119063.0
4,0,5,1,0,3,7.0,2,0,1,0,1,1,11,2020,1,3,8,0,2.333333333333333,56.0,0,1661,1494,0,122693.0
0,3,0,1,0,3,5.0,2,0,1,1,0,1,5,2022,1,3,7,0,1.6666666666666667,35.0,1,1679,1567,1,184036.0
3,2,0,4,1,1,14.0,0,0,1,1,1,0,1,2025,0,3,8,1,4.666666666666667,112.0,0,1623,1567,0,78672.0
1,2,5,2,0,2,12.0,0,0,1,1,1,1,1,2023,0,4,11,1,3.0,132.0,1,1714,1494,0,113532.0
1,0,1,5,2,3,7.0,0,0,1,0,0,0,2,2020,0,1,1,0,7.0,7.0,0,1714,1531,0,116017.0
5,3,2,0,2,2,10.0,0,1,1,1,1,1,4,2020,0,5,13,1,2.0,130.0,1,1682,1595,0,158300.0
2,2,3,4,0,2,0.0,2,1,1,1,0,1,1,2025,0,4,9,0,0.0,0.0,1,1626,1551,0,101260.0
4,1,6,4,0,2,0.0,0,1,0,0,0,0,6,2024,1,1,2,0,0.0,0.0,0,1661,676,1,202887.5
3,0,0,6,2,1,7.0,0,1,1,0,1,1,2,2020,1,4,10,0,1.75,70.0,0,1623,1567,0,70651.0
5,1,4,6,2,1,0.0,1,0,1,0,0,1,1,2024,1,2,4,0,0.0,0.0,0,1682,1611,0,103231.0
0,0,6,3,2,3,3.0,1,0,0,1,1,0,10,2022,1,2,7,1,1.5,21.0,0,1679,676,1,188389.0
4,0,3,6,0,3,8.0,0,0,1,1,0,0,10,2022,1,2,4,0,4.0,32.0,0,1661,1551,0,101731.0
3,1,1,0,2,3,3.0,1,0,1,1,0,0,2,2024,1,2,4,0,1.5,12.0,0,1623,1531,0,117143.0
4,1,1,5,0,4,9.0,0,1,1,1,1,1,7,2022,1,5,13,1,1.8,117.0,1,1661,1531,0,104388.0
4,2,5,4,2,1,0.0,2,1,1,0,0,1,12,2020,1,3,6,0,0.0,0.0,0,1661,1494,0,113873.0
2,0,0,6,0,1,14.0,1,1,0,0,0,0,6,2023,2,1,2,0,14.0,28.0,0,1626,1567,0,113873.0
0,0,1,3,2,2,6.0,3,1,0,1,0,1,5,2025,1,3,8,0,2.0,48.0,1,1679,1531,0,127217.0
1,0,3,2,1,3,7.0,1,1,0,1,0,0,9,2026,1,2,5,0,3.5,35.0,0,1714,1551,0,131178.0
2,0,0,1,2,2,13.0,1,0,1,1,1,1,9,2026,1,4,11,1,3.25,143.0,1,1626,1567,1,202887.5
4,1,5,0,2,2,7.0,1,1,0,1,1,1,11,2026,1,4,12,1,1.75,84.0,1,1661,1494,0,115896.0
2,0,6,4,0,1,9.0,1,0,0,1,0,1,1,2026,1,2,6,0,4.5,54.0,1,1626,676,0,93527.0
5,0,5,2,3,1,13.0,1,1,0,0,1,1,3,2026,1,3,9,0,4.333333333333333,117.0,0,1682,1494,0,118372.0
0,1,2,1,1,0,7.0,0,1,1,1,1,1,5,2023,1,5,13,1,1.4,91.0,1,1679,1595,0,126023.0
3,2,5,2,0,3,4.0,0,0,1,1,0,1,2,2023,1,3,7,0,1.3333333333333333,28.0,1,1623,1494,0,127688.0
1,2,0,4,2,1,11.0,2,1,1,1,1,0,8,2024,1,4,10,1,2.75,110.0,0,1714,1567,0,76291.0
4,2,4,3,1,3,6.7,0,0,0,0,0,1,11,2024,1,1,3,0,6.7,20.1,0,1661,1611,0,106842.0
2,1,2,0,0,1,9.0,2,0,1,1,0,1,10,2025,1,3,7,0,3.0,63.0,1,1626,1595,0,65418.0
5,2,0,4,2,2,7.0,1,1,1,0,1,0,2,2025,1,3,7,0,2.333333333333333,49.0,0,1682,1567,0,128272.0
3,1,2,3,3,2,1.0,2,0,1,0,0,1,4,2023,1,2,4,0,0.5,4.0,0,1623,1595,0,85546.0
0,2,0,2,2,2,8.0,3,1,1,1,0,1,1,2020,1,4,9,0,2.0,72.0,1,1679,1567,0,142100.0
1,0,1,4,2,1,9.0,1,0,0,1,0,1,8,2022,1,2,6,0,4.5,54.0,1,1714,1531,0,96509.0
1,1,1,1,1,1,6.0,2,0,0,1,0,0,5,2022,1,1,3,0,6.0,18.0,0,1714,1531,0,62955.0
1,0,0,6,1,2,12.0,0,1,0,0,0,0,8,2024,1,1,2,0,12.0,24.0,0,1714,1567,0,113873.0
5,0,5,6,2,3,5.0,2,0,0,0,1,0,9,2026,1,1,4,0,5.0,20.0,0,1682,1494,1,176346.0
4,3,1,5,0,3,5.5,0,0,1,0,1,1,2,2025,1,3,8,0,1.8333333333333333,44.0,0,1661,1531,0,140134.0
6,0,0,1,0,2,10.0,0,0,1,1,1,0,10,2023,2,3,8,1,3.333333333333333,80.0,0,40,1567,0,93370.0
5,0,1,5,2,4,8.0,2,1,0,1,0,0,7,2025,2,2,5,0,4.0,40.0,0,1682,1531,0,100819.0
1,0,1,4,2,1,12.0,2,1,1,1,0,0,11,2024,2,3,6,0,4.0,72.0,0,1714,1531,0,83620.0
1,1,4,6,1,3,5.0,0,1,0,0,0,0,6,2025,2,1,2,0,5.0,10.0,0,1714,1611,0,95106.0
5,0,1,0,0,4,14.8,0,0,1,0,0,1,9,2021,0,2,4,0,7.4,59.2,0,1682,1531,0,115169.0
4,0,5,3,0,1,3.0,1,0,1,1,1,1,9,2022,0,4,11,1,0.75,33.0,1,1661,1494,0,105300.0
0,0,5,5,1,1,0.0,2,0,0,0,1,0,9,2024,0,1,4,0,0.0,0.0,0,1679,1494,0,103200.0
5,0,3,5,2,1,11.5,0,0,1,0,0,1,10,2026,0,2,4,0,5.75,46.0,0,1682,1551,0,89561.0
3,0,2,1,1,2,6.0,0,1,0,0,0,1,4,2025,0,2,5,0,3.0,30.0,0,1623,1595,0,106000.0
3,1,0,4,0,1,11.0,1,1,1,1,0,0,6,2026,0,3,6,0,3.6666666666666665,66.0,0,1623,1567,0,61640.0
0,1,5,7,2,2,11.0,2,0,1,0,0,1,7,2021,0,2,4,0,5.5,44.0,0,1679,1494,0,124829.0
0,2,5,3,0,3,7.0,0,1,1,0,0,1,7,2025,0,3,6,0,2.333333333333333,42.0,0,1679,1494,0,113873.0
1,2,2,2,1,2,3.0,2,0,0,1,0,1,8,2021,0,2,6,0,1.5,18.0,1,1714,1595,0,95424.0
5,1,3,0,1,1,14.0,1,0,1,1,1,1,4,2026,0,4,11,1,3.5,154.0,1,1682,1551,0,131287.0
0,1,0,3,2,1,0.0,2,0,1,0,0,0,12,2021,1,1,1,0,0.0,0.0,0,1679,1567,0,89814.0
4,0,4,2,0,3,13.0,2,0,1,1,0,0,6,2021,1,2,4,0,6.5,52.0,0,1661,1611,0,160864.0
3,1,0,2,2,4,7.0,1,1,1,0,1,1,11,2021,1,4,10,0,1.75,70.0,0,1623,1567,0,121411.0
4,0,1,5,3,3,11.0,2,1,0,0,0,1,10,2025,1,2,5,0,5.5,55.0,0,1661,1531,0,123215.0
4,2,4,5,2,3,5.0,0,1,1,1,1,1,1,2022,1,5,13,1,1.0,65.0,1,1661,1611,0,144458.0
5,0,1,5,2,0,7.0,0,0,1,0,0,1,1,2022,1,2,4,0,3.5,28.0,0,1682,1531,0,96222.0
5,3,6,5,1,2,1.0,0,1,1,1,0,1,3,2021,0,4,9,0,0.25,9.0,1,1682,676,0,137135.0
5,0,5,6,0,3,9.0,2,0,0,1,0,0,3,2020,0,1,3,0,9.0,27.0,0,1682,1494,0,154288.0
4,0,1,5,0,1,3.0,1,1,1,1,0,1,3,2022,0,4,9,0,0.75,27.0,1,1661,1531,0,112440.0
3,0,0,6,1,3,10.0,0,1,0,1,0,1,11,2025,0,3,8,0,3.333333333333333,80.0,1,1623,1567,0,141012.0
5,0,1,7,2,4,3.0,1,1,1,0,0,1,1,2021,0,3,6,0,1.0,18.0,0,1682,1531,0,121463.0
3,0,0,1,0,2,5.0,2,1,1,1,0,1,12,2024,0,4,9,0,1.25,45.0,1,1623,1567,0,112900.0
2,0,5,4,3,3,12.0,2,0,1,1,0,1,7,2023,0,3,7,0,4.0,84.0,1,1626,1494,0,140253.0
0,1,6,2,3,2,12.0,1,0,1,1,1,0,2,2023,0,3,8,1,4.0,96.0,0,1679,676,0,127426.0
2,1,3,0,0,1,10.0,1,1,1,0,0,1,9,2024,0,3,6,0,3.333333333333333,60.0,0,1626,1551,0,61640.0
3,1,2,3,1,1,4.0,2,1,1,0,1,0,5,2023,0,3,7,0,1.3333333333333333,28.0,0,1623,1595,0,63317.0
4,0,0,5,2,1,7.0,0,1,1,0,1,0,6,2025,0,3,7,0,2.333333333333333,49.0,0,1661,1567,0,113873.0
0,0,3,1,0,3,0.0,1,0,0,1,1,1,3,2025,0,3,10,1,0.0,0.0,1,1679,1551,1,171397.0
2,1,5,5,0,2,11.0,1,1,0,1,0,1,11,2024,0,3,8,0,3.6666666666666665,88.0,1,1626,1494,0,94547.0
5,2,2,7,0,1,10.0,2,1,0,1,0,1,11,2021,0,3,8,0,3.333333333333333,80.0,1,1682,1595,0,117875.0
2,3,5,2,0,1,7.0,0,1,0,0,1,1,11,2026,0,3,9,0,2.333333333333333,63.0,0,1626,1494,0,74708.0
0,2,6,0,3,4,7.0,2,0,0,0,0,1,1,2025,0,1,3,0,7.0,21.0,0,1679,676,0,152317.0
3,2,4,4,1,1,10.0,0,1,0,1,0,1,1,2020,0,3,8,0,3.333333333333333,80.0,1,1623,1611,0,68310.0
4,2,4,3,2,1,7.0,2,0,1,1,1,0,1,2026,0,3,8,1,2.333333333333333,56.0,0,1661,1611,0,81813.0
4,0,2,7,2,2,7.0,1,1,0,0,0,1,12,2020,0,2,5,0,3.5,35.0,0,1661,1595,0,109085.0
3,0,1,6,3,3,5.0,1,0,0,1,1,1,10,2020,0,3,10,1,1.6666666666666667,50.0,1,1623,1531,0,160248.0
0,3,2,6,2,1,2.0,3,1,1,1,1,0,6,2020,0,4,10,1,0.5,20.0,0,1679,1595,0,105808.0
2,0,1,7,1,1,13.6,2,1,1,0,0,0,1,2024,2,2,3,0,6.8,40.8,0,1626,1531,0,65993.0
5,0,3,0,1,2,11.0,1,1,0,0,1,1,1,2023,2,3,9,0,3.6666666666666665,99.0,0,1682,1551,0,158394.0
0,0,3,6,0,1,14.0,0,1,1,1,0,0,5,2025,2,3,6,0,4.666666666666667,84.0,0,1679,1551,1,202887.5
3,2,1,5,1,2,14.0,2,1,0,1,1,1,5,2022,2,4,12,1,3.5,168.0,1,1623,1531,0,117661.0
3,0,4,6,0,2,1.0,3,0,1,1,0,1,10,2022,2,3,7,0,0.3333333333333333,7.0,1,1623,1611,0,117991.0
4,0,4,4,0,3,5.0,1,0,0,0,1,1,8,2026,2,2,7,0,2.5,35.0,0,1661,1611,0,124969.0
1,0,2,0,0,3,0.0,2,0,1,1,1,1,12,2021,2,4,11,1,0.0,0.0,1,1714,1595,0,61640.0
4,0,5,1,2,2,5.0,2,1,1,1,0,1,7,2024,2,4,9,0,1.25,45.0,1,1661,1494,0,100148.0
0,2,5,3,0,3,5.0,0,1,0,0,0,1,7,2024,2,2,5,0,2.5,25.0,0,1679,1494,1,164326.0
1,0,2,4,2,3,0.0,0,0,1,1,0,1,4,2022,2,3,7,0,0.0,0.0,1,1714,1595,0,131017.0
5,0,3,1,2,1,0.0,0,0,1,0,0,0,11,2020,2,1,1,0,0.0,0.0,0,1682,1551,0,89728.0
4,1,1,2,0,2,13.0,1,1,1,0,0,1,5,2026,2,3,6,0,4.333333333333333,78.0,0,1661,1531,0,87258.0
2,2,4,3,2,2,7.0,1,1,1,1,0,1,12,2026,2,4,9,0,1.75,63.0,1,1626,1611,0,103300.0
2,0,0,3,1,2,8.0,2,0,1,1,0,0,1,2024,0,2,4,0,4.0,32.0,0,1626,1567,0,112289.0
1,0,3,3,2,2,14.0,0,1,1,0,0,1,3,2020,0,3,6,0,4.666666666666667,84.0,0,1714,1551,0,123716.0
3,0,5,5,3,3,14.0,1,1,0,1,0,1,3,2020,0,3,8,0,4.666666666666667,112.0,1,1623,1494,0,123803.0
4,2,6,4,1,3,11.0,0,0,0,1,1,1,12,2020,0,3,10,1,3.6666666666666665,110.0,1,1661,676,0,144135.0
4,2,5,0,1,2,13.0,0,0,0,1,0,0,12,2026,0,1,3,0,13.0,39.0,0,1661,1494,0,101147.0
3,3,2,0,2,1,8.0,0,0,0,1,1,0,1,2025,0,2,7,1,4.0,56.0,0,1623,1595,0,83111.0
3,3,2,5,3,3,9.0,2,0,0,0,0,1,1,2024,2,1,3,0,9.0,27.0,0,1623,1595,1,202887.5
0,0,3,1,2,1,14.0,2,0,1,0,1,1,2,2025,2,3,8,0,4.666666666666667,112.0,0,1679,1551,0,132621.0
2,1,4,3,0,2,12.0,0,1,1,1,1,1,7,2021,0,5,13,1,2.4,156.0,1,1626,1611,0,111578.0
3,0,1,6,0,3,12.0,0,0,1,1,0,1,1,2026,0,3,7,0,4.0,84.0,1,1623,1531,0,121800.0
4,3,5,6,0,2,6.0,2,0,0,1,0,1,11,2022,0,2,6,0,3.0,36.0,1,1661,1494,0,89760.0
3,0,1,4,1,2,7.0,1,1,0,0,0,1,4,2024,0,2,5,0,3.5,35.0,0,1623,1531,0,113873.0
0,3,4,5,1,1,6.0,2,0,0,1,0,1,4,2021,0,2,6,0,3.0,36.0,1,1679,1611,0,116162.0
4,2,4,5,0,1,2.0,1,0,1,1,0,0,6,2023,0,2,4,0,1.0,8.0,0,1661,1611,0,63726.0
1,0,2,4,1,1,2.0,2,0,1,1,0,0,8,2022,0,2,4,0,1.0,8.0,0,1714,1595,0,61640.0
3,0,0,7,1,3,2.0,3,1,1,0,1,0,6,2022,0,3,7,0,0.6666666666666666,14.0,0,1623,1567,0,119745.0
5,1,1,4,0,2,13.0,1,0,0,1,0,0,12,2022,0,1,3,0,13.0,39.0,0,1682,1531,0,131518.0
4,0,2,4,3,1,13.0,1,1,1,0,0,0,10,2025,0,2,3,0,6.5,39.0,0,1661,1595,0,61640.0
2,1,0,1,0,3,1.0,1,1,0,0,0,0,6,2022,0,1,2,0,1.0,2.0,0,1626,1567,0,113873.0
3,3,0,7,3,1,7.0,0,1,1,1,1,0,8,2023,0,4,10,1,1.75,70.0,0,1623,1567,0,101937.0
0,2,5,2,2,3,1.0,1,0,0,0,1,1,1,2023,1,2,7,0,0.5,7.0,0,1679,1494,0,113873.0
2,1,4,1,2,1,2.0,1,0,1,1,1,1,5,2025,0,4,11,1,0.5,22.0,1,1626,1611,0,89788.0
0,0,2,1,3,2,11.0,2,1,1,1,1,1,1,2025,0,5,13,1,2.2,143.0,1,1679,1595,1,175079.0
3,1,2,7,3,2,5.0,0,0,1,0,0,1,7,2023,0,2,4,0,2.5,20.0,0,1623,1595,0,80410.0
4,3,4,0,2,3,13.0,0,1,0,1,1,0,9,2021,0,3,9,1,4.333333333333333,117.0,0,1661,1611,0,120685.0
2,0,6,2,2,0,10.0,1,1,1,1,0,1,9,2025,0,4,9,0,2.5,90.0,1,1626,676,0,113873.0
0,1,0,6,0,4,7.0,1,1,0,0,0,1,6,2024,0,2,5,0,3.5,35.0,0,1679,1567,0,121000.0
2,2,1,7,2,1,8.0,1,0,0,1,1,1,8,2020,0,3,10,1,2.6666666666666665,80.0,1,1626,1531,0,87079.0
4,0,3,2,0,4,5.0,2,0,1,1,1,0,1,2020,0,3,8,1,1.6666666666666667,40.0,0,1661,1551,0,113873.0
3,0,5,1,2,1,0.0,0,0,1,0,1,0,6,2024,0,2,5,0,0.0,0.0,0,1623,1494,0,87851.0
4,2,1,3,1,1,0.0,2,0,1,0,1,1,1,2026,0,3,8,0,0.0,0.0,0,1661,1531,1,202887.5
0,2,4,0,2,2,2.0,2,0,1,1,1,0,1,2025,0,3,8,1,0.6666666666666666,16.0,0,1679,1611,0,140635.0
4,0,4,6,0,0,3.0,0,1,1,1,0,0,1,2023,0,3,6,0,1.0,18.0,0,1661,1611,0,113873.0
0,0,4,3,0,3,0.0,1,0,1,0,1,0,11,2023,0,2,5,0,0.0,0.0,0,1679,1611,1,175491.0
5,0,0,3,2,1,7.0,3,0,1,0,1,1,12,2021,0,3,8,0,2.333333333333333,56.0,0,1682,1567,0,137951.0
4,0,2,7,2,2,11.0,1,0,1,1,0,1,6,2026,0,3,7,0,3.6666666666666665,77.0,1,1661,1595,0,94175.0
4,1,4,3,0,3,0.0,2,0,1,0,0,0,1,2026,0,1,1,0,0.0,0.0,0,1661,1611,0,96351.0
2,0,5,5,0,1,7.0,2,0,1,1,0,0,12,2023,0,2,4,0,3.5,28.0,0,1626,1494,0,81932.0
3,0,3,2,2,2,0.0,2,0,1,1,0,0,10,2021,0,2,4,0,0.0,0.0,0,1623,1551,0,92998.0
1,1,1,4,2,2,13.0,0,1,1,0,0,1,7,2023,0,3,6,0,4.333333333333333,78.0,0,1714,1531,0,83306.0
2,1,4,1,3,3,13.0,0,1,1,1,0,1,7,2025,0,4,9,0,3.25,117.0,1,1626,1611,0,125100.0
4,0,5,4,3,3,9.0,1,0,1,0,1,0,7,2024,0,2,5,0,4.5,45.0,0,1661,1494,0,132948.0
5,0,2,4,0,1,9.1,1,0,1,0,0,0,2,2022,0,1,1,0,9.1,9.1,0,1682,1595,0,113007.0
1,0,5,5,0,3,5.0,2,1,0,1,1,0,4,2026,0,3,9,1,1.6666666666666667,45.0,0,1714,1494,1,202887.5
1,2,5,2,1,1,4.0,0,0,1,1,1,0,12,2022,0,3,8,1,1.3333333333333333,32.0,0,1714,1494,0,75804.0
5,2,1,0,0,3,1.0,2,0,1,1,0,0,2,2020,0,2,4,0,0.5,4.0,0,1682,1531,0,153205.0
1,1,1,1,2,2,0.0,3,1,0,1,0,0,3,2023,0,2,5,0,0.0,0.0,0,1714,1531,0,93265.0
3,0,4,6,1,3,4.0,3,0,1,1,1,1,12,2024,0,4,11,1,1.0,44.0,1,1623,1611,0,158537.0
3,0,0,4,1,2,6.0,2,1,1,1,0,1,7,2021,1,4,9,0,1.5,54.0,1,1623,1567,0,120829.0
2,0,3,7,2,1,2.0,0,0,0,0,0,1,8,2021,1,1,3,0,2.0,6.0,0,1626,1551,0,78423.0
1,0,4,3,0,3,6.0,1,1,1,1,1,1,1,2023,1,5,13,1,1.2,78.0,1,1714,1611,0,161983.0
4,2,0,3,0,3,14.0,1,0,0,0,0,1,6,2026,1,1,3,0,14.0,42.0,0,1661,1567,0,112830.0
4,0,1,1,0,3,14.0,0,1,1,0,0,1,2,2022,1,3,6,0,4.666666666666667,84.0,0,1661,1531,0,115869.0
1,1,2,0,0,2,6.0,0,1,1,0,1,1,5,2021,1,4,10,0,1.5,60.0,0,1714,1595,0,100721.0
1,2,5,4,2,1,12.0,2,1,1,1,0,0,7,2024,0,3,6,0,4.0,72.0,0,1714,1494,0,79735.0
2,0,3,4,0,2,13.0,1,0,1,1,1,0,1,2025,0,3,8,1,4.333333333333333,104.0,0,1626,1551,0,107526.0
4,1,4,1,2,4,11.0,2,1,0,0,1,0,10,2020,0,2,6,0,5.5,66.0,0,1661,1611,0,61713.0
0,0,4,7,2,2,2.0,1,0,0,0,1,1,3,2020,0,2,7,0,1.0,14.0,0,1679,1611,0,140281.0
0,3,5,1,2,3,6.0,2,1,1,1,0,0,1,2023,0,3,6,0,2.0,36.0,0,1679,1494,0,155846.0
0,1,2,6,2,2,8.0,1,1,1,1,0,0,1,2026,0,3,6,0,2.6666666666666665,48.0,0,1679,1595,0,128472.0
5,1,0,0,2,1,9.0,2,1,1,1,0,1,2,2024,0,4,9,0,2.25,81.0,1,1682,1567,0,111489.0
5,1,3,6,1,2,7.0,1,1,0,1,0,0,2,2021,2,2,5,0,3.5,35.0,0,1682,1551,0,127959.0
1,0,2,5,1,1,3.0,0,1,0,1,1,1,2,2021,2,4,12,1,0.75,36.0,1,1714,1595,0,89111.0
3,0,3,2,2,4,8.0,0,0,1,0,1,1,7,2026,2,3,8,0,2.6666666666666665,64.0,0,1623,1551,0,104931.0
4,0,0,0,1,3,9.0,1,0,1,0,1,1,2,2023,2,3,8,0,3.0,72.0,0,1661,1567,0,143996.0
1,2,4,6,0,3,9.0,2,1,1,1,0,0,1,2020,2,3,6,0,3.0,54.0,0,1714,1611,0,115486.0
2,1,3,3,1,2,2.0,0,0,1,1,1,1,8,2021,2,4,11,1,0.5,22.0,1,1626,1551,0,119423.0
1,2,6,4,2,2,9.0,2,0,1,1,1,1,1,2020,2,4,11,1,2.25,99.0,1,1714,676,0,116636.0
2,2,5,2,2,1,7.0,0,0,1,1,0,1,4,2021,2,3,7,0,2.333333333333333,49.0,1,1626,1494,0,77823.0
3,0,5,6,2,2,8.0,0,0,0,1,0,0,3,2024,2,1,3,0,8.0,24.0,0,1623,1494,0,92655.0
1,0,2,6,0,1,0.0,0,1,0,0,1,1,1,2020,2,3,9,0,0.0,0.0,0,1714,1595,0,96401.0
0,0,3,6,1,1,7.0,3,0,1,1,1,0,10,2026,2,3,8,1,2.333333333333333,56.0,0,1679,1551,0,141040.0
1,0,2,0,1,2,7.0,2,1,0,0,1,1,2,2025,2,3,9,0,2.333333333333333,63.0,0,1714,1595,0,123493.0
0,1,3,7,2,3,2.0,3,0,0,0,1,0,6,2025,2,1,4,0,2.0,8.0,0,1679,1551,0,113873.0
1,0,1,5,0,1,6.0,2,1,1,0,1,1,6,2025,2,4,10,0,1.5,60.0,0,1714,1531,0,113873.0
2,2,3,4,2,1,2.0,0,0,1,1,1,0,8,2026,2,3,8,1,0.6666666666666666,16.0,0,1626,1551,0,113873.0
2,0,3,0,3,2,2.2,1,1,1,1,0,0,9,2021,2,3,6,0,0.7333333333333334,13.2,0,1626,1551,0,85755.0
4,1,1,0,0,1,0.0,1,0,1,0,1,1,9,2023,2,3,8,0,0.0,0.0,0,1661,1531,0,113873.0
0,1,5,6,1,2,6.0,1,0,0,1,1,0,7,2025,2,2,7,1,3.0,42.0,0,1679,1494,0,148054.0
1,1,0,2,0,2,1.0,0,0,0,0,0,1,6,2020,2,1,3,0,1.0,3.0,0,1714,1567,0,100819.0
3,0,2,3,0,3,7.0,0,0,0,1,1,0,7,2024,2,2,7,1,3.5,49.0,0,1623,1595,0,145800.0
4,1,0,2,0,1,12.0,2,1,1,0,1,1,2,2026,2,4,10,0,3.0,120.0,0,1661,1567,0,66352.0
3,0,1,7,1,2,13.0,1,1,1,1,1,1,4,2024,2,5,13,1,2.6,169.0,1,1623,1531,0,118705.0
2,0,2,1,2,2,7.0,0,0,1,1,1,0,1,2020,2,3,8,1,2.333333333333333,56.0,0,1626,1595,0,103458.0
2,2,4,4,0,3,7.0,1,1,1,1,1,0,11,2020,2,4,10,1,1.75,70.0,0,1626,1611,1,202887.5
1,0,2,6,1,3,9.0,2,1,1,0,1,1,11,2023,2,4,10,0,2.25,90.0,0,1714,1595,0,122594.0
2,1,1,3,1,2,2.0,3,0,0,0,1,0,4,2024,2,1,4,0,2.0,8.0,0,1626,1531,0,86252.0
4,0,0,4,3,2,12.0,0,0,1,0,0,1,12,2020,2,2,4,0,6.0,48.0,0,1661,1567,0,61640.0
1,1,1,3,1,3,7.0,0,0,1,1,0,1,9,2025,2,3,7,0,2.333333333333333,49.0,1,1714,1531,0,122334.0
0,0,5,4,2,2,2.0,2,1,1,1,1,0,11,2025,2,4,10,1,0.5,20.0,0,1679,1494,0,144519.0
1,1,4,1,0,3,2.0,2,1,0,0,1,1,5,2021,2,3,9,0,0.6666666666666666,18.0,0,1714,1611,0,129244.0
5,0,1,4,0,3,9.0,2,1,1,1,0,0,1,2022,2,3,6,0,3.0,54.0,0,1682,1531,1,172958.0
1,0,4,3,2,2,0.0,2,0,1,1,0,0,2,2022,2,2,4,0,0.0,0.0,0,1714,1611,0,86694.0
0,0,2,4,1,3,6.9,2,0,0,0,0,1,9,2022,1,1,3,0,6.9,20.700000000000003,0,1679,1595,0,153231.0
1,1,4,4,1,3,0.0,2,1,0,1,0,0,10,2024,1,2,5,0,0.0,0.0,0,1714,1611,1,202887.5
5,2,0,5,2,2,0.0,2,0,1,0,1,1,10,2024,1,3,8,0,0.0,0.0,0,1682,1567,0,137944.0
2,0,4,7,1,4,6.0,1,1,1,0,1,0,8,2024,0,3,7,0,2.0,42.0,0,1626,1611,0,114468.0
4,0,0,6,0,4,11.0,0,0,1,1,0,0,1,2021,0,2,4,0,5.5,44.0,0,1661,1567,0,113348.0
1,0,3,1,2,1,1.0,3,0,1,1,0,1,9,2020,1,3,7,0,0.3333333333333333,7.0,1,1714,1551,0,70260.0
1,0,4,6,0,2,13.0,0,1,1,0,0,1,9,2025,1,3,6,0,4.333333333333333,78.0,0,1714,1611,0,109727.0
3,2,2,4,0,2,12.7,1,1,0,1,0,1,3,2022,1,3,8,0,4.233333333333333,101.6,1,1623,1595,1,202887.5
5,2,4,2,1,3,4.0,2,1,1,0,1,1,2,2022,1,4,10,0,1.0,40.0,0,1682,1611,0,154126.0
4,3,3,1,3,3,11.2,1,0,1,0,0,1,2,2026,1,2,4,0,5.6,44.8,0,1661,1551,0,111316.0
2,3,4,1,2,2,1.0,0,1,1,1,1,1,2,2026,1,5,13,1,0.2,13.0,1,1626,1611,0,96568.0
2,0,0,4,1,3,5.0,2,1,1,1,1,1,3,2021,0,5,13,1,1.0,65.0,1,1626,1567,0,155471.0
4,2,5,3,0,1,2.0,1,0,1,1,1,1,8,2020,0,4,11,1,0.5,22.0,1,1661,1494,0,89106.0
2,0,0,6,0,2,2.0,2,1,0,0,0,1,10,2022,0,2,5,0,1.0,10.0,0,1626,1567,0,102186.0
3,0,0,0,2,4,7.0,0,0,1,1,1,1,4,2024,0,4,11,1,1.75,77.0,1,1623,1567,0,132030.0
1,0,6,4,1,4,9.0,1,0,0,1,0,0,6,2026,2,1,3,0,9.0,27.0,0,1714,676,0,70310.0
5,0,0,5,0,2,9.0,1,0,1,0,1,1,7,2022,2,3,8,0,3.0,72.0,0,1682,1567,0,140823.0
3,1,6,7,0,3,14.0,1,0,1,1,1,1,2,2020,0,4,11,1,3.5,154.0,1,1623,676,0,140400.0
1,0,5,4,0,1,4.0,1,0,0,1,0,0,8,2025,0,1,3,0,4.0,12.0,0,1714,1494,0,113873.0
1,0,1,3,1,1,11.0,0,0,1,1,1,1,6,2021,0,4,11,1,2.75,121.0,1,1714,1531,0,102014.0
5,0,1,5,0,2,4.0,1,0,1,1,0,0,9,2026,0,2,4,0,2.0,16.0,0,1682,1531,0,134636.0
4,1,4,0,0,2,6.0,1,0,1,0,1,0,12,2025,0,2,5,0,3.0,30.0,0,1661,1611,0,105400.0
4,1,4,2,2,3,14.0,1,1,1,1,0,0,1,2025,0,3,6,0,4.666666666666667,84.0,0,1661,1611,1,202887.5
4,3,4,7,0,1,9.0,1,1,1,1,0,1,5,2024,0,4,9,0,2.25,81.0,1,1661,1611,0,71815.0
5,3,0,6,3,1,3.0,1,0,1,1,0,0,10,2021,0,2,4,0,1.5,12.0,0,1682,1567,0,113873.0
0,0,1,0,1,1,9.0,1,0,1,1,0,1,6,2024,0,3,7,0,3.0,63.0,1,1679,1531,0,61640.0
4,3,5,4,2,2,9.0,2,1,0,1,0,0,3,2023,0,2,5,0,4.5,45.0,0,1661,1494,0,72349.0
0,1,1,2,0,2,12.3,0,0,0,0,1,1,3,2023,0,2,7,0,6.15,86.10000000000001,0,1679,1531,0,135226.0
5,0,2,4,1,3,7.0,2,1,0,1,0,0,6,2022,0,2,5,0,3.5,35.0,0,1682,1595,0,141747.0
1,0,3,4,1,3,10.0,1,0,1,0,0,0,8,2022,0,1,1,0,10.0,10.0,0,1714,1551,0,95880.0
5,1,0,3,2,2,1.0,0,1,0,1,0,1,5,2023,0,3,8,0,0.3333333333333333,8.0,1,1682,1567,0,137892.0
5,2,4,7,2,3,7.0,0,1,1,1,0,1,3,2025,0,4,9,0,1.75,63.0,1,1682,1611,0,152400.0
5,2,2,0,0,3,4.5,1,1,0,1,1,1,5,2023,0,4,12,1,1.125,54.0,1,1682,1595,0,154439.0
4,1,4,1,0,1,7.0,0,1,1,1,0,1,5,2026,0,4,9,0,1.75,63.0,1,1661,1611,0,72330.0
5,0,2,6,0,2,7.0,2,0,1,0,1,0,9,2024,0,2,5,0,3.5,35.0,0,1682,1595,0,134716.0
5,2,0,1,0,2,11.0,3,0,1,1,1,1,5,2024,0,4,11,1,2.75,121.0,1,1682,1567,0,155054.0
1,1,1,3,2,3,8.0,0,1,1,1,0,1,6,2022,0,4,9,0,2.0,72.0,1,1714,1531,0,126745.0
5,1,4,4,1,1,4.0,2,0,1,0,0,0,10,2026,1,1,1,0,4.0,4.0,0,1682,1611,0,86575.0
5,0,0,6,1,1,7.0,3,0,1,0,1,0,5,2020,1,2,5,0,3.5,35.0,0,1682,1567,0,113873.0
1,3,6,4,1,2,8.0,0,0,1,1,1,0,12,2025,1,3,8,1,2.6666666666666665,64.0,0,1714,676,1,202887.5
3,2,3,5,1,2,14.0,1,0,1,0,1,1,12,2026,1,3,8,0,4.666666666666667,112.0,0,1623,1551,0,102671.0
4,1,2,4,1,2,4.0,1,0,1,1,0,1,8,2021,1,3,7,0,1.3333333333333333,28.0,1,1661,1595,1,202887.5
1,1,1,0,0,1,7.0,0,0,1,1,1,1,6,2020,1,4,11,1,1.75,77.0,1,1714,1531,0,87437.0
1,1,1,6,1,3,1.0,0,1,0,0,0,0,1,2026,1,1,2,0,1.0,2.0,0,1714,1531,0,95461.0
4,0,5,6,2,2,4.4,1,1,1,0,1,1,1,2024,1,4,10,0,1.1,44.0,0,1661,1494,0,113873.0
5,0,1,1,0,1,6.0,1,0,1,1,0,1,6,2020,1,3,7,0,2.0,42.0,1,1682,1531,1,202887.5
5,3,5,5,2,1,5.0,1,0,0,1,0,1,4,2024,1,2,6,0,2.5,30.0,1,1682,1494,0,131778.0
3,0,3,7,2,2,10.0,3,0,0,1,0,1,6,2026,1,2,6,0,5.0,60.0,1,1623,1551,0,99584.0
3,0,5,0,2,2,3.0,2,0,0,1,0,0,1,2024,1,1,3,0,3.0,9.0,0,1623,1494,0,119390.0
3,0,4,7,1,3,6.0,2,0,1,0,0,0,7,2023,1,1,1,0,6.0,6.0,0,1623,1611,0,115587.0
3,3,4,3,1,3,9.0,0,0,0,1,1,1,9,2021,1,3,10,1,3.0,90.0,1,1623,1611,0,116207.0
3,0,4,1,1,2,8.0,1,1,0,1,0,0,8,2023,1,2,5,0,4.0,40.0,0,1623,1611,0,109043.0
0,0,0,6,1,4,8.0,1,0,1,1,0,1,3,2022,1,3,7,0,2.6666666666666665,56.0,1,1679,1567,1,172816.0
0,0,5,0,1,2,11.8,1,0,1,0,1,0,10,2026,1,2,5,0,5.9,59.0,0,1679,1494,0,115602.0
2,0,4,3,2,3,14.0,1,0,1,0,1,1,6,2021,1,3,8,0,4.666666666666667,112.0,0,1626,1611,0,148834.0
0,0,6,2,1,2,14.0,1,0,0,0,1,0,6,2021,1,1,4,0,14.0,56.0,0,1679,676,0,151754.0
4,2,2,6,0,4,7.0,0,1,1,0,0,0,8,2021,1,2,3,0,3.5,21.0,0,1661,1595,0,102841.0
3,0,2,1,0,3,9.0,2,0,1,1,1,1,7,2020,1,4,11,1,2.25,99.0,1,1623,1595,1,164122.0
2,1,6,2,3,1,12.0,1,0,1,1,1,1,11,2020,1,4,11,1,3.0,132.0,1,1626,676,0,88360.0
3,2,1,7,1,2,13.0,0,1,0,0,1,0,3,2025,0,2,6,0,6.5,78.0,0,1623,1531,0,89373.0
5,0,5,2,2,3,12.0,1,0,0,1,1,1,8,2023,0,3,10,1,4.0,120.0,1,1682,1494,1,165209.0
2,0,1,2,3,2,12.0,1,0,1,1,0,1,1,2025,2,3,7,0,4.0,84.0,1,1626,1531,0,104625.0
1,3,0,2,1,2,12.0,0,0,0,1,0,0,5,2025,2,1,3,0,12.0,36.0,0,1714,1567,0,108018.0
5,0,2,5,0,2,1.0,2,0,0,0,1,1,6,2025,1,2,7,0,0.5,7.0,0,1682,1595,0,147675.0
4,0,0,0,1,3,10.0,0,1,0,1,1,1,2,2025,1,4,12,1,2.5,120.0,1,1661,1567,1,202887.5
3,0,3,6,2,1,10.0,2,1,1,0,0,0,2,2023,1,2,3,0,5.0,30.0,0,1623,1551,0,66469.0
4,1,1,3,0,1,8.0,2,1,0,0,0,0,6,2022,1,1,2,0,8.0,16.0,0,1661,1531,0,63865.0
5,3,1,7,2,1,2.0,1,0,1,1,1,1,8,2023,1,4,11,1,0.5,22.0,1,1682,1531,1,202887.5
4,1,0,6,1,2,4.0,0,0,1,1,0,1,11,2022,1,3,7,0,1.3333333333333333,28.0,1,1661,1567,0,111067.0
1,1,2,3,1,4,8.0,3,1,0,1,1,0,4,2023,1,3,9,1,2.6666666666666665,72.0,0,1714,1595,0,133506.0
3,0,3,6,2,3,8.0,2,0,0,1,0,1,5,2023,1,2,6,0,4.0,48.0,1,1623,1551,0,106394.0
2,2,4,5,0,2,8.0,3,1,0,1,1,0,9,2023,1,3,9,1,2.6666666666666665,72.0,0,1626,1611,0,61640.0
5,0,4,3,0,3,7.0,1,1,1,1,1,1,9,2024,1,5,13,1,1.4,91.0,1,1682,1611,1,178178.0
2,1,3,6,1,2,7.0,2,1,1,1,1,0,7,2023,1,4,10,1,1.75,70.0,0,1626,1551,0,101749.0
5,0,2,0,2,3,6.0,1,1,1,0,0,0,8,2020,1,2,3,0,3.0,18.0,0,1682,1595,0,155137.0
2,0,5,5,2,3,13.0,2,1,1,0,0,0,8,2022,1,2,3,0,6.5,39.0,0,1626,1494,0,101450.0
